bandwidth_max,bandwidth_min,bandwidth_mean,bandwidth_std,genre
3220.5902958531983,1306.7099664223902,2002.6571062203575,292.96645867352845,blues
3402.554397894613,1046.389224471495,2038.6121426557386,462.48229570774566,blues
2662.739384749383,960.2119564611468,1747.3820283592033,275.95414252812714,blues
3174.579277692678,671.0980124296594,1596.24420438572,408.21265100212,blues
2770.6955091961213,1081.6565370789604,1748.3674768917706,297.42236168117654,blues
2827.7333528580843,940.5930169544446,1729.4562590216863,449.44388777606434,blues
2682.5104348649115,763.8966896421347,1388.7255154666868,430.26969817275943,blues
2744.393862574764,794.0731903292003,1577.5518581340941,410.19294988425395,blues
2798.1281984826282,1335.7280826577703,2031.6873439517926,324.981852227533,blues
2720.010831462377,1255.128978558213,1973.6903092643117,337.94835965409806,blues
2755.992631945309,710.9854364776853,1512.9717892551323,380.69537805497123,blues
2809.5748147010017,871.5372065279594,1757.3310045214203,469.27497278070103,blues
2581.660884819979,967.3845334778617,1567.600771502297,211.96910151641993,blues
2681.1506591468706,1236.4438015859791,1827.3844642954127,279.493502538533,blues
2617.482553252717,1035.3289453993825,1705.858376666551,310.4303169323862,blues
2761.718412631717,1131.2916176052606,1730.9171014728959,285.16918569451474,blues
2719.941331351517,1127.6578765697604,1825.9090253512054,341.8276044486433,blues
2367.5512279539726,849.5416003808788,1410.8359525955855,264.1699764909565,blues
2865.289467640966,1228.358047998829,2054.2241656656934,381.4960413998074,blues
2407.5175967511964,973.8691408986492,1480.9442636776544,216.57655920034145,blues
2753.133658151537,1199.1076977839127,1911.3143994084123,297.8975222873645,blues
2377.544337113501,904.5852835594704,1480.5791609888765,264.76775448149886,blues
2233.8657821181546,864.151610258577,1497.7588839458651,243.0770485356436,blues
2379.867153626106,1101.2695368901673,1498.05460931971,227.26333663065785,blues
2391.816500610912,946.3230615772299,1447.8526253613554,231.9948575026423,blues
2304.951374414527,854.9373813907181,1463.5390705223128,194.51148724699908,blues
2588.280529347534,918.4264421765384,1573.0851135850253,289.45719894034454,blues
2312.529841198425,1086.2853098958365,1494.8508338637516,208.56774399239148,blues
2204.909166195798,933.9776889062317,1398.5093835864968,229.82468324557576,blues
3378.1707838023003,1003.6088772554924,2190.221833196449,430.48029244716093,blues
3227.1112740047824,963.5227251485605,2003.5852166131267,519.3949952393552,blues
3307.5523682406147,906.860479823139,1973.6486463349372,484.23074771858035,blues
3274.7345762621394,687.6559923268395,1883.0626115425891,533.2848659520465,blues
3314.401013148653,624.0355310207999,2075.6524159896258,524.7579183054972,blues
3210.9440064336018,831.3395699412375,2157.058611737131,401.2923240933952,blues
3243.9136192539354,966.5500093413317,2096.7176285148644,497.045579743718,blues
3117.236169767061,798.6948348685967,1907.705671481241,441.0355317219447,blues
2878.470207593164,539.3313900858734,1682.7073902573402,447.63668598300205,blues
3366.4343068704115,1028.9538734465773,2140.7028235625085,471.6955539305899,blues
3189.6284625245194,725.8789033962406,1709.3165900085075,574.7560001871474,blues
3512.3648012777285,1801.3618644830228,2356.8453845327094,224.1843759534759,blues
3555.67710872323,1878.1698205631542,2463.3748156248685,283.10342773244685,blues
3103.6545476009783,1815.662943323804,2367.7204429843246,217.4296662681475,blues
3241.497376073227,1813.9517805018268,2372.2914029216413,245.46880201550587,blues
2960.077269533474,1848.6627941423417,2375.084795360653,230.2195306183045,blues
2898.555174914511,1630.5129214931046,2290.4006080425074,255.7839937619801,blues
3280.490491071551,1621.7689971286472,2361.3904725330235,304.28295143355496,blues
2962.000438286625,1802.2179212576077,2310.2563468091757,209.82731961158933,blues
3100.3005620406675,1631.2402073018197,2204.352412830615,282.85597752734293,blues
3111.8652134443464,990.1612079396018,1904.407867464301,412.74198659551075,blues
2972.428941367235,1353.437109763943,2082.176476970467,270.8671383233973,blues
3091.377383896042,1455.3381165219366,1927.4390139939492,271.77383448734685,blues
2862.196950814686,727.0757815350097,1670.2395753061137,435.0045014418982,blues
2962.315632883987,1385.150585817628,1954.1375650013156,291.3771816979434,blues
2931.6532387545008,1237.8512309974349,1987.0908589584049,271.9926106167167,blues
3177.2391687485656,1235.5892159171974,1976.2784101361829,281.3082460119308,blues
3163.7235496416292,1030.9020423997456,2052.043015230006,346.1431961484166,blues
3033.854639185055,1226.4254690703908,1913.2319286046882,351.4699742625256,blues
2843.3246363798626,1243.4351031810947,2033.752718297799,341.17863465432384,blues
2870.8442866007226,1297.0924840454938,2100.0368056831976,224.91720348142277,blues
2675.840086695635,1354.0006551485944,1979.754673789649,236.10083739085383,blues
2877.957886416762,1780.7597556306932,2180.283243590736,184.53896889309397,blues
2906.3101836406163,1516.9001653016924,2119.671733015617,189.77069662964192,blues
3014.338776389523,1640.8887625061554,2443.943480177907,237.2529300758345,blues
2899.2116686721665,1881.7842970341258,2280.079407065619,181.20443202096132,blues
3003.0443862048264,1877.6109035687668,2372.1444394662954,211.72555246945373,blues
3051.1614827347794,1557.955262728655,2256.322435382956,213.20296758470425,blues
2967.309947731039,1651.2500980668713,2175.8838041701965,236.25407947504968,blues
3001.701974769065,1813.16946881812,2345.239509261322,217.24656878869789,blues
2831.4493856849776,1603.3445396158038,2209.5145838275416,207.22464060098284,blues
2818.756257227238,1479.8116829160283,2130.3493451661575,261.9377190302636,blues
2895.136014203566,1971.2560162168863,2286.694982623754,158.27551881644578,blues
3104.6138836869286,1883.9123955145785,2519.1202667607818,244.7522449884735,blues
3230.8562569436817,1511.0837874280915,2158.1057474084873,204.98123680671014,blues
3221.143652913167,1562.186186111331,2531.4200011820126,257.99188403099265,blues
3246.9662670638795,1392.372390059857,2255.1350442235544,314.64308614734244,blues
3144.2984124619506,1733.6483015291099,2426.0057919717665,225.3363316628698,blues
3114.312959738764,1422.106498466474,2191.4569362956945,274.8206491641863,blues
2741.1124606481985,1739.7052054648464,2227.4156272129735,175.0539168772419,blues
3009.393150148088,1794.4828877070822,2358.384491940417,177.9257098153751,blues
3045.0712083209914,1227.545189650611,1898.4550592065136,234.9320779909872,blues
2463.0228390056204,1257.6509031839487,1956.5811798892412,211.99198716499657,blues
3074.7863697346693,1587.6382097099158,2167.774082522762,273.1311577348513,blues
3246.194976690207,1737.3882509722223,2261.7026661697296,176.002307880158,blues
2913.283567493976,1455.309176774196,2085.186746639973,286.1599392341234,blues
2923.2506208312993,616.4754770635302,1674.1613164913592,430.68262130053546,blues
3276.9413926228285,474.232147511775,1634.2884054025415,579.2083246179826,blues
3072.5790363208885,753.5256999803705,1870.239190722844,383.2606309619303,blues
3292.2111807198376,669.0281695846613,1530.614586381263,388.3775459516668,blues
2878.5699205849955,549.7310714572252,1284.9474804970016,361.85828983650293,blues
3257.132637536565,708.5093154641451,1972.2597417424133,494.7803073819133,blues
2962.737033980714,523.6287972553507,1396.2619541486715,512.2539078206025,blues
3169.21502923288,535.5887796307201,1436.6652243592598,438.5351648367155,blues
3053.8284257077457,602.0029682632867,995.0934727247494,290.6163624775281,blues
3136.098388780744,667.2201871218182,1659.9856287842276,482.5483476515403,blues
3229.8285394448685,888.8861406381824,1772.842264510098,405.9957939591098,blues
3129.39141629825,809.8061183572298,1582.7654875594146,389.2939337200642,blues
2929.3252849935075,694.4607151421994,1602.301481351036,543.7336158069065,blues
2956.892927418423,1557.7844408408102,2206.5282374544868,249.58992539774601,blues
2947.580547884454,1041.230221360517,1703.687693347642,323.08184087877186,blues
2271.355377378377,988.511542328078,1559.0859497725132,209.0163857392784,classical
2090.3758185949537,985.724100371605,1441.3899481585286,180.19568936029665,classical
2160.4437862833825,1036.6236577247364,1599.8034152585285,176.66046198738516,classical
2501.5292151744243,1054.5908695916364,1499.5337306945928,245.42237207179627,classical
2171.867735432966,1199.3785943717426,1646.2565078525104,160.9047573925655,classical
2356.1316193354387,1116.0758097515782,1558.4876923967004,197.78386701887652,classical
2190.8432205063305,1049.9305071292076,1579.263977023806,173.4254424775884,classical
2220.392194992287,992.8177565968102,1516.1296305481608,219.35732053036932,classical
2332.911104743273,1146.6520631132098,1629.2851259420593,189.93508839049906,classical
2642.9518275667174,927.08937991875,1582.7629082286553,269.8682961180801,classical
2326.8482332740637,1086.7599504623429,1570.27412779044,212.42297451327545,classical
2020.5179653700384,673.6974512554917,1112.024809810108,248.94323477048277,classical
2111.1726029051283,709.5101835280967,1332.0247704883684,250.54111356735055,classical
2296.008346201656,726.6496786332425,1456.557182307487,298.07646605392836,classical
2027.9046953643185,938.2831753365988,1370.4138586187532,220.9238514532184,classical
2408.950693448644,994.4120000235197,1562.0159889691936,251.6854357828733,classical
2364.3682332423405,1009.515505121818,1455.4498536421909,222.01759160905644,classical
2154.875110895576,807.0881487527724,1417.5458835745017,284.4011250246731,classical
2228.5600341737018,728.2413021521696,1320.9789235508993,385.9200126087254,classical
2275.456385376004,982.2288258574837,1524.9012908666664,288.9874313629751,classical
2238.9568108804947,717.3596937546404,1353.7509040375294,280.9265365594621,classical
2459.321535550376,824.978205987381,1440.9709986715277,280.1539575867262,classical
2639.6795194632905,904.5297508700346,1367.10771090638,236.578299816138,classical
2177.7874431691725,1019.6243145051135,1404.132189159514,156.6420259927627,classical
1926.6341135234086,853.6990549260973,1371.3366092808901,216.42040517046152,classical
1921.2282053918707,881.8749932962007,1304.6126692005896,179.28729587610982,classical
2085.3139984160134,792.6260652499138,1311.8194364599217,231.36169682153508,classical
1614.4017482813879,818.6742920937892,1171.7473216197247,162.05666989510235,classical
2031.2938244849445,719.4118171766258,1371.0449454777104,303.0767315673022,classical
2201.9143762404124,825.5146117287889,1578.5925973788753,262.84429828596745,classical
1968.4554540117435,734.8960686381618,1358.6088245499338,240.3093817458102,classical
2052.5052571408396,529.7986017345416,1135.9254753149216,258.31976404026454,classical
1910.932077680184,850.5875583006849,1205.0929388272086,154.86719046020335,classical
2497.6562878762475,895.3465743030011,1375.955548289048,287.05108297040294,classical
2103.4703948653605,916.4070627374198,1465.9170514375814,223.89394075599992,classical
1893.372847025496,487.71072856299014,1152.1288726581117,325.89513747438536,classical
2459.9352452962453,875.1381214007663,1502.8916713219419,365.35726472152953,classical
2054.015472034514,928.5074418507954,1465.094524943989,235.4186843519187,classical
2058.9225243171245,626.8554975958486,1338.7980925677125,222.01556117243098,classical
2753.6680414309344,1102.9185276037415,1734.7827972472467,284.42768236371137,classical
2278.2884497702016,881.9238914521258,1525.2553826470232,259.3793398773838,classical
2070.0350459038596,807.2365246294161,1415.4533806589639,202.12643000244458,classical
2004.8951422262185,971.9865911728829,1326.8652103756965,185.28631165131873,classical
3484.3359879487243,1039.2783998739387,1552.5799223752228,405.365118721141,classical
3203.5110511231974,869.6124820505529,1412.1789062974676,311.41771396093714,classical
2172.7634344160524,1134.8924013458097,1502.8373917896085,175.79446209016425,classical
2697.1348949910766,1350.9071471849772,1965.0287148775699,230.7835566606401,classical
2195.5696990711513,1258.370704308482,1517.8561600310422,125.41336116531154,classical
2973.571202842155,955.6758464102959,1642.833503999772,516.6589845798326,classical
3130.8696937154314,1730.1820482191624,2274.325029336197,319.68617148966644,classical
2752.343869154817,1275.606379744427,1595.6359967772798,229.69359743802627,classical
3038.1455876746004,1178.7728419540424,2079.667989641171,442.93162032053425,classical
3717.439208076772,1361.2789564035895,2436.324834174198,446.7857664836994,classical
2439.8332511871035,1026.8942968314159,1554.8186019854109,308.32454690471843,classical
3224.7900698590356,1287.0785470557885,1607.5252142600073,222.7505877317758,classical
2426.6160400510244,806.9608273207342,1389.265569907319,424.7485595813331,classical
3196.5566074830886,1229.972360028749,1706.9703105436854,230.3214943334365,classical
3577.159928566478,995.9340583661884,1930.4928790693548,426.6465855033454,classical
2697.2792520167163,1106.4476955845885,1480.5844175140012,252.03026735999478,classical
2569.9623687674343,994.6267629102539,1651.7061355577518,263.11247868407077,classical
2818.0741261233675,1173.6358973237775,1898.0267312490416,354.20855226738564,classical
3733.6988239401817,961.2469272790703,1591.2842180910677,457.61268926885805,classical
3501.6634796242192,1121.509377544665,1813.3646553642493,514.9681572170574,classical
2241.11042286415,796.6103759892198,1358.3864433997483,279.2519333307349,classical
3110.6849453949567,867.2528014435028,1945.03349987308,567.2109308233835,classical
2481.6067714712276,809.8034090013876,1326.0473263494414,334.29670367374445,classical
2781.0067556248246,793.1365626153287,1296.1593174680145,351.9882138329968,classical
3628.0857492846394,830.9253098380228,1702.2297461756393,760.0087136520393,classical
2419.789237930411,1072.2356273314815,1616.12749073748,215.43094722870092,classical
2428.392595354681,1106.2846482159518,1523.0865017100539,186.45370112873388,classical
2460.727751323102,989.3535354445124,1615.894676814051,271.7605034816214,classical
2172.234552986597,1015.1827977801067,1574.0882216999757,222.97701210987748,classical
2431.746371196939,1100.4679939581827,1660.0260786998304,268.34589216123317,classical
2194.057994420609,552.0974019535956,1337.8952916711362,303.2322923074848,classical
2284.6887116273674,978.1222895824491,1572.5229885314488,241.5614468587382,classical
2117.649151524905,1065.2223559430622,1467.205560997903,195.97901896885443,classical
2490.4520564726045,991.0726785836188,1539.1191533239646,223.16655640675674,classical
2212.8316553724944,633.407624289337,1009.4095311461737,272.8306693498749,classical
2410.6186110963367,705.7414664704869,1030.6024311092372,282.8501821646365,classical
2322.4566356449623,620.8859634896219,899.9797789458347,209.76648741037852,classical
2884.808391532074,909.0885917824127,1617.4354313948209,455.39986089096595,classical
2393.2810787105223,960.8833031269297,1540.2928528182033,234.12379572363497,classical
2313.8809281978947,729.7794181695499,1449.1088963511536,256.2122918243145,classical
2314.1650953466856,732.4566765955859,998.6102746188851,168.08979842196175,classical
2378.491342104344,811.4573123969952,1152.4626817309706,154.71700211506283,classical
3233.994934223032,746.6802677078842,1588.161024179431,446.5086578512689,classical
2858.4918743836415,704.9305994480112,1495.1921282803266,406.9324328259468,classical
2593.3890271584896,764.2165600116523,1108.692090987957,230.50019608897315,classical
2827.011130216785,1068.7156324216571,1455.7217288349132,221.75705906157975,classical
2375.1592665952408,1474.3368338626694,1884.746702496826,141.52479023069188,classical
2386.657525461097,1411.749368125602,1883.380392497024,204.45715310761426,classical
2497.4914545843417,1336.557888761918,1912.0379428056215,166.379603685288,classical
2497.4877443136684,1055.8593331221725,1438.8246682362696,226.34047811357286,classical
2258.5784172034278,880.577220945951,1551.4812348870905,281.02145823164483,classical
2604.153115252987,1173.6569982599376,1697.0207078023498,221.53693079257172,classical
2420.871811597742,1066.7064984763713,1780.902187048635,250.89776777499645,classical
2214.9238681080055,1363.336834074649,1740.2334653987623,165.33552780998005,classical
2268.456484193506,1128.1342289743802,1670.832600469215,177.98083672636977,classical
2293.3934500628116,1447.2739190260584,1865.8515444814873,150.0855033748871,classical
2369.8172280358463,1493.263820738209,1868.9287956236994,146.63702560466447,classical
3902.6617559017027,1717.8451200287548,2847.6574703898277,325.5267385947725,country
3731.102387195179,2125.475413359779,2839.59074697038,202.51299984687148,country
3915.8551849520154,1857.7201482425905,2618.095240012336,316.64432686843367,country
3766.266359340005,1518.5110294651088,2281.0587605655046,454.83073377480997,country
3632.468884120718,1966.6049967005715,2848.1234945484007,272.9461336809565,country
3658.7976964083214,1896.0885661840355,2736.268564687911,272.0208700105337,country
3496.003225322464,1957.2214532039975,2773.173156547683,327.18074035589166,country
3681.8357915377564,2018.897151477482,2878.9661650174226,308.4945989494256,country
3505.8248409231464,1602.6297362293826,2573.515127997919,345.2823937003408,country
3633.4130529134654,2036.4803253897098,2948.0978828413713,262.1756821243415,country
3517.4055020569,1492.8689618342728,2127.180213747359,370.6423064597664,country
4020.9915147188904,1533.5634328650644,2798.400070597471,449.1035388694203,country
3512.0318345953297,1191.7213325385126,2053.1917199508885,528.3884475349198,country
3928.7156015637784,1630.2700169990203,2842.0825955928744,418.73022205477406,country
4062.109945869873,2093.3932311604026,3036.206123342045,354.2497700269117,country
3384.2061638143123,1251.4175951446514,2147.1033968085803,320.9043425031136,country
2447.038320679899,965.0541770374184,1648.614822998325,331.4112553245406,country
2780.386647937054,1039.445004523059,1959.9876648904399,446.5459199705902,country
3921.190045302155,1490.6386930425658,2370.019441655384,379.4013046034289,country
2798.321736305438,883.2898478184608,1462.045441705588,274.14324000319294,country
3679.73481287542,1255.3762050736357,2533.2309412694153,391.92858985040465,country
2861.180583878507,972.734415780856,1393.0237315989993,226.99813921194615,country
3425.4440062359317,1567.3009797796838,2141.934289625417,327.53341888769626,country
4014.712174422431,1422.1488794010213,2333.0838753700323,496.04082645884256,country
3122.0932159746803,1124.928504822478,1907.3936480574062,399.2372568732253,country
3598.0769050129666,1236.2430956729174,2016.5056376183138,386.6138915209231,country
2982.8633102639033,1069.9386008316756,1702.2960296263795,366.0415517369851,country
3397.677749846521,1310.229234878697,2140.549516369328,410.3933360735966,country
3188.606541885717,1406.8140979711031,1885.7963026424757,278.606050445794,country
3811.7975037779674,932.7231796790744,1555.385033338294,391.7020950367028,country
3588.9619780561356,1090.4222359317437,1996.8404274058428,534.4884869016197,country
3946.1880628443932,1329.439555817,2187.749613650686,456.2456918230797,country
3419.795967852414,1240.0284431796993,2206.2579743770693,461.9399687763005,country
3475.965377252285,1324.5068801296804,2387.5299085675065,391.7024748837103,country
3735.7538431300904,1327.4552232296503,2655.918174421465,526.5693479421448,country
3783.8893017150426,1675.759218509492,2545.6257559218316,394.8696511037149,country
3463.9843344163837,1278.3264236564844,2050.5855349346625,369.3283750229901,country
3730.5791266537713,1469.5404492503862,2437.8452687068216,479.036012872142,country
3716.231324112921,1798.2702079964818,2919.862947557659,383.90353477058466,country
4247.225224167489,1999.9099732212092,3053.066772071668,357.29057296668117,country
3656.2521031662895,1747.6282908062033,2560.461682598952,350.81783361424,country
4234.347301948147,1866.006751690403,2898.654345156604,483.4325885153766,country
3960.085545409404,1596.3344570965614,2715.9968533310735,344.62470354036276,country
3522.5478039637737,1494.5325273721635,2491.487169300888,365.4041927019698,country
3808.950636089786,1058.925392219176,2248.63995485007,550.1378420264007,country
3560.386233158225,1612.4800619512978,2647.6622146018613,344.7845697656956,country
3460.5999063164013,1469.512887222089,1933.8739158947221,293.71251173375,country
3506.6827594284705,1347.81653695711,1840.1470653155945,273.1110829141577,country
4022.883491227315,1291.0082474762912,2482.432245782169,404.36535688933617,country
3825.6703274551214,1179.790960085761,1826.5452507071222,359.5835217254808,country
3185.4282619772666,936.4738346086147,2035.9825106696699,400.1285115512798,country
2982.8229466263942,900.5996901183157,1848.6019397419568,368.367770806685,country
3250.4108375770534,912.6759775709219,1662.9965163860272,375.0739580008235,country
3170.927210561683,1530.213035794321,2297.1096207015034,246.3006989272456,country
3151.787804317554,1141.5002336379891,2105.525008444776,368.28868677086865,country
2958.1876492544034,1228.3849897117268,2116.2376572888334,291.8318498743733,country
3452.434840270698,921.6124525465849,1960.7336228258177,403.01026015541504,country
3500.025405733017,1046.919957432838,1985.7625461770392,399.45893865221393,country
3390.5750265579245,1068.433586975546,2148.301255246917,355.65325038217713,country
3341.8632283479874,654.5801403028953,2011.4662788054172,565.0055982919847,country
3344.210982871208,844.5524107196161,1930.2022838056657,547.6781374403243,country
3253.3479443585143,887.5292297885151,1895.9827783932235,497.8822703191552,country
3191.5280278909618,1494.893168131865,2277.7405543048712,265.5156417497669,country
3320.778637047594,528.7788635547378,2016.8360436755318,575.5897135052201,country
2827.23150743296,831.7128992049937,1865.6110491831867,381.6749851910501,country
2868.463894772191,602.0194800563872,1195.3880119644828,316.84913547445296,country
2383.9327212062776,1034.7796830400744,1709.0344178457024,245.68750842300423,country
3310.5066181763586,626.1329898112632,1237.676622792213,412.98806599302384,country
2914.781951442338,849.7854248617939,1458.3870781440771,401.0236767221032,country
2735.4211974518425,898.6191009926667,1632.800522709617,261.6668265285666,country
2851.2384496238233,1033.721966928253,1970.0773804153632,314.24580300184317,country
2869.16276090264,700.4505332048227,1395.9041022553927,454.3151371261353,country
2836.7868945909318,1272.7765206520144,1873.5602978211668,298.84040300363205,country
2885.3234677846003,1054.467730427766,1823.8559847346337,406.67584731118677,country
3047.712341515339,789.4224912518248,1696.8473504546298,449.9906711852382,country
2869.365069871349,1501.6198923083382,2242.0976880797634,207.68479612455783,country
2863.764614688323,560.8379079219187,1409.2266088295155,491.56458388681074,country
2995.626453030125,964.5165225502631,1558.1150005906072,251.37233475519722,country
3076.4045471824115,818.7116257045459,1443.3419748781544,404.2316531492896,country
3107.152217507475,541.6046596782986,1234.8596843244084,509.1042766295228,country
3117.3929126640173,1178.9926587795107,2188.355870952227,465.19121251908825,country
3304.7722639483163,1207.96185636792,2152.1839840652588,334.1514334606743,country
3013.276683003915,1405.139675472437,2261.407343709703,296.0615108596715,country
3213.898917849898,748.9356328437757,1729.5975022904781,400.00149300923044,country
3282.0148365898217,1260.8534430138845,2036.6950918225118,294.3097893606881,country
3119.62506101001,1176.6285812225437,1853.2491397608767,319.2557802159073,country
3478.603288450314,824.2195255213323,2085.606346236809,341.41548599170847,country
3137.4931618376095,827.809090388944,1805.887270693313,354.0514505562683,country
3043.8118985655074,1189.643963545617,1963.4443414863993,360.4566026182162,country
3372.0674836466374,807.8610204327007,1667.2663194986121,467.66643160761083,country
3041.6693664381314,1240.1514979699216,1972.1304879086315,288.3542787468366,country
3051.6024731592947,1110.6691544079229,1779.2175687733927,377.5091596381344,country
3503.9085421722293,1818.6971208231507,2212.4728152369603,242.42144070290306,country
3158.505024716753,1042.2071615131633,1716.1980065914727,309.5707390856351,country
3073.3870763401064,1059.0519228804349,1745.8524865844113,389.8427892552401,country
2996.936260081942,1155.8386252885268,1761.5697040540892,343.5767303069077,country
3259.2483268014958,1290.6708593213514,1861.9987406267715,344.3879765681345,country
3231.8954418823578,1130.9438224331593,1782.7974964815671,409.3051150018723,country
3194.7855892585353,1049.8349099891207,1690.6857069627008,345.8866211017664,country
3226.663803301079,1401.7350544069964,2160.088659089048,296.23024111003906,country
3606.819425589451,1459.5943954365505,2566.041549076115,438.8333833369336,disco
3899.4143131238134,1633.5427208565145,2766.2269939321727,371.67910606212837,disco
4166.425062406605,2587.4129872581047,3398.2514759074643,264.8413472250797,disco
3544.0541978934248,1653.6297988424355,2722.6250367403604,372.856014041821,disco
3980.6120214863067,2164.0660395924497,3111.82129331732,365.95348439799466,disco
3421.831599232402,1618.720445433336,2569.2334476510578,298.8253555692673,disco
3529.797141928202,1738.092895212067,2490.649615391577,281.5517887023198,disco
3742.472289088601,1691.3047878628918,2728.313581500485,359.56574549021025,disco
3702.1292389525174,1601.309827962321,2424.96101766997,313.70974343359137,disco
3646.632460085915,1527.0828903385557,2623.3927918022673,412.88978462403196,disco
3545.1906924162345,2019.5783765710053,2624.146129924466,276.52695384867,disco
3855.193497831709,1946.2105983110982,3007.9676708741654,332.5358828610608,disco
3634.1025475508213,1568.2657661444941,2613.798191544122,360.0003108691896,disco
4167.753671041503,2035.6400462599308,3108.97168394989,295.97366006700634,disco
3429.5451303858335,1861.6837524112057,2812.6634815434513,241.5763437825153,disco
4167.386650614614,1067.6299213038337,2806.6080821145583,564.4705254808031,disco
3805.094157920895,1436.1215543789892,2564.570367987845,427.205819970806,disco
4079.5406549738505,1369.4498482534623,2670.267567230185,542.6898751282476,disco
4187.107632965753,2003.7684628414606,3001.112961625111,332.6946815116644,disco
4114.97193180564,831.2015148935266,2143.8992865618725,747.3600333722411,disco
3039.6148027694308,925.2942753805083,2114.9873976299077,438.76261082375515,disco
3955.8780182127653,1721.4479457003165,3305.018067249885,472.3229176340839,disco
4149.970718960753,1852.0811817301442,3249.3744817446714,334.9650657956967,disco
3881.9998480011013,1682.010990440882,2934.9943699628348,316.19713046737604,disco
3857.6555278395617,1529.1087245786389,2709.990168607656,360.5367452212228,disco
4111.032132723497,1456.0781976621045,2575.804759862201,454.3086225680036,disco
4213.762750526028,1634.1327950056439,2969.134343573965,347.0560930012535,disco
4032.543641380826,1443.6112283659745,2990.754025181939,517.9792394845051,disco
4046.5588821602164,2359.2344681345107,3188.443143791837,289.3521929770218,disco
4231.200114678258,2000.9473277673424,3031.88121491094,345.258995859774,disco
3781.940294146974,1621.735764163187,3047.6442413871246,283.22405716114815,disco
3895.542091273512,2117.9476376483085,2898.0842097355207,305.4680339639963,disco
3743.9057026024298,1201.4342005392227,2449.6203958121146,463.93841504093024,disco
3392.32666575251,1334.9316455678766,2388.143724906623,418.3861801874664,disco
3981.1507613578196,2540.9031294430984,3234.173423066761,248.87316408739682,disco
4095.587962457568,2042.8429451554935,3229.6523585773034,327.795402270515,disco
3957.6551760429415,1883.9064268497712,3013.270649856495,268.40830854639444,disco
4088.7002196376448,2066.724512951472,3198.867839116986,247.31591665217346,disco
4044.148142377346,1863.9129554321398,2987.3670578864026,333.9502588333263,disco
3647.4343066865904,1315.1991936919605,2432.2106054815545,506.3603868206029,disco
3905.6383501414975,1535.287621907363,2533.4004118731464,355.3431837907395,disco
4002.956889407955,1362.9511952280634,2452.7444237649756,555.2114526624785,disco
3422.4512346425972,1217.3291374205025,2395.0072402328256,388.3879886120205,disco
4186.884584433434,1021.8644234806928,2760.7195925587516,731.8776356367187,disco
3958.4211183400516,1070.8066590870499,2437.648116006645,494.856989534635,disco
3753.362892957284,1201.0324954049483,2368.7379081176323,571.8063863202829,disco
3241.6172219952878,1457.182530624629,2272.8689550436047,370.86354390826426,disco
3155.5887309843856,1164.1394352173525,1620.146458877159,343.75276767068755,disco
3329.4065284677495,1288.486920593367,2155.8346499552295,309.1716584870698,disco
3408.015516889981,1326.5170418472164,2208.533772312713,366.77288952518325,disco
3230.333228180097,1445.3635959736873,2258.5350356208737,260.9616060943484,disco
3120.490105575713,1656.9932927085636,2309.0391095527593,231.1989333496316,disco
3152.354146989376,1588.5024003801598,2163.102496150791,259.13156709305525,disco
3532.4583534454505,1056.6335520895116,2709.966604134875,385.85093325431285,disco
3699.136823054814,1403.2883213404498,2533.6870787540383,336.68438680290905,disco
3280.722617393309,1348.6692330777316,2072.634967216557,346.65496310610456,disco
3316.785702560794,874.4770665051741,2043.011136533515,361.420035004398,disco
3332.8985006036287,1571.5498928823372,2099.9488830310074,257.46619997093586,disco
3274.5384372560643,1394.488064176078,2245.2102774314485,314.3337141608291,disco
3524.33751817268,1034.5490136371645,2269.7688540915146,390.19865634374594,disco
3365.381079675369,1144.3878508468079,2090.0411850830155,424.76981094653394,disco
3556.1602776355653,1094.9462235803303,2486.0206503202985,368.2152097052857,disco
3404.0238755817086,1159.8523699816978,2191.0049202857704,315.73121058299915,disco
3651.642200470549,1361.5803216831337,2626.3562860001193,351.1478217980393,disco
3451.9753869918795,1234.82577892727,2404.159447021192,398.6313068328863,disco
3252.513553605645,1313.1526935019458,2191.1875941440153,323.7426286788184,disco
3256.155146439797,1348.04453815339,2277.9018385387562,334.45036770981136,disco
3336.7713699764104,1593.2207311737945,2289.3365137558035,251.638083234098,disco
3417.0565220515227,1714.943995238269,2599.7401874935344,287.7254374618078,disco
2890.539458246449,1606.1309884543086,2208.963753529001,207.92109689421318,disco
3225.2099916243806,1456.8291326371534,2311.913697939667,250.9742674394295,disco
3117.7630722826493,1902.964869921187,2530.893093662174,226.01482493475993,disco
3289.396079231079,1675.599531400265,2302.2475448685236,279.361057108864,disco
3281.482009121394,1790.296112678543,2460.2125329576893,228.52615506396472,disco
3069.6391612257235,1821.9271132794322,2383.928166336963,227.50756144619865,disco
3297.3873818555426,1850.3773911612918,2480.5060011527908,225.8123199590525,disco
3292.990693926782,1157.5957378312396,2165.4098583269297,280.59508307457645,disco
3227.5660692420443,1270.5090445904482,2277.8689541787294,310.66456382369955,disco
3607.9174640607766,1429.419118446969,2306.993918686184,367.90183396830435,disco
3057.013237295143,1159.7895897365247,2348.189624517725,313.0567336066038,disco
3320.4042246459676,1447.3922682721077,2414.2415108249616,322.6535502881335,disco
3207.934543429565,991.2578797172034,2208.341002282435,398.0777075128056,disco
3501.8030625008087,1029.0762121662674,2387.371045064154,466.52569637600055,disco
3411.488511014971,1128.9104461664147,2210.9024033887117,375.638460310876,disco
3049.7008773510042,1317.7343016157135,2100.1276133782126,298.74682661057017,disco
3348.400495940292,2045.6498474242283,2745.8235600968997,236.52527611441616,disco
3254.4719491750025,1125.9153514071618,1875.2458292872518,367.24797264804283,disco
3416.945914050109,1326.000204033207,2190.274508033097,313.6827117320311,disco
2613.7977252328724,1360.0634710042355,2023.5212360349892,217.4878532641552,disco
3315.4776942662606,1233.22582119389,2109.2513463740006,396.8477708378735,disco
2919.4347463408935,1503.5709410050142,2396.769294897613,309.6257431172721,disco
3583.2367089310283,1010.2648195170035,2079.237240557308,500.1158809093261,disco
3205.0603367516046,1257.6475053169113,2400.7893666931413,353.2997414312858,disco
3160.8589993798605,1197.8500596648894,2302.6189119749583,341.68335637567293,disco
2871.0796884105735,1530.6390264879112,2353.7923808592336,296.15710628423494,disco
3388.040060191843,1313.5464025425106,2277.162194916742,416.4310637918947,disco
3319.034917236524,1481.494573040131,2178.6164228640005,263.86429399554663,disco
3247.828234234918,1684.4030779025056,2680.669868456835,260.96936875045907,disco
3250.2949889304,1505.1941576895185,2431.704296372022,287.3453637854376,disco
3250.2949889304,1505.1941576895185,2431.704296372022,287.3453637854376,disco
3232.9209368066704,1003.2985559222782,2351.0688564095326,328.4389720626784,hiphop
3575.2901012552616,1288.2737430351874,2441.3214421720677,397.91205237410713,hiphop
3459.0317179975214,868.3297993514121,1909.932603543049,483.07708538880206,hiphop
3730.7061599662798,1098.1731014247482,2330.676977983758,441.2062351973362,hiphop
3824.375345338893,366.80685770377454,2359.4560811659453,606.1955531582303,hiphop
3419.664432383806,1510.6722307723483,2510.9024055663854,220.29599155320213,hiphop
3638.01652754147,1251.5579248234226,2640.2091955526066,404.30828889752235,hiphop
3890.5773289002655,1285.705488859078,2269.215625639368,457.88537399770644,hiphop
3710.7047665366126,1346.0426828308878,2349.3382039357643,322.59238481959727,hiphop
3867.250291811105,1031.597363884597,2285.5985835698157,506.50202330714455,hiphop
2765.865873161169,1189.704938002127,2116.597718539633,206.25504087266256,hiphop
3319.0581038749033,1495.144916431148,2240.6908549991404,332.8155603715393,hiphop
3375.7370270927026,1266.9237951096968,2109.9506108592527,294.1620136984187,hiphop
2893.475364204799,569.9695905364384,1687.3198366868671,674.6648824206726,hiphop
3222.8619270164136,1206.8096328759307,2117.484685195795,310.174374434951,hiphop
3118.619531495172,1544.6189112118063,2345.8719745893427,251.87727428980662,hiphop
3880.349610839887,1457.525933873566,2247.58525245438,331.59379563529535,hiphop
3919.1248468608987,1597.955547753316,2358.912870449232,285.7425125303531,hiphop
3316.2203521541487,1443.2039827132867,2337.2768174510984,320.74443598403684,hiphop
3915.0912932131287,1009.024597277306,2410.2596335836483,627.2177991298198,hiphop
3321.5206856885634,1189.7471351437612,2262.4187225973824,305.50252668976213,hiphop
3248.4983029173886,1461.9361140040337,2268.5435115193277,301.14028662125287,hiphop
3476.787880240354,1245.8269800446644,2272.7738003821046,381.4983184265476,hiphop
3120.828634758036,1632.6478780408083,2193.80283660428,253.83258292275482,hiphop
3717.171093003449,1414.9475731356943,2163.404393206643,419.6578287244484,hiphop
3410.9697647438447,1545.3499409126366,2227.2594591232964,302.8659601436682,hiphop
3948.582005567988,1715.6901495000038,2916.898258677833,334.5497249224472,hiphop
3938.9194208156982,1487.6178380919785,2630.998667206225,464.95668231913197,hiphop
3828.1365326990776,1564.7895585212104,2700.5093969520885,408.98576306825134,hiphop
3917.9880029486267,1860.013094100072,2854.600844540468,326.27136431658437,hiphop
3785.641209556926,2716.302613622545,3204.967735625189,196.7676746146491,hiphop
3748.5266488422644,1971.9807666068552,2970.6179556585494,321.41350981013665,hiphop
4388.471173611455,1368.6417736868402,2441.6699495371527,487.38441819748044,hiphop
3903.116317861625,1814.7192304710013,2730.392873019435,435.6086908634777,hiphop
3569.237212245978,2191.9446618468824,2735.961011575237,229.77640685496613,hiphop
3938.2727266759425,1512.0622822906748,2830.7288638626774,406.5430127707105,hiphop
3997.2908656967757,0.0,2558.133507509356,560.5404161742164,hiphop
4005.783211759253,0.0,2830.835515705929,550.0991149642296,hiphop
3507.115850703761,0.0,2213.2035125248535,775.7065040372776,hiphop
4207.626505226663,0.0,2941.2325978731283,518.9669287879987,hiphop
4273.06481780419,0.0,2783.18252890799,712.9316141598274,hiphop
3838.665961388057,0.0,2664.5979653228887,394.13045428135666,hiphop
3867.5166016668504,0.0,2763.7327112290814,386.7430453322906,hiphop
3985.775523488847,0.0,2225.1515448230534,680.9378382170174,hiphop
4164.897483082572,0.0,2344.839596922312,508.8219900654236,hiphop
4207.626505226663,0.0,2941.2325978731283,518.9669287879987,hiphop
4068.029634454875,1304.0544834075488,2601.5436234736057,453.6928945717388,hiphop
4132.777264059048,2173.0638453301544,3272.1557175123257,388.5728197650994,hiphop
3664.4804558449086,897.4584326932624,2682.0326325191636,529.2829159564255,hiphop
4246.244529148983,2266.40815904886,3055.570474969715,311.9459071592818,hiphop
4239.438204697763,1022.152829412344,2428.0939660345407,591.1889652813045,hiphop
4175.085009861828,1342.7617018223293,2578.083186440226,472.92159441776664,hiphop
4184.919637889506,1550.4740470583056,2881.612646132595,488.31001561764674,hiphop
4085.371430816594,1441.2019627010502,3220.8563157681233,490.7020325159881,hiphop
4154.577908308521,2337.6561830986398,3321.2330226289887,337.2129145780479,hiphop
3510.5423531627894,1133.3531044894155,2055.9870270371875,380.78001207142296,hiphop
3786.2649593899782,1398.7173609792144,2496.9197748300835,335.8460423014601,hiphop
3623.7180630035705,1229.6555501942557,2279.3855196079658,328.39425403527105,hiphop
3748.8385594561514,1600.0138184648197,2413.9218973648713,357.87546312269325,hiphop
3879.0016077708906,1222.4390493721237,2286.590322035985,528.829664923803,hiphop
3690.270363760747,1299.6473759105816,2052.410769207456,361.05037566288587,hiphop
3785.0997711937707,1204.1793583589695,2201.295031320188,343.95579710312035,hiphop
4244.144429454455,841.4587064276993,2508.117491587648,574.8710306008586,hiphop
3887.604779434927,995.1399924460229,2494.736859953833,507.97812453466804,hiphop
4041.9738985837585,1477.1158399705696,2575.176802069238,368.468443248542,hiphop
3992.1953326688335,1286.4753823280387,2779.9431285412384,530.102865814276,hiphop
3672.20695468859,1076.5696784758743,2484.13788195315,410.1335141200481,hiphop
4044.366841037421,1668.9137179838517,3025.057123387906,439.90919165622097,hiphop
3904.614452346313,1429.9684168503065,2748.003671355101,391.50929013839857,hiphop
4489.664155145061,1885.9529846859903,3139.542709628799,293.2374162345701,hiphop
4236.819558136244,1445.6421028301895,3049.660753194057,566.5631588119508,hiphop
4055.794615278349,1498.6299062924109,3286.5737701900225,338.3367442672544,hiphop
4357.406509009912,1232.4744503142088,2521.696700974703,556.4974431861538,hiphop
4234.417504125416,1528.940483833425,2942.3925463213805,492.5265986816698,hiphop
3748.352597988296,1692.5122439810598,2712.623765835616,342.4601360335947,hiphop
4095.422983436056,1412.6481393036574,2849.9772071086522,370.0774353858796,hiphop
4073.802167262516,940.734438261253,2627.2294756996926,609.0497035490787,hiphop
3890.0637356743064,1531.7625816478521,2899.973573350732,468.72356237804604,hiphop
4073.802167262516,940.734438261253,2627.2294756996926,609.0497035490787,hiphop
4295.369490745425,1488.3234304677585,2834.048891833408,576.2237082429725,hiphop
4079.382846848098,2083.3471763302045,2996.5226326530496,369.1962600120669,hiphop
3078.9519378097107,1021.0505855719321,1954.5243316110661,424.72135830966084,hiphop
3177.186715731882,1700.9735465269555,2181.5890270548866,242.8595319054907,hiphop
3263.854995390516,1575.9566314489578,2303.345664451828,260.29344058704277,hiphop
3204.756886189116,898.7312909139731,1933.7322920543413,374.46997899592947,hiphop
3187.6538627950536,1789.9353250563036,2392.1949497096625,233.51536585998176,hiphop
2989.854416455559,1124.0053121963756,2197.9591095996975,330.0716817725119,hiphop
3133.821421224356,1729.2565820971286,2499.681708533667,248.3601452668824,hiphop
3332.409679436381,1679.9345238256221,2389.235016373303,222.65350739839516,hiphop
3290.845033749512,1683.4891566078986,2396.6483337431555,266.1471671308408,hiphop
3333.560122715397,1768.0033190000686,2327.2378040672497,228.64348114233414,hiphop
3230.329725554445,1505.431424085682,2350.956242281642,227.70497140704805,hiphop
3570.959049031847,1918.0060834629367,2664.20568155357,264.6224847819032,hiphop
3273.660554164814,2081.686728352182,2603.5388708854666,169.91723632704444,hiphop
3429.34764910455,1215.3042727971033,2249.244728745017,362.9247587139124,hiphop
2894.8942850166122,1670.5400787833526,2295.4561051547175,225.61723997931523,hiphop
2585.150774276705,1136.128340715651,1811.3360784393851,262.24656960202225,hiphop
3157.2754333452112,1901.9354990705303,2526.2174648426726,199.13393343165762,hiphop
3345.7804178023257,1729.755551966961,2341.4445993217428,221.31909143253725,hiphop
3144.195806365052,1131.1660312853967,1917.2885221975553,360.66605368479804,hiphop
3142.358339720264,911.9162940318681,1754.5156756722536,532.6608702722954,jazz
3263.0139018721748,855.144212657403,1691.318453973268,466.36336409374405,jazz
1665.4218306601413,554.6880133252068,1050.3378105344923,249.26470791790578,jazz
2597.3202531770135,506.56064797391605,1059.1794281516657,468.751456856023,jazz
2828.1640813118847,831.6428244205828,1422.1939176750468,277.36719934180365,jazz
2874.0202412942467,415.08760323653735,1546.1054636279964,486.4486432913627,jazz
2634.5457303033118,559.7495343843472,1459.4988050080308,373.49119717597415,jazz
2416.2290575072143,597.3616214965758,1355.8759398685718,245.63410962938633,jazz
3008.1319491996796,572.7398586825116,1636.5500743177174,343.62988851881306,jazz
2409.5699361638235,706.5246922341721,1211.0045033267872,295.4117913210883,jazz
1906.840285197837,440.21291011760866,1037.796303207989,254.4790320900353,jazz
2954.7425083403305,1448.67205435811,2107.9239765239076,315.15549855022476,jazz
2913.872946119792,1370.34503933847,2040.7692527822674,324.04847069557155,jazz
2907.009434650699,1740.772331448363,2312.900589917457,221.425634599904,jazz
2138.120449498934,666.1093838977577,1277.7354153125023,260.75674874101367,jazz
2941.996851661856,1508.3911892606418,2061.9944759854943,300.8686707019202,jazz
2730.3158214207688,1229.3029919498401,1738.2788797180394,241.8552331575373,jazz
2952.558025936804,1495.9096138818657,2187.0914342430624,339.1437537463877,jazz
2625.936531000054,1665.1854293324036,2126.961868973262,189.69942036192094,jazz
2756.895146319631,1025.1478739024135,1714.8797847052017,255.96074379366087,jazz
2555.4407166084698,1131.744892445163,1677.7979508077372,285.3905243396906,jazz
2875.49921375542,1421.9284256969224,2420.4740702018385,235.438776649137,jazz
3033.5195484374535,1035.905194385628,1919.917650459386,352.3689732823394,jazz
2805.5625233496835,1302.1883706220137,2100.022545186673,268.1541920315168,jazz
2921.853302129651,1092.1813798360147,2084.7063148031057,370.0256966814003,jazz
2916.6445829877175,1381.734625032634,2065.891507810769,321.2797562087301,jazz
2898.9273678128916,852.4073963390033,1638.8353781161884,485.85799186826154,jazz
2917.82549269007,1308.6880996096195,2113.4836343734105,275.60986001885874,jazz
2882.7930736616686,1406.3630990619247,2095.722266722388,313.89751390506365,jazz
3065.9480517552824,1584.6550663919838,2259.025353373526,259.47813031554335,jazz
2792.924627636991,972.2269243936563,1762.5515004518766,243.3052789918877,jazz
2788.1070195156303,1469.8679763043604,1990.0376216706932,226.7967164598748,jazz
2923.365350965532,1043.080397273918,1909.6345909672207,430.0884260745336,jazz
2170.2502775189,1055.718063508933,1498.707689976757,227.39605077409405,jazz
2327.315882431212,1280.5484662175534,1779.6060524355994,173.5701469664953,jazz
1879.4509107601805,745.1245180465328,1104.3000795441228,162.1526180540698,jazz
2184.694703734565,1000.3256298201067,1412.3432772682534,235.83577055684592,jazz
2690.8698295821605,1070.6281931053525,1570.5673938794214,320.7399007968419,jazz
2501.0476478242567,1010.2366525602182,1774.9284674207354,247.86777693195586,jazz
1979.3195338043176,986.4270342878942,1446.3946566250477,192.93366593142477,jazz
2959.7150877268173,849.3293241180475,1475.3339719209855,308.3015748329851,jazz
2119.4692295628597,1209.9793785732768,1568.795785045771,133.3683776475664,jazz
2148.675172276877,1068.8562775899013,1548.394496692761,199.8070226581263,jazz
2810.134192392078,1086.3621787252434,1792.5429662127453,289.787845860131,jazz
2718.1917313620343,770.0066703636368,1247.0395590431806,316.1114192787388,jazz
1728.6252794770915,831.3789720974817,1186.645772727801,150.4192410495804,jazz
2031.775271556826,1014.0526344800674,1446.1021014317923,179.11071625120258,jazz
2937.3220873723976,1445.456303907466,2144.9922786362863,299.8319634042715,jazz
2774.0929428989357,1299.9480347579674,1947.6675290020937,261.79321043267333,jazz
3468.7979546235933,1571.5027568223643,2467.1780665264587,373.8927734545019,jazz
3459.580219552535,1599.271401899329,2759.6678790258893,320.01839800114544,jazz
2209.3127703475598,1115.9237454661509,1559.7834083470725,226.2748698958792,jazz
3378.5447906740783,1378.9995973281555,2593.4073695975967,384.1393011283649,jazz
2565.6172252377537,1351.741104246544,1861.8373890386385,196.66075487847425,jazz
3492.5547603482896,1495.6081616643608,2699.048002811667,471.984116184891,jazz
2020.67234047821,845.9261763128371,1205.5205435452197,165.88070328506703,jazz
3594.7347231307767,1798.3150517060294,3036.4064414220557,251.87109723085436,jazz
3029.4114099324056,1154.4408209621556,1773.5371047411497,294.7953508363217,jazz
2353.633847751247,1151.4031836509703,1581.2424966250715,238.27764996249587,jazz
3401.665380784389,1244.7446226783275,2136.074872882176,493.07796182012595,jazz
3149.7135590005873,1274.5268576309381,1887.534865256853,390.5271450454441,jazz
3352.834659399383,1935.1898687471853,2654.902318241985,290.55601773987894,jazz
3144.0666689113564,1205.7865425997556,2091.1137406343883,322.35102505914176,jazz
3542.0718930123016,1995.3984708314615,2687.0691132733155,279.00890611891487,jazz
2896.2604171998933,1457.665152499593,2069.892648844259,307.4667178724148,jazz
2053.0108432811094,1084.0469036792294,1518.9947756807796,181.79474464177468,jazz
2727.6345545787995,1076.6111214514249,1853.5460037131775,235.3134901274747,jazz
3115.9568945779665,948.3585963171731,1566.7887578707468,310.5222800845138,jazz
2226.4092817324936,1221.4796922037551,1642.9065019208094,191.99439110007097,jazz
3535.0256767847673,1537.7830055646461,2227.0498756520587,371.7897579519589,jazz
3315.01215801799,1073.4545679086198,1545.4654905273173,378.93476748588233,jazz
2141.2939645136294,928.2764989965264,1301.6522166310951,158.01703179647308,jazz
2253.2759796847395,1128.1957620190922,1554.5046777789096,192.89168545664634,jazz
3690.869297948372,2025.222590106182,2922.5207115847206,394.421946524169,jazz
3835.783594765838,1580.7890692483647,2552.5429673284516,524.9435260021377,jazz
3856.6998525425465,1900.3799507520741,2855.118951821222,391.13182905989567,jazz
3684.1715068410354,1476.564314667726,2068.043896072566,417.26996895573217,jazz
3572.747053280354,1716.1067255395142,2691.2404902363446,360.6451259974504,jazz
3795.593866040551,1753.8452197865465,2598.480216405167,438.8194138308824,jazz
3733.1758898468943,1794.5082967968272,2728.502507694643,344.4902470514985,jazz
3790.2461568595195,2184.492552552441,2828.8683421392757,254.38278447750113,jazz
4213.24177249201,1643.3866285763213,3302.6763016970644,423.0698402685557,jazz
4061.0068466843522,1986.7903921538455,3328.954589412816,369.08234223271,jazz
3907.4580959998325,2146.4262744831344,3147.7807554891115,324.94411499176834,jazz
3721.2185792234814,1880.881436917153,2802.5978548145486,346.9776728672909,jazz
3654.21993808422,1845.981346469383,2566.5628642724682,317.7307633562056,jazz
3820.0742647549714,2226.629434382482,3220.9346749712095,259.69157813862273,jazz
3768.465865787617,1500.5391131838985,2730.8698086494505,584.8707685814819,jazz
3929.271725656601,1679.7619675889903,3007.4099701323025,480.166289662196,jazz
3357.973778431911,1620.906172956593,2485.681987650569,387.4279013882044,jazz
3626.9943250088913,1534.8739923817323,2569.510975822074,426.3324756341697,jazz
3511.000863431795,1777.2393416321738,2832.9030173041097,352.6033197446061,jazz
3661.4463671518815,1769.5779202112299,2794.5408554651826,429.21303027061697,jazz
3827.559114535953,1928.5017476468242,2775.027998980741,370.5728558441605,jazz
3005.3523206657146,680.1952445755877,1539.2033211853636,462.9138081372406,jazz
3212.7093593550608,1263.4360678613234,2215.8883591237463,355.34867787930784,jazz
3274.070168109163,782.7349353142076,2084.0210217990625,422.2030272840808,jazz
3134.536907496534,845.4868202797189,1752.9370879623564,432.2167503611763,jazz
3123.5794656841804,1174.5761655889269,2230.2439518931524,325.8343747832346,jazz
3161.1195743809867,947.9886705756155,2014.1643647487347,407.3765186346273,jazz
3833.5688519263103,1934.0498308141352,2722.303647080194,389.0312444745747,metal
3813.3026481010215,1936.8045345503062,2620.8528873777095,223.42858336980945,metal
3113.739458953746,1547.7502503575793,2005.8773079445991,284.6013427113112,metal
2936.448942460096,1675.490135970154,2205.6382694965614,171.3837378166331,metal
3759.8362249806314,2207.117458814123,2825.093037055638,231.038515922758,metal
3155.074540050341,1664.2508839368793,2204.4785986809425,273.7916504260823,metal
3640.9346220529937,1853.617874229385,2573.2144094561545,271.56477816319546,metal
3833.809167013053,1729.4316461891055,2522.72705886311,299.7249688122782,metal
4139.250037579574,1570.7570604922203,2758.3968686659427,531.9060433776673,metal
2983.4077899462413,1924.3716746497792,2390.1164654753866,160.8014027678204,metal
2787.579655342379,1840.7437801948645,2358.8824139902263,171.35192133597923,metal
2786.693088513628,1787.2068737144164,2240.179950263425,122.3553029696601,metal
2792.731711668886,1821.907764980993,2183.2462669393635,162.61352510256373,metal
2732.815061405538,1934.7375540949652,2303.5609513883205,135.32827855665232,metal
2626.249006825801,1765.5042665132569,2101.176611841501,185.21615406514903,metal
2967.422552703846,1810.8464929071558,2458.9986179025277,166.1307501606364,metal
3218.6365477831137,1551.5779136565275,2140.5575213431057,225.447626600889,metal
2951.630534395371,1711.176545586115,2337.227556584925,172.85017208925757,metal
2182.444769628187,1140.5951302749947,1583.4318016412708,185.4559962912372,metal
3041.029160832312,1734.6498540369416,2324.2365705347333,238.3237774198965,metal
2890.8690884869015,1529.2239509296114,2345.82795915143,180.87330583007056,metal
2815.8181788299753,1817.342211286229,2324.3903701811896,159.2029003003031,metal
3165.0443255163764,1849.2543534798176,2226.122937743668,135.43609906185767,metal
3348.8442184436362,1793.597906759339,2237.1069522917596,236.4544764595418,metal
3231.23884492956,1759.5604315560943,2227.706038874851,257.0953431370018,metal
3010.190760806894,1414.0264212031316,2073.302485921781,343.2793768207555,metal
2495.728650192518,1737.2193799452527,2127.0201152567274,150.13389864635087,metal
2844.3006029517046,1650.7786978685358,2218.7767900499875,155.06243846396032,metal
2961.2351763249576,1606.391996626871,2247.5527322096123,206.11724479949706,metal
3220.9459605794577,1806.7228063514306,2478.433203239821,174.49802778012645,metal
3409.4589602351734,1126.4511331359058,1868.4091442455426,369.8905130399402,metal
3390.713626204243,1784.0494248814475,2408.6174997331677,199.53268974401465,metal
3078.4331961539588,1586.5906400269448,2133.9316277990533,276.02379443864373,metal
3173.281709746462,1264.9291966445685,1929.5737682285778,296.1523377972512,metal
3113.534160055338,1614.739232909406,2235.047516021083,267.90106240160515,metal
3012.657284419226,1425.5362244769665,2339.345732710961,290.6787311402492,metal
2974.047198001626,1649.6472028790836,2317.5266106084205,185.9670445792592,metal
3087.006925267174,1717.8885288742156,2149.265803341729,210.6820761699991,metal
2979.5589576373413,1194.4789965634886,2118.4679544229975,435.8601399667509,metal
2622.3347768700983,944.8985010628551,2062.531335505995,368.2390212106004,metal
3006.827086377992,1626.6891131699747,2194.4870622898584,241.84195613711395,metal
2871.290968107464,1350.0505804305774,1928.8258972118904,297.5013600426903,metal
2701.305021327372,1510.7158947663688,2037.3001787412043,229.85358557794436,metal
3186.419317399831,1298.8215264483429,2126.7478903774354,409.7967995496085,metal
2926.6350019325696,1550.6962688284934,2242.737991754595,277.49865210195264,metal
3199.0661527399884,1211.917245294962,2027.28319770089,345.1353627208039,metal
3238.304464285165,1858.4000393708252,2321.7588424846285,168.50286323940807,metal
3593.821817281794,1727.2946441644622,2286.246871505778,246.4267070406437,metal
3398.5612655871178,1897.514802989096,2337.500799534354,199.5109450024801,metal
3517.1320942211737,1891.9949320247038,2297.409233662106,191.47025048427176,metal
3438.6613927361377,1924.316076193937,2408.755734477635,238.24920422673222,metal
3390.6798856515074,1946.664234855665,2458.6986700204625,221.90934128099047,metal
3477.872765445629,1618.9756371309047,2208.673920128476,355.795687223402,metal
3574.218461378311,1950.34029319179,2374.6262223163885,216.23108696944814,metal
3565.6637893956226,1887.2059930903788,2411.5957201197166,192.539153746944,metal
3322.0079347700002,1908.7270483773066,2361.2858615810496,215.7301285232402,metal
3348.085699808988,1928.5370337273087,2386.8322618899792,221.07551202109659,metal
3395.204561992514,1612.7756312385802,2270.6455358283033,311.8052872270044,metal
3113.318807452678,1724.8105262775957,2221.38290146545,208.8131479620361,metal
2828.0920439223632,1594.047802915401,2102.9788875464733,173.8238210700558,metal
2499.3602894481796,1656.705105841662,2066.6632800282227,192.71844050139612,metal
3006.827086377992,1626.6891131699747,2194.4870622898584,241.84195613711395,metal
2871.290968107464,1350.0505804305774,1928.8258972118904,297.5013600426903,metal
2701.305021327372,1510.7158947663688,2037.3001787412043,229.85358557794436,metal
3186.419317399831,1298.8215264483429,2126.7478903774354,409.7967995496085,metal
2926.6350019325696,1550.6962688284934,2242.737991754595,277.49865210195264,metal
3199.0661527399884,1211.917245294962,2027.28319770089,345.1353627208039,metal
3131.545092101769,1317.3229366398023,2070.9087285103187,256.0918724966913,metal
3075.9513794306386,1510.3120105974238,2069.41069989418,264.1206015321772,metal
2949.4992658789283,1235.4225157846438,2098.637822013357,274.7335986692001,metal
3308.8029266603457,1433.5164323844008,2450.815391935277,318.2049331475556,metal
3158.980820000031,1778.0338050869514,2407.4918421050593,209.59236914932072,metal
2763.704347799692,1648.5454325910275,2151.9911700068674,164.60559809293304,metal
3438.310588054333,1658.8571029290472,2461.1191860810495,326.20974607836706,metal
3315.209908518423,1719.3959231727492,2399.6293909094265,273.0133102874346,metal
3385.7838874610775,1419.2743408281804,2199.3695653359614,394.7875093366617,metal
2924.245622308835,1689.0653182108208,2250.7753980318175,311.3836125237935,metal
3142.119837888062,1813.1863468305764,2302.1472962880493,206.6059930695806,metal
3629.433516094232,1723.4173164047127,2548.1294284870396,321.6697005937062,metal
3059.888503532656,1558.2635323563356,2264.0402290344373,260.39637773764946,metal
3258.8357704451414,1810.152000921129,2497.656043394083,220.39892573809178,metal
2524.3724860648554,1458.430775954915,1970.670501448735,203.56882230118273,metal
2747.651919084258,1675.2263294263644,2092.4395569486205,182.4758092629013,metal
3180.8884339753645,1369.58298323483,2140.3012192207116,301.3663148987685,metal
3581.094050170711,1564.8397059167141,2276.0092933422015,340.31069862358186,metal
3042.0702398300577,1655.1906854098704,2256.5629950145417,243.32439084435134,metal
2988.5616679458794,1663.9052904317618,2248.236150028159,245.22117828737638,metal
3516.217613161705,2133.0729386702073,2697.044970730448,214.01033489779113,metal
3001.8897180466497,895.5939586336032,1986.9871057384553,369.5697053940898,metal
2666.7465002799754,1250.6216664788674,1726.9355167752394,233.27545954612484,metal
3267.0134717192695,1097.3353318649456,2217.392132636835,252.28895130995855,metal
3218.6615993817636,1499.1721714159403,2263.9213904251087,204.93340163302784,metal
2989.0203752816037,1545.1835780446327,2065.2601326378963,269.6029419424581,metal
2711.039782888977,1791.9591311880006,2268.080047235854,118.97279503874012,metal
3113.534160055338,1614.739232909406,2235.047516021083,267.90106240160515,metal
3491.3979425624834,1759.1268512962145,2330.7369274968855,236.14400058718442,metal
3416.521135385324,707.9830038044017,2286.3925738489643,333.7906162205024,metal
3249.3205965397106,1333.2442051819169,2112.119911332635,256.82865869747354,metal
3168.7634675032036,772.9734043482564,2115.7255800065964,358.5591850490913,metal
3264.430878369568,1425.8413839467312,2231.7505282163543,260.8789930895026,metal
4300.195258962952,1370.1884036343258,3409.811125319046,404.75954119733285,pop
4319.045127739972,1633.8963869690783,3431.802175185943,423.69059002609777,pop
4017.405712162237,2070.6518367114804,3269.5960670974273,327.2138693787734,pop
4189.13610140319,924.8009905687395,2067.012570900028,639.6008105376151,pop
4216.037756983073,1584.1451322296305,2861.410541304118,386.5817047730056,pop
3883.0261559961673,1338.200124954765,2435.9183882239063,445.02272095582526,pop
4112.446277310864,1626.4945623791787,2673.92463260098,461.8606973350072,pop
4019.8107017453876,898.7881689297163,2326.8009874151703,702.7524148753229,pop
4032.3237181713503,1638.7299842365367,3009.780057458695,376.93174071782624,pop
3913.5886348034405,2085.777373160382,3026.3931113268195,316.3977124628097,pop
3716.1839884923857,1118.1671610625876,2421.1106770862775,571.0578722229487,pop
3719.9833958986123,1579.217334489297,2579.8254964796706,457.48547908776595,pop
4058.5302047521986,1747.272911310283,2661.810280873544,438.58740180485523,pop
4015.2132180122617,1781.14991433423,2917.605908897609,489.49232259414543,pop
3920.1243725771715,1538.1279215990978,2291.3767265473602,356.02485424399174,pop
4156.470051710739,2050.589252028844,3125.891793159231,358.10906884912225,pop
4067.4379098209156,2201.861482958852,3205.8190591012294,345.55544498720604,pop
3956.266877607702,1721.7493450230372,2795.4017589219798,416.22013835653655,pop
4232.470231097663,2142.5220603162506,3405.627632477981,303.23723525268,pop
4235.6773077128055,1823.8585801956542,2944.7823838975883,438.4423239020167,pop
4004.5493333250497,2375.269356761208,3132.228417545659,287.2564427238774,pop
3768.019412560104,1594.560682681879,3026.9375865776733,392.1577222371321,pop
4139.147713169347,2068.2366855882715,3126.2162447763394,358.1615920299403,pop
4163.919807168986,1362.5988131485572,3293.72817645888,424.2425053882095,pop
4252.765012994484,2089.477503858863,3175.6669505371315,354.7515861319204,pop
4169.0493457797065,1299.0817578255321,3201.0195485802064,541.6163844947068,pop
4066.819958572874,1691.3893713434277,2848.6706263101796,525.6454915159918,pop
4205.038347760481,1710.642845887434,2924.2303802616025,436.795128834096,pop
4001.0490385489275,1953.9429102305046,3051.636372420274,403.2497714099763,pop
4053.410642023849,1805.0633836989607,3143.0326613391735,382.78893713754854,pop
4025.7902537977307,1953.1073984383097,2975.8591939515995,353.70248453756244,pop
4051.24995172836,2000.8918830177947,2992.192111938664,346.90979789900473,pop
4501.087102054123,2230.128195374176,3404.219303013195,324.44629485963,pop
3894.9413046460436,1270.2779721417742,2731.753171699673,404.98560729178683,pop
4228.786315100473,1998.3581646097537,3230.4022459381054,355.0315861949577,pop
3862.2949620288728,1892.0745720790617,3052.889251175418,329.48625613936895,pop
4545.908687399925,1321.6635955657598,3162.425540634916,462.73789164631074,pop
4322.743563003772,1844.9291176985844,2953.6653201449194,408.53804387630464,pop
3992.2536529279387,1809.6277411469487,3014.3839046146154,340.2519632709175,pop
4178.946667324825,2321.419912497774,3509.582338416791,351.4382701585743,pop
3841.225897819215,1268.8524439617704,2325.318225716045,423.50402876521616,pop
3611.959901177189,1327.4288328776288,2559.5939307892913,397.6317772177621,pop
4249.0280304683,1901.7941457013112,2972.7827668230007,422.988067147717,pop
3856.5615452166417,1518.1766723154963,2725.961732092764,478.4909686224152,pop
4173.887240372813,1875.1248487495488,3016.4276117165637,340.3657277951588,pop
4410.464048878488,846.6914002315751,3039.1056729871434,577.8457514161028,pop
4414.02066574157,968.3171972364219,3045.755887004155,578.8550395922803,pop
4224.354462857312,1718.3383351388657,3220.0899493150873,367.38806101165795,pop
4292.803003810838,2359.989010205888,3426.219519775939,391.51564639026265,pop
4480.773767076576,1076.6194015243932,2579.9699090988584,644.996991128345,pop
4235.613548136889,1686.3219593104607,3095.3865059407776,432.6132608497891,pop
4416.348087837596,2262.8076998167985,3451.227813893435,363.2782453104363,pop
4088.1114868192562,1787.8738359309334,3276.41125282168,393.51499709168183,pop
4046.1045211367505,1541.3722221300739,2753.5605023879716,514.8646949421502,pop
4345.501224907049,1270.9812483022474,3295.5183654753605,396.8718337963326,pop
4274.388653251258,2033.8308322407038,3361.5042057826686,313.3941857693601,pop
4398.840621466691,1320.1176735982856,3221.829158147204,482.2633830219032,pop
4125.6069479524085,1734.6136520853615,3279.7424059753953,402.5479886132087,pop
4089.8012756240605,1449.1995433712186,2629.464154255994,546.0192095271364,pop
4378.535338878332,1348.300789004623,3223.867461557527,468.56299212101237,pop
4345.501224907049,1270.9812483022474,3295.5183654753605,396.8718337963326,pop
4352.2577918068755,1707.2632837172794,2908.876601160726,532.9376301913769,pop
3594.361534542534,1712.0176563201614,2625.151576766115,351.57527515077226,pop
3784.0114563073553,1430.3479958044193,2294.44446195302,457.0091834316354,pop
4203.507903357573,1715.4081431641478,2886.6604008072536,433.8735585676034,pop
4019.3933152356703,1226.079880408267,2683.946956910372,397.2515412535313,pop
4057.2602477239393,1654.228799583106,3219.1481480424495,436.9323560297995,pop
4154.637822158245,1771.2112955872253,3271.6627622726483,313.43023879824227,pop
4026.777349613016,1553.451402211978,2930.9997815788693,439.0095614984804,pop
3493.6740653826414,1715.2231870360536,2516.825786095958,280.03742960446806,pop
4076.702010434415,597.4540042905484,3001.708559182708,547.0256520058103,pop
4154.637822158245,1771.2112955872253,3271.6627622726483,313.43023879824227,pop
3558.3712295748255,1133.1843362994546,2559.529362341329,417.736160341099,pop
3972.7361408132074,1977.261004574075,3295.5537887460514,333.39612945156813,pop
4283.610511033974,1956.908463745423,3368.7113593153103,402.24854497019567,pop
4054.436429026342,2311.5479669792185,3200.720850864726,313.4771002213659,pop
4148.441142976794,1711.1766791412933,3311.3014963908754,396.9409994902506,pop
4017.186341063691,1941.6730171961265,3342.364413746121,329.40299066140057,pop
4141.1471713696255,1359.1751250622567,2970.272758659329,471.0985705710594,pop
3970.8554817059453,1361.296943759512,2425.040681028413,556.7937546041985,pop
4290.597776940921,1703.8014001128774,3220.407074746749,368.22242776498587,pop
3829.2750474170666,1434.9142201965378,2684.4523036470105,443.3161884278501,pop
4061.1270954889665,2053.931083053037,3341.536077426195,288.53325049288554,pop
4255.341075759852,1633.150556364657,2941.9907545561014,455.078102461023,pop
4335.762670608313,1375.521049676533,3046.996539137022,688.4888382763892,pop
4282.6411185792595,894.4250789734167,2465.640306550663,626.481924494409,pop
3868.0217834305963,2447.865186451829,3170.8583483132857,252.09226325997005,pop
4112.620865267371,2274.4681985119205,3336.227792925863,331.31787639420617,pop
4187.132247393595,1770.0799325955718,3148.8098371441993,419.06418852554026,pop
4062.5557966841648,1134.696122781778,3070.3590066370866,464.27758627752434,pop
4115.396913301323,2220.432731536998,3334.008304447932,332.59599447783364,pop
4054.8025091742843,1954.1020674055885,3246.71775572471,348.7008361980364,pop
4035.03116318374,1394.4087580940673,2989.8512086955407,473.34807809624135,pop
4140.042766294377,1963.7705218270164,3144.228134089757,262.2436859598662,pop
4182.68873478013,1371.968188064379,2857.7880832936407,527.9872570253405,pop
4197.952183513738,1153.5618658723074,3306.4151512733774,443.1230693948573,pop
4272.712720007681,1621.0136512562258,3162.681762676235,447.0133935756623,pop
4424.918079910216,1440.2825601510697,3310.278427697616,421.3931232391964,pop
3973.352113029466,1922.5223850861598,3134.284751662156,312.9876736747844,pop
4171.962126933287,1591.945685096302,3222.69731921678,417.43249964907864,pop
3308.92405181982,1464.7198725949186,2289.9243154809524,361.7707163817747,reggae
2997.0653552566737,966.9444913769836,1995.4037339100898,462.4435000127223,reggae
3265.9652084129407,810.3063831352357,2103.0795886181304,390.8007099298535,reggae
3363.6965222043573,1008.6361167871379,2107.849824068348,551.6628293432866,reggae
3387.7728537101443,790.9249362149191,2140.9098582843985,423.96814813619704,reggae
3336.7327348926697,776.2601604030959,1964.0250536810695,398.6818341055385,reggae
3151.952700322371,615.9156143620733,1704.9426030656223,496.7370662149667,reggae
3434.172243270154,777.0350339698256,2026.15790615206,459.2464263593453,reggae
3341.132878585617,868.3439451316236,1963.687005957209,459.8022199193066,reggae
3477.7854801629524,808.6631972879878,1990.2806358678208,617.3379814543465,reggae
3096.4978740486513,1180.729150776076,2037.0132047211082,361.37725603689637,reggae
3491.493397862738,1452.1688563064097,2295.4662395090922,361.2645077076917,reggae
3570.6245973607706,1197.2062735989937,2303.6149039388,485.2967169478753,reggae
3327.144477426997,834.8667781346976,1974.1980409979872,551.7224943060882,reggae
3429.012952563499,775.0036801791613,2062.7631930701777,598.7867380391435,reggae
3591.308430926048,890.7834965966773,2314.4489641585237,521.7021200634427,reggae
3398.3719049414944,1390.6006711133844,2302.856387165232,286.5471522907608,reggae
3312.5840861102965,802.0475525703449,1972.8008641296074,449.0341796135492,reggae
3342.6948628358023,745.0948001468524,2124.386654397382,503.6021798517155,reggae
3480.9415823932927,666.4489594076965,2068.626010550479,582.5606632186633,reggae
3249.895425421458,857.1131385119647,2045.9357049714727,457.3052340749902,reggae
3264.847619969701,1329.2303921001603,2120.535241181652,317.8556515228938,reggae
3240.2744377445106,1500.593426128338,2227.0664146558142,312.87175764336274,reggae
3200.260711610985,1414.5534971433701,2335.8578869768508,366.9946711407517,reggae
3396.1217827958812,810.7450150843945,2019.2526861614606,442.32342522488534,reggae
3307.4701782133575,688.4325065095129,1899.219994356366,521.5661805513898,reggae
3532.0290541481386,626.189196629344,2054.3627294692615,479.4984609041114,reggae
3499.0786881125628,1034.1419841613015,2317.960538462995,492.2989475116627,reggae
3177.584207985631,674.6001949031369,1906.2950902075474,470.1437851849453,reggae
3074.1755910917677,1129.2315208493346,2126.964856131024,365.8383222281052,reggae
3406.322316979555,870.5700522848474,2187.8831468373633,538.8166525685467,reggae
3494.2795995948127,746.106250366537,2022.4438372516836,508.3853517348739,reggae
3226.1974885053223,700.810557389001,1850.3005599243634,471.49632817907735,reggae
3368.0896640387964,1151.7636843975195,2062.867739738845,441.9344399591264,reggae
3340.2120573738753,682.9395586880154,1746.2980692344504,537.6385024585637,reggae
3332.115457247332,965.3875468144003,2030.7174838053447,459.99900376822256,reggae
3401.22951007107,1069.7288853520258,2166.312468332971,427.14144369572114,reggae
3207.8320352334867,878.3308994418239,2068.0062617444505,437.30257163356,reggae
3449.1583359811234,944.8370061803184,2000.4313413190605,468.7656889278407,reggae
3635.973698394741,885.9246417002767,2137.460140258709,474.0482875722527,reggae
2910.596244078736,966.6012215010808,1850.201935915482,366.38116734237116,reggae
3892.839596811641,1247.8595973909426,2205.63861446328,393.6866262456023,reggae
3959.8424673755317,1386.6314593205896,2521.709478950736,546.0657236358811,reggae
2855.5505202178215,1241.8625841888984,1644.3137701644546,226.47729105614283,reggae
3981.688937878033,1597.9602054816633,2820.8834662179956,462.863908399096,reggae
4258.894388579153,1990.4491596438572,3112.0550805064545,377.3497587243076,reggae
3751.0381863593398,1487.4841755061448,2592.9071387245795,474.2057307247014,reggae
3327.10341548647,1607.3311564330872,2309.855280227427,291.30167567453157,reggae
3525.7216045902046,1312.2860012768297,2550.0627504341123,348.9511883012628,reggae
4078.279273511384,1130.7520910287094,2804.179908702999,517.9613519816575,reggae
3860.90254350292,1246.1974574545434,2690.6132944304272,530.602515245056,reggae
4152.365933216863,1574.7348794645281,2877.5263741485282,448.82612927630566,reggae
4373.915463903603,2067.598386091425,3252.779178525231,469.0820901794538,reggae
4172.2020927932845,988.8231562448369,2298.145721490592,719.2932602953368,reggae
4104.275134801795,1277.2504367386816,2725.5036632658175,732.7400673343913,reggae
4017.504615955029,1252.1285726205929,2840.031024615613,502.5576237999173,reggae
4014.161435902142,1085.476846088527,2460.9046931637554,598.9087575560229,reggae
4143.214282422823,963.9306119560972,2577.523977575147,657.2908123695271,reggae
4173.740735354645,1280.1989969954102,2827.839241415669,576.7271237873331,reggae
4143.129315128803,1395.8761117131178,2716.845926567162,451.1350527191118,reggae
3699.650153989142,1439.9906551644272,2301.0001363392753,387.7751850025283,reggae
4122.967267581718,1541.4378726891257,2918.22120292441,552.8157166899033,reggae
3968.850113335086,1012.2100862745542,2595.217467958534,660.13530985169,reggae
4112.648819751123,1161.0119500390579,2114.989523474833,583.3747949242488,reggae
4143.838644808011,1875.180607854517,3135.978099254481,445.3260106168298,reggae
3895.4373227426763,812.7209095551088,2264.825595314569,663.0220849009877,reggae
3273.8796406949277,1176.7801352158274,1886.7002336652936,384.73252470843477,reggae
3605.957889126596,1131.2534522575904,2362.4684199317708,442.4414317583283,reggae
3429.2492543075628,1448.4648121163266,2311.3974776283826,443.4436558401579,reggae
3926.2160033443342,1601.027267374582,2683.171027931233,423.1871615315503,reggae
3784.3481686863233,1330.4789551073516,2534.0413134940204,457.87897363966994,reggae
4012.106923035318,1124.2427553288462,2852.420966771652,518.2577598234031,reggae
4150.44105392777,1592.1751895035284,2974.0654002516494,521.2406104791179,reggae
4194.907155234712,1711.7917788006594,2667.525534723761,514.5754855924566,reggae
4194.289860096529,1716.860750732491,2665.3580669958023,513.3101121029528,reggae
3515.18529970517,1515.690400519163,2323.8040353969623,427.6880338037746,reggae
3907.5593301951044,1078.4361258031392,2559.741098102263,560.0449992394363,reggae
3382.3938462570795,1391.2113075349328,2174.118858401261,389.41038694186886,reggae
3813.9243887475736,1262.1884095987516,2334.6857563889707,604.2562977465454,reggae
3320.8293724633354,1383.4082738475622,2214.713375034593,319.56835442699884,reggae
4097.929806379022,1517.587798116975,2644.4572461418147,407.9218409342268,reggae
4129.657581188777,1507.0407712103288,2630.2357312533613,465.8323872942477,reggae
4129.657581188777,1507.0407712103288,2630.2357312533613,465.8323872942477,reggae
3611.7459629896775,877.1050314824349,1737.3286088612904,430.85449692596194,reggae
3815.345391882914,1135.307853985997,2121.0282352324602,374.45799850137473,reggae
2693.5723934341368,1213.7840368723132,1649.7447379799373,213.62599097388545,reggae
3359.3461917937216,1131.5304793998105,2844.4272302944787,698.0186102024574,reggae
4064.3960022094834,779.1315249101302,3064.6375918414774,468.64186435805266,reggae
3952.783830503194,2528.185648937997,3361.8478580858505,239.82501482360917,reggae
2481.771584193691,745.6490408567776,1401.1167652267166,363.5193449267341,reggae
3683.7952135215396,1374.8793115256199,2676.0379753736797,474.9544575755114,reggae
3356.3449485438023,1489.9872212187536,2180.5284430714555,366.36532258899604,reggae
3372.094860201239,1403.7208421201972,2054.8194305937636,333.75860571999937,reggae
4185.043032364674,1184.3286561736647,2528.099436436167,702.9138971491952,reggae
3726.2230983902514,1351.1658869092369,2129.4475444761183,429.3062459505585,reggae
4075.080749313331,2085.257185508159,2787.6204336456644,395.13942647089897,reggae
3260.6223628716366,682.3098456138274,1578.5745900386823,291.85832191016124,reggae
3569.884189063232,1439.284497048302,2111.0659431662025,344.47460332799267,reggae
3599.318939423653,1391.2825754973887,2397.738059578307,394.0427121763659,reggae
2658.10557614652,1238.8719726394106,2006.314276352289,175.9726028139607,reggae
3046.8050126167295,1291.4087026506002,2096.911802726459,310.0477884648686,rock
3530.6309948631297,831.864544595244,1845.256203062376,343.79022256721873,rock
3361.311584547292,1144.4127647984599,1984.0571928886257,410.37590198097865,rock
3654.0903309014298,1020.4193171871872,1902.5448382360485,414.96081910617045,rock
3083.4324596404463,986.3461092975226,1841.738078916433,408.2263492135715,rock
3729.702828212967,835.786934809222,1591.9057963106443,357.11076657964446,rock
2772.7470660454064,1072.6509987579682,1653.116146666674,283.60323559653835,rock
3501.9197289445683,970.7042841799563,1729.580603966028,414.8571407755857,rock
2996.5493675453163,1134.9758907161292,1842.4239228341426,180.56813165088863,rock
3873.2079294866517,735.7600041881968,1607.9169872906568,509.39974750798945,rock
3475.0731063180206,1302.113706252581,2182.3524538931215,325.86448994967697,rock
3410.0372575884153,894.9356992376969,2036.92207346868,416.102086138821,rock
3371.3479191209553,877.2124734685876,2067.2274360880415,456.65205354692165,rock
3341.784230471313,858.9363653978174,2237.4643642004403,525.4864183817732,rock
3094.078859249716,754.7914562166453,2007.3329172413557,427.997896713608,rock
3256.556031923073,909.5044880415994,2099.311746767096,431.44946125576706,rock
3113.318807452678,1724.8105262775957,2221.38290146545,208.8131479620361,rock
3095.2142090080556,1542.3467134998311,2060.7729111086683,264.60626551850015,rock
3174.690836953457,1483.0370451164279,2142.797814243633,314.3920639022166,rock
3067.567901266713,1627.833592787091,2118.865214496022,251.7424828136831,rock
3240.8378151909155,1559.8284177519374,2120.2240076450084,297.7443329228277,rock
2996.820525042513,1466.321997987127,2060.213563669671,248.43526912104343,rock
3085.26460206507,1539.3214015975134,2112.8387079092154,267.91922955369284,rock
3271.876530931446,1481.0405507437486,2207.4318999911648,346.3698216983966,rock
2731.1911054969987,1564.9198231390667,2044.9181791631686,214.26024790039386,rock
2950.7125134080575,1590.9638330705636,2115.285136550528,233.2242331211736,rock
2940.0087703840036,1653.4477865612857,2150.4094099959057,239.995747869749,rock
3399.3882907049606,1762.18181912558,2440.4637807361887,291.4180327804363,rock
4122.412976597753,1249.0297588834574,2070.537925977092,429.89381833234876,rock
3211.1372626475436,1706.6825648557688,2433.7847633328047,332.00882144113916,rock
3700.851867985673,1875.3648660005697,2831.6667900696507,329.7432634767495,rock
3939.545739587874,1370.081300923575,2512.459923579551,487.30462232584364,rock
3427.4470502939535,1588.0287616963792,2378.385171769829,316.532567906829,rock
3994.5895034561154,1168.2175544198215,1947.7004431942885,446.7334656231718,rock
3316.6612839349273,1949.2733597017723,2648.7694366781507,287.5346097676433,rock
4120.736744844265,1471.6371012219172,2422.4150789160053,530.4798343032171,rock
3611.81557070781,1517.9102700909705,2619.225465178711,342.6593433575233,rock
4001.903592299445,1678.6654509467428,2442.793427074285,385.77302247153085,rock
3409.941388827586,1714.7361377690613,2633.962322159196,308.9646773521306,rock
3539.641661817839,1981.8901788133542,2731.0867146984665,306.5073877705639,rock
3793.549790938041,1816.5692763378092,2777.9748817429013,368.28189150598854,rock
3873.5175652607804,1691.870258189802,2688.5035108820653,343.65551652746393,rock
3876.9274256152735,1624.9124939532053,2731.942031287682,454.36860109222613,rock
3911.5755153002688,1700.235587776742,2541.9072918147544,410.2222149305439,rock
3612.1327097303774,1170.9348521186382,2104.3964276007982,562.7036268316928,rock
2188.0211354886455,1196.653165920519,1568.9776889119391,105.64095974019921,rock
3432.0944693948213,1414.911260335529,2501.839158305737,466.3137879373842,rock
3858.8684007227503,1726.6976397362284,2691.3861118070213,372.35947303038387,rock
2874.054765032593,1089.3279392541608,1701.411369008694,231.04944472362425,rock
3831.3363360408857,1130.3091509283383,2333.931430370739,833.7541607429007,rock
4176.754621915906,902.6034773193996,2311.9461988275984,605.4770495360025,rock
4027.00725315071,2054.865816117929,3055.317210064447,293.64960207901515,rock
4157.81906763329,671.055576756271,2449.2010098187307,725.5472985483694,rock
3593.391231861454,2194.1669914280656,2933.202498576591,234.74318663511758,rock
3913.144257760012,1410.9478661395015,2550.5115793402033,448.3089818100878,rock
3669.391941379059,1395.8058284238589,2248.255616368626,457.3375007309082,rock
3815.176352191769,2118.3669373807757,2914.147802155016,277.4234518196093,rock
3949.579048285575,2468.3678738593753,3241.7483119428275,285.1231787586014,rock
4065.885654449845,1634.82880581006,2789.9159039032947,479.53983604277346,rock
3954.019607271436,1411.9981779596112,2927.5616529237764,573.1132783235299,rock
3964.5141256280303,1756.5243221229086,2891.8717360454793,478.23314612072426,rock
4161.30194910662,1539.075905833537,2740.292600940876,488.2438011633495,rock
4132.444018418253,2055.7296477145533,3203.015263714033,456.02500312415174,rock
4071.9208061449694,716.9457519541039,2310.1226555132835,830.6449209292388,rock
2953.45327941434,1610.9356652536278,2181.4968457581285,274.81898632635375,rock
2932.1543748208815,1527.8944623335944,2104.1855406943873,275.3912523913023,rock
3102.086095001516,1214.9998325501854,2175.097540249178,363.65420441661286,rock
3235.7156616825455,1253.391768138956,2338.9876967878577,327.06384402773796,rock
3155.983568990626,1501.3299561686324,2398.963003092284,211.45627060193007,rock
3185.3092887397324,1459.4099327558931,2345.280318504564,323.4101109726975,rock
2940.7807506103154,1446.762238777251,2245.2873854288828,296.72000340793903,rock
2947.3826162637006,1496.1860570757724,2215.1872548808456,267.41107961556344,rock
3039.0779662391624,1451.3001418786037,2211.336364013432,310.1450530367957,rock
3235.261044182845,1771.1838634375777,2287.9866205721446,229.62657714829214,rock
3018.716124753935,1691.6322649529804,2246.262600124184,240.58612494854023,rock
3232.0758965522177,1361.6818580325473,2355.0250048406706,276.1071575166774,rock
3109.942061176393,1204.6274396201973,1953.6246940867977,337.19071675386766,rock
3075.915702992117,1671.5930586266193,2350.7834228771376,293.8146913576201,rock
3204.722782094503,1145.592010519316,2204.2156100904167,368.9005774277216,rock
3241.596910838058,1375.2804300361395,2107.138585089346,268.7501466333071,rock
3189.229218178361,1717.0868056570243,2318.6787203110885,242.78031196885578,rock
3097.011642959683,1456.8880318194324,2219.133079434079,267.32569587110845,rock
3200.6545410487374,1840.5957433746069,2423.21517680989,225.91873974820126,rock
3099.4037912264453,1593.3261252561301,2245.2766736979706,248.57650045357133,rock
3299.6620646592473,1636.6836436980996,2376.373190560604,254.4649034526549,rock
3181.179784752952,1316.3905731300024,2058.0461998065325,325.22478759295933,rock
3363.7368590467945,1342.7362964156305,2133.360329064531,325.41564699622705,rock
3632.796260901347,1705.3549903780608,2208.273255779746,210.2749644347997,rock
3132.225470316445,1320.3271594830678,2078.651677049668,277.7621545726449,rock
3222.2067161215964,1051.5297061943227,1816.2003750061774,356.3906320585434,rock
3092.44102695074,1629.9156221718467,2249.6305201955724,194.42166892446997,rock
3070.602517602513,1530.7142990409563,2123.3128660910265,288.3949677349093,rock
2844.4656983165714,1662.1959982236153,2102.1973629618683,161.27167742425743,rock
2907.4199845814896,1275.6405222619521,1881.683403593209,301.9097525582382,rock
2865.1965406567624,1784.1047331498587,2210.610419156264,193.05439950239435,rock
3115.1950299870928,1407.745590881766,2106.3492062622463,297.6892028399759,rock
2942.424457963006,1329.0671345355331,2068.22487863857,286.21838053504496,rock
2861.15924531723,1276.4838404852355,1926.895810184255,273.26837317472734,rock
3134.317320897205,1101.6119531837717,1817.8135702682675,330.27178830761306,rock
2951.6783941905715,897.8565074304122,1796.9237162278257,346.84769335548566,rock
