centroid_max,centroid_min,centroid_mean,centroid_std,genre
4031.364537604316,1027.0792583996563,1784.4165456667672,360.19416625113934,blues
5444.293576825396,421.09172894853396,1529.8713139905358,613.1978882064091,blues
4669.770713297799,417.2548017606654,1552.6377862410238,395.64920663220926,blues
3236.4421164344976,318.7135001811452,1070.1100590065275,429.5423790748503,blues
4464.156641702084,849.6582851809559,1835.5070085087575,585.9472988600193,blues
5399.377713531681,645.8816622245336,1831.9900686058324,1015.5272536219603,blues
4499.417240682034,415.63356957846383,1459.0353759867005,661.9048507110635,blues
4625.431451403675,540.133476795425,1451.8494581954853,670.7739279072023,blues
4117.183336387791,1067.4364379544693,1719.273937358532,404.2148601088245,blues
4839.227126733891,869.421169756833,1817.5295466580833,546.1286759100843,blues
3202.1870082129144,436.072310052689,1410.675357005059,453.117128780389,blues
4585.665255797252,349.07945367050837,1353.329119184995,715.4744659149359,blues
3698.9442736653755,513.8725686772141,1361.100405948709,507.0060145266237,blues
2691.1980321172487,633.7647090936443,1324.3317543042795,414.2953030753259,blues
2811.404601894243,455.0161250003627,1172.2763006898927,383.77702373126743,blues
3454.635655962541,548.6829458469497,1420.41147890575,447.32464065623617,blues
2950.2706390268404,639.096037007593,1455.0424717869325,390.389113289062,blues
2496.072311012481,373.63688865220996,1088.7781164059863,481.44119732108777,blues
3156.0109006624525,716.4690400644015,1537.5609195096463,439.6508001121713,blues
2938.321720187003,488.1158401821958,1195.413398088498,499.72228760580833,blues
3205.333472923987,687.1599922317175,1389.9522839792392,320.81513999913966,blues
2755.4343270385425,429.5928612572501,1046.727506973602,540.0754648054083,blues
3469.7481305385445,397.00075858861754,1156.2023633789836,560.5751357584712,blues
3102.9541568368627,586.1162105728445,1210.4571259435063,363.0846220486759,blues
2851.3396461532657,433.58666095214045,1120.390980570654,420.0105189039512,blues
2304.512028300551,406.2567577562364,1109.7213787799803,372.4129387218717,blues
2651.6989614533204,450.0749529174875,1198.7544989943901,402.34690799798284,blues
2646.285376738052,622.1543049956132,1391.4439038360058,447.3847818964592,blues
2235.9882741591036,457.95940451526326,1115.5411951585745,324.9461500056421,blues
6323.2689883598405,426.9846015775454,1649.2877535717137,844.1165769315127,blues
5484.791616019461,473.66364437564346,1378.9657770217902,742.5598960443751,blues
5527.981182437761,460.2989381789647,1331.036591235163,593.5347511703627,blues
5984.872961130611,281.3015004377234,1309.6646972851775,869.887519425778,blues
5666.397254533882,370.2778176443466,1430.5981943666884,837.4770931581597,blues
5006.181345882824,316.9293542785018,1536.7310781310048,584.0842877181885,blues
4529.240933402284,569.0573042317512,1507.1047290270294,643.61354237111,blues
4722.346248217958,487.7972787846484,1247.4080157461028,513.7195676263293,blues
3362.8960257581693,177.72729807215643,1188.1011590036376,608.1106057706884,blues
5978.472024035405,476.91851117337137,1513.5200524560835,742.8313021664076,blues
5245.837316092019,313.92903688960905,1151.3780295675617,717.6547942212454,blues
4405.9857716276065,1068.5029689221963,2272.517619456158,449.9797817181885,blues
5139.8316670223585,1410.242153332196,2390.7715761728705,553.7759669168724,blues
3655.637757704628,899.088709255828,2302.075648259958,452.7272663792561,blues
3659.794907553537,1206.1094518451848,2155.6312962076504,433.81039535328784,blues
3784.9735045334833,1242.9692485201188,2279.2655430872524,413.4533886708947,blues
3001.6536435764956,896.7000049699149,1739.0461610043799,380.7788657726667,blues
4570.893050826852,825.0483684746519,1912.443629174893,575.8147342867916,blues
3851.5329387894785,1061.6900729452295,2013.3644492249487,403.25575354891606,blues
3917.0496528945732,1292.9528050987071,2148.749819545132,407.5403730347808,blues
3895.2021042016504,426.4405614208315,1318.6237038958993,642.1084625789159,blues
3808.051841864094,1006.9702718534029,1945.620793752329,383.88742002874545,blues
4048.163462040744,1185.6400497182067,1977.1089041738976,370.5067883215047,blues
3445.6310237210573,274.8197157176546,1443.2688623562497,669.8851412541626,blues
4373.897942674748,917.146212558481,2171.15861919452,412.2916011107315,blues
4566.69156572647,864.669097527581,2030.372529058658,470.0548382164202,blues
4286.723787653002,855.5495455461142,2032.1200139179848,437.10727038119074,blues
4298.670646307207,458.7597489836179,1810.9603364938796,589.2471330337306,blues
4309.4518931411285,785.750803153242,1886.7057062710824,503.4915006908289,blues
4060.149539826234,919.2280428987882,2068.3276533714225,532.5324783036696,blues
3904.4879663881447,964.2304423292246,2235.9219731447633,489.20793033571624,blues
3362.324907206629,1071.2866804381256,1946.5344119671565,353.54311445796503,blues
3795.3008147996698,1252.3435698698088,2503.9527962709553,403.7717106976872,blues
4156.508710193752,1028.1137791272583,2279.808617848328,649.9564354169373,blues
4428.435710893556,1549.8276932673766,2839.2675723312796,537.8106854589264,blues
3918.664241392111,1740.5601921589987,2553.2225630393946,328.5328328175743,blues
4517.35827468711,1692.4890696960879,2816.7459199101067,589.6449710774053,blues
4238.085881511735,1213.6394364110495,2340.3362112625477,589.5184675642314,blues
4187.469961959205,1385.073000946894,2258.530501278417,468.1428151342336,blues
4173.931234424046,1623.640381705265,2513.74708137557,419.4104752520253,blues
3876.696205878239,1244.6397840901213,2370.963292290979,486.60006363193594,blues
5159.964728796165,1032.844442372606,2159.5483191789835,573.6728603436516,blues
3774.235965853625,1528.2012282425153,2429.335959210419,312.56346269994566,blues
4246.944363139287,1387.649407717126,2595.2893636253775,541.1551881116627,blues
4046.5355735730504,1273.0100302379178,2094.7758339175325,329.6086410970048,blues
5574.689833795375,888.6820285083222,2515.8691600341767,522.0635580689957,blues
6083.733243640644,681.8763179258424,2225.17686584692,680.1128749027755,blues
4424.276949214203,1520.3066658587445,2645.5300361483446,431.72351207459917,blues
4565.590467525843,1187.5493966020797,2206.7704720923816,429.2119521218548,blues
3297.087316641317,1531.531845528497,2333.716389495108,299.7166485103527,blues
3958.0338267897314,1556.2080387025626,2443.2389164211986,361.36203746806547,blues
3810.323349812249,689.2531291269479,1827.151309365963,394.2652893641339,blues
3051.1081693022325,1165.9537071126872,2116.894251508221,308.31032190394944,blues
4434.8358299661795,1201.2370831878886,2141.332015387285,356.9618497142829,blues
3978.773773465846,1360.408518735071,2314.8192391519888,379.3901575043614,blues
4491.151650377771,1161.5266496505533,2061.2027416127835,479.0005032990684,blues
4328.986226610457,287.5602770876368,1312.3500762582041,638.3136137412321,blues
5520.014293106327,259.81030014730044,1245.5817719265858,844.8584663523799,blues
4938.454376318674,388.111486667256,1441.9992541935492,622.3532848406184,blues
3724.014777794523,228.3609135752879,1006.8779770005267,369.251563485892,blues
4397.770576714295,243.04170248736034,798.5684450736396,445.7523963601328,blues
5713.723210662278,286.8008002403194,1613.4333909446589,883.9160262979276,blues
3988.2644803276726,247.87542106827362,991.1502532356757,645.0953035945558,blues
5436.036264885103,218.48330559160433,918.3602067959007,723.3183970959071,blues
4298.836299960137,244.7979465938471,570.150688164495,323.9624182398075,blues
4019.6970577410184,288.0942174295338,1239.6879989103559,726.0330034146764,blues
5210.733794751068,409.29432472477265,1388.4454871408163,713.9715796832875,blues
5346.007883529463,470.0673357216579,1132.5184226308031,565.038821396298,blues
3459.2205480494113,328.5081605653013,1236.6063525056663,650.3589805861137,blues
4693.154170345065,1161.458030496378,2310.141083265199,437.55192488944743,blues
4826.090397847731,640.320741737505,1538.931792146658,474.5503251202583,blues
2474.9618796536106,973.6330401727571,1505.3776999579027,210.7937858857548,classical
2232.531702196188,830.6202658448573,1360.5964479977774,248.5727443069905,classical
2178.0128966677,995.1988147396177,1490.0147948180236,197.40053013733362,classical
2499.702032887928,646.9594158748464,1526.5606706839778,302.3552120943983,classical
2584.042822355895,979.2624483952759,1705.7324268059022,261.0666779700549,classical
2522.147212616196,807.0215136394187,1431.54230678873,271.7511841802532,classical
2128.4116781906387,798.8236036314353,1372.8214993130412,265.2881461002652,classical
2936.991710646673,295.7829561991898,1358.9262603287086,360.8738843013977,classical
2378.7818688433526,789.7822703731462,1516.6480401538022,283.6284187548871,classical
2832.3497003289986,515.4633551455255,1216.426224978505,348.0156023999657,classical
2433.3672769794457,740.0599240013379,1497.0762955887203,285.873375071288,classical
2358.3168439839123,577.5398934285598,949.3765619758753,282.03179650048816,classical
2424.570159405503,449.7462945023383,1179.9891396033072,351.40865356206837,classical
2790.893477287177,545.6087385100593,1388.245657917448,466.53761893778335,classical
2222.0060919498756,680.6367155575804,1279.5500531675725,313.75873080556875,classical
2591.392368688773,621.335373155365,1371.6170330495854,333.8912855640972,classical
2272.523902407304,556.6401129605198,1054.4585147247442,296.69483047267374,classical
2448.681335227545,806.8345161788332,1358.907091514936,284.86355145039295,classical
2547.6451271732444,503.612606759419,1158.0012024853604,433.4154038576546,classical
2912.5294260343653,500.5696580087015,1184.5272818956137,427.01187915687643,classical
2773.067368854954,601.1628642844352,1218.4372979051798,325.77606008574355,classical
2683.8564722715737,690.7348653336085,1371.3696316759135,328.85082570153355,classical
2045.4205833731082,585.9592067375555,1211.2151187887919,237.66982236044925,classical
1679.269836983541,457.5232725573404,983.7618405497374,216.9117080370534,classical
2069.7463760852856,774.7806383831097,1253.1322233784185,240.80885632032607,classical
2011.1887841964822,645.5441616850617,1184.065822103096,232.78159893660643,classical
2008.5771775402686,629.5488932659287,1278.5745589441203,259.36629776418164,classical
1298.34111830478,496.75816756741466,901.7856878197346,165.58218145760182,classical
2522.7719445103385,527.132551483562,1313.7853630227758,377.32771569299035,classical
2765.084993784456,585.4753915900258,1558.8985316403318,428.5857769544492,classical
2248.4992524957274,390.0576730433171,1243.7206207009897,359.31982184857543,classical
1968.1994678579056,300.17924212577367,822.4267359350301,261.02649423443904,classical
1297.458171740679,528.5590221870879,792.8355539370224,122.45874779672526,classical
2461.110505974674,557.9987308557885,1128.3232351989461,353.415912171267,classical
2569.8805926162077,589.5552573749942,1369.6932277401693,417.025534928742,classical
2623.46966642219,317.08611812950704,1016.4245654449905,514.3906806367485,classical
3435.649993045161,525.925576488173,1281.8143786774815,549.7314680860829,classical
2636.474305094283,626.9759893821372,1534.2936137691538,432.91363634470247,classical
2155.689205898277,413.0740959184635,1279.1711366673298,303.73888342687843,classical
3153.735670005126,722.801356058096,1633.4096732490152,419.6947501034291,classical
2510.5212779009366,689.8359668164941,1396.692427208923,295.25731482818424,classical
2262.741099210439,719.4763486917788,1329.264956056903,331.48733543655925,classical
1991.686931815559,940.2260706916344,1327.348645091533,190.0054045639807,classical
3759.433756484016,678.297398504975,1063.472218009111,346.25638231412864,classical
3348.9134966391466,556.2179949902729,1181.5125560995587,338.8891922828275,classical
1769.0212986457545,770.3512614573822,1175.9242233104965,158.62869125293338,classical
3014.822972640362,1012.6829007130004,1878.7740300731164,292.86250813635786,classical
1664.0790714202635,833.520537292687,1173.9310655118397,154.16811055460877,classical
3740.7072790851944,607.6534647164331,1516.0858564581927,741.4495358854149,classical
4161.882836231042,1361.4612287051882,2224.893839839112,581.4579952766395,classical
2241.5716644051327,842.5404231477717,1170.1422674996227,220.5842732260595,classical
3287.1391425186903,769.0061963940982,1527.645526468431,482.0758214439876,classical
4837.582800020395,975.611430651325,2411.9327531744034,649.0895645930584,classical
2468.712785040353,634.375088762215,1465.5953829367081,341.42284983602156,classical
4586.872319508368,1043.3918682917497,1712.4662557677188,331.59479314234875,classical
2324.014031563391,612.6259206770769,1079.9035737148547,382.26025087890366,classical
3910.7867172221218,1086.4634795194356,1680.1010890045338,306.69150785963745,classical
5362.100620901901,568.9545456585131,1751.7302670452746,623.2305550056667,classical
1627.757934414628,712.7797021481656,1137.9529524931368,183.551033699813,classical
2611.9271483331668,621.695304204812,1551.865227071442,350.7138235769229,classical
3233.0395334346854,906.4592381287392,1803.525958991471,418.47961905933175,classical
4643.897643166584,481.9746435471056,1322.6998485687736,458.9607680731658,classical
4042.5821228523528,517.7957364725547,1474.81375998031,668.0644773272651,classical
1132.3490340669084,546.2052356580859,690.3540033793793,89.20635028915783,classical
2081.747122725022,640.1953307377786,1118.511667249704,308.13886517731225,classical
1311.8484690137157,584.3341013649294,828.8254939017916,121.64715869978872,classical
2014.6182595653581,573.7641576756993,795.1394730840856,186.3698779837835,classical
4109.873287771351,542.1553049051141,1117.9494607735633,675.7249816827439,classical
2500.900892198184,987.8383706237139,1559.898681175924,234.31515896629165,classical
2007.2538178690938,827.4075718243998,1349.596338758673,203.77122386200574,classical
2328.122485634629,716.368808963742,1355.9997807465234,298.01405105205345,classical
2246.236037764153,741.4578117355888,1396.7861188961122,270.3147200905196,classical
2389.012604399121,648.6733625152815,1285.152313570752,358.7152696055216,classical
2453.9455497630606,569.7954115689391,1211.3527916734338,323.94957351022236,classical
2322.9629131666316,689.6156436057258,1360.000105640394,296.75287417125764,classical
2172.0909746491943,597.8757976273337,1171.8444806970508,284.70266021595086,classical
2484.8515540869867,777.5026210792265,1340.3686111480006,267.50697588195453,classical
2000.1336425950553,467.52016887805627,811.9966754823521,224.49742414482992,classical
2200.091577115357,483.6774704854272,715.4772960474093,209.58523716599996,classical
1964.2869783004835,485.7274643170905,790.4782247991624,180.0079543096374,classical
2235.9964731109912,475.1098920967273,973.5547961610621,307.0071676392715,classical
2337.97228240924,488.93503575696064,1214.334547371362,288.5132907865503,classical
2430.842299192037,641.848715341816,1415.311188049991,344.88888449797514,classical
1367.5964008858484,604.4925345416611,853.4404819798985,146.23212974081014,classical
2010.0849241610867,650.4984221086388,1002.3644432038329,158.78139732342962,classical
3781.5976139496474,756.7286005538718,1525.6012665071328,459.94201375696946,classical
2995.1848617818973,646.9761865615944,1356.5172624124784,469.89858983019593,classical
2006.0821603157283,526.6034416879653,876.9626952188484,180.58755967340005,classical
2648.932965617282,732.9598027145935,1302.9045958373345,253.7397280906179,classical
3363.780152469708,1116.6906053800444,2423.399228024209,344.9004034173351,classical
3187.0826120302154,1345.8708098831876,2172.5147389930353,364.6369195310162,classical
3051.067035087759,872.392619279207,2192.7057792250826,359.1570501696729,classical
2847.9867326257104,628.9184616650414,1807.4309132567296,471.12925945419676,classical
2351.487904774259,939.0461254844497,1623.8299978795533,218.37615838136117,classical
2305.968790421503,607.0314574156625,1424.1018502326815,326.6031912124411,classical
3102.1774349168513,451.8472983915101,1800.6383191632506,534.1424824714359,classical
3512.939813945533,1072.8238576126475,1932.8371719336758,437.5833790713626,classical
2507.165402218467,689.9887570199828,1494.140563678061,303.75550315848795,classical
2991.068728086635,847.6320993051734,1953.0123993167883,407.4952703722591,classical
2305.9517807859756,1019.0432276805004,1524.8987119492178,216.2070357038363,classical
5434.494490211266,1201.9332657546774,2797.969870097222,596.4098433904688,country
4590.3126890815665,2060.201916660951,2937.832804298365,319.0632748105641,country
6409.102414301651,1288.708295955358,2307.5397576398173,742.3866694366704,country
5475.929110756994,978.0542530581945,2174.1604933689496,755.2893255883474,country
4775.081865979502,1845.9894574363175,2966.157158766356,439.2313406246582,country
5774.708485890979,1501.3247324620734,2926.865766555992,526.8947260509661,country
5220.2467691545535,1338.0277783941194,2800.2144230361328,648.9641936976412,country
4867.619603402328,1430.0088244250533,2898.7873676124145,614.276244170469,country
4515.948956395239,1248.2922086332032,2506.1693763716835,532.0813035971819,country
4942.655759437369,1821.139995397326,3191.484577187975,421.99662227340855,country
5892.447129792665,711.934450474802,1861.1849839152183,746.8405428555205,country
7014.013952315151,830.9483830974127,2838.2033515500666,1130.9396621468084,country
4529.937861710043,659.6964481136672,1667.862624369465,685.1295716107845,country
6315.777339340088,1428.1134012602492,2812.414612328669,723.2394314183134,country
7561.24612984624,1370.5203752417199,2951.9486785953686,983.3131910471441,country
4251.825294555076,682.835072744283,1959.3373242240743,596.820516804515,country
3046.9009269960316,508.23809541559547,1425.8089846028408,481.7747110668917,country
2769.3705839712293,565.9551313516076,1469.7849502335769,532.9652966215385,country
5757.942114278082,986.213896374624,2068.7727634277994,585.3233867562408,country
2806.759394616417,392.87741386047804,1138.6702898916499,402.2637983320406,country
6959.774669867187,453.16243847617454,2409.2678796914865,1034.3386476808764,country
3282.7002336371743,553.2689272146645,1043.9737112827204,321.11900641990223,country
3906.964625823419,802.4228883017428,1719.3372064562448,419.93452033596947,country
6246.139606562346,636.0928047507916,1496.5691350237335,790.3270368040064,country
3764.5690664091762,606.3017280217099,1739.3211960215626,756.520062648208,country
5376.820051269071,647.3816912740353,1565.7683180879305,642.2697185522579,country
4231.422213968962,560.0155510296714,1270.4148786130593,522.127761130766,country
3916.277504175726,1087.4703483182793,2012.1998825273354,425.3580008060646,country
3488.7921574476704,801.1607118210925,1474.0010330363343,348.4656325552151,country
3995.7525503800143,537.0201602869034,1214.0548958146585,382.9116426629088,country
4665.543576135341,510.2481915089419,1240.5895175758492,580.3726439899593,country
5836.843057411844,946.6910360078793,2052.937538956234,719.1972725261242,country
5398.851226075032,607.299796530641,1823.4330215240243,741.2430564111239,country
5447.471450377061,922.7822209870114,2456.555660174582,675.8869038655437,country
6723.265577341895,1064.2554653013287,2614.12815135615,890.0026040747704,country
6077.949284634973,1082.5353936963875,2322.077247740551,737.3790876758635,country
4423.641952180333,545.1427498689812,1827.0939581907298,757.680930444442,country
5995.941028597199,976.1325840073484,2069.180155516897,824.0269556957604,country
5472.856667764604,1305.067645972445,2860.3399493304773,721.178207361919,country
6602.333701444672,1964.419152805881,3760.4244874930946,766.0193432669058,country
5132.044554365346,1035.620338538861,2449.941597212649,546.775060128127,country
5594.880999382846,933.6137340239482,2634.046659325592,906.2020117520328,country
5824.662909733761,1043.6808144408913,2386.8223451003687,586.8765116348861,country
5754.325995778538,1127.4053000511612,2530.853993884287,626.5876727833727,country
5089.66432515214,516.9151593879875,1730.559358205851,749.0922226568058,country
6929.936914560589,1278.8947074869384,2777.11451742426,728.5211506424363,country
5114.96003838297,883.6530963637084,2109.4728877937914,547.0277958122939,country
4166.85720703495,800.325147095757,1784.345187608327,446.88641999986055,country
6516.137664370446,521.0005625975696,1939.716518577021,649.764791915276,country
4241.612186458906,810.6300972049233,1600.3408731788659,495.91927684590416,country
5140.683931719953,579.4133680258274,1779.496144955115,627.0142176663234,country
5239.311555703629,518.637988337007,1552.7721614909153,611.9710822856587,country
4172.078016173931,355.63125692104836,1115.7881617215153,479.4985944217306,country
4726.148875496154,890.5852241512221,2271.2893252186686,490.77684830997737,country
4294.035252723746,644.3910165629313,1654.614332246894,555.8096452238048,country
3872.466827021043,1039.3120475833575,1881.1618178804194,401.6350937853021,country
3832.505530281176,408.02369927089893,1468.7461598530097,538.6875628589307,country
4289.424082887112,621.4218597479676,1741.8149971597086,572.8782496561381,country
4300.42181709845,509.4452643225574,1796.1137426192656,517.2376847901832,country
4751.600382995807,234.80134173406714,1535.3805433548987,751.0958554805953,country
4841.505204587496,401.85829797366705,1373.0379662985654,722.21635164145,country
4224.665797047652,443.65192357039234,1397.8409846421305,615.310665918995,country
4751.46184488905,972.9280158122872,2167.024231762757,532.4629366733913,country
5531.871358921382,363.68040369239566,1615.064166404287,775.7082810095787,country
3947.1639360711497,486.7391225720966,1512.2857688154522,444.3016089842945,country
3735.711412697604,365.5921419416598,894.2258293252213,402.6097102698688,country
2639.3831732635617,923.3240795617743,1701.1332318600557,329.57568879231405,country
5191.978049229872,321.16992412171794,857.9961380298288,534.1639931042816,country
3817.269842748286,534.2381552083524,1130.9407639891942,440.09551299231254,country
3912.2243396084823,568.0073277003019,1327.8240959502323,418.0852984885555,country
4493.0913514039985,684.6157616083788,1935.1584681092377,499.9920641231645,country
3853.95201803428,514.6129420991722,1261.3177004398353,577.9699392727708,country
3204.468281179167,729.0636237824671,1711.2104215124941,409.4334898339098,country
3478.617863682385,658.7065219366382,1549.1920054952561,508.44186247242516,country
4949.568911995528,483.50884715743376,1533.8625887992787,673.2621399233549,country
3314.294896889872,1072.8295704872753,2187.464108956416,389.91268242971347,country
3711.1604799601273,426.39904412319936,1321.589745025964,637.0698590767427,country
3258.1342929306606,842.2109475457731,1513.196622610889,305.9173972348077,country
4206.874284192281,436.2265310111178,1143.943990222352,571.5072000171228,country
3303.0633490527084,370.8965024465326,963.1958805292,533.0759492083378,country
4876.121781902481,747.3802030407259,2049.8940194668344,760.6266699678104,country
5179.674882706793,782.3071026627961,2101.538599424045,628.9973343161632,country
4435.639768580391,1139.1756447833861,2253.2506820846565,562.5580216010102,country
4131.180832677908,472.7400790259538,1436.0348090648222,547.3076862613398,country
4976.5071669675635,720.040886505966,1965.2766130317455,522.6818919765935,country
4487.637975520268,679.600278222136,1596.2209118646292,528.0459665172548,country
3873.4070165666735,491.8596640920504,1879.9377904823468,529.6149220141309,country
4703.234569190389,636.9380704917938,1589.6339830496386,573.3598492618638,country
3854.3977581045947,592.9717610964653,1623.0094791869064,483.8700709626691,country
4921.464621270419,354.92973320098304,1321.7303764548271,715.3177409916514,country
4498.040931415222,777.6392847186816,1927.440445207883,520.6316292446294,country
5090.892175909052,659.5814345139712,1563.418330350697,612.369225651066,country
4291.398051165471,1459.8535399659456,2334.8728690400694,425.2341227805524,country
5347.485730788093,731.2152436564367,1537.7642289011035,582.5972050856607,country
4976.3549282441745,626.3430959337526,1474.9273965783307,585.9901653360959,country
5504.461448069258,741.6577097781721,1555.9530441691845,640.4287686798051,country
5054.1680872842,865.9264270486694,1754.136013678211,570.2404009565997,country
5407.071816143003,614.1352343676206,1560.879681193182,762.9451391150888,country
4748.706089711416,667.0811966277364,1425.2635086415025,517.9368712163558,country
4642.26644611369,1094.984537727459,2157.2057764192828,582.2423240160239,country
5618.371378891418,747.9740587108136,2297.0855296754116,948.6640181660345,disco
5177.163572685409,1748.7447782649,3290.492128011359,744.6417281987161,disco
6995.992407637521,1859.0545492549986,3591.733832432975,705.6884857173123,disco
5999.120165710925,823.108242449064,3048.569042408998,883.8705078317606,disco
6449.37268212276,1732.6237296197514,3328.83080875996,800.6620296993541,disco
5723.405059973717,1036.6605189070851,2722.0804866095004,660.5576739969853,disco
4956.99875661557,1700.5041035690274,2848.2245212084563,385.6632079032585,disco
5880.1979161355075,1506.8082684388826,3099.184146958609,738.4402696816195,disco
5763.64049990736,1543.7995948572113,2802.5414181854167,556.5603867212238,disco
7156.157038620562,1211.22258593462,3016.6305721665353,753.014403583515,disco
6407.430049604298,1381.646916642964,2877.6468554880557,581.1825663925221,disco
6671.3257122273235,1418.9992767099984,3132.8492391926916,792.5283413252058,disco
5822.5321857195195,851.8020970922112,2739.075570318749,699.1007053760079,disco
6041.115289670532,1323.7068063957202,3391.832116998445,769.1780774476789,disco
5114.431093539695,1407.3582873378516,3087.4839714263608,535.050036846431,disco
4975.3655344227855,615.9450208265263,2361.7359612627865,831.5797678506385,disco
5638.858312135935,826.3103103921057,2522.870261595005,723.1552835923004,disco
6043.478062048398,882.3585804771348,2564.6775898680144,941.9069829356891,disco
5497.708507098781,1247.5328014074607,3043.3808312948668,674.2775554285477,disco
6051.597464843476,478.25082742200834,2117.5507615810966,961.4880402407827,disco
5086.395496713858,667.4956639253963,2117.828754749687,717.2307683720663,disco
5677.224003437076,1326.3998934008418,3248.532892531696,826.9284018832873,disco
7323.721354457395,1215.0782264541372,3707.4873124552905,895.474410127021,disco
6914.900176952747,837.4550175150463,3167.808308278293,837.3017677330297,disco
5438.714794678769,1291.7003796932242,2625.0950435719697,585.4210012021217,disco
5921.790116086214,913.276913742906,2410.0020284085135,770.408189640826,disco
6973.470658487778,760.5647705988747,3042.993183685542,887.0668503585296,disco
6858.786183485694,481.7445444012256,2909.983968323645,1220.6579952699335,disco
7620.538580656574,1747.7404293885927,3713.3669465628614,1011.5591377049852,disco
6249.889744137051,1345.0645094768415,3075.0591499131765,620.1865774681165,disco
7052.918470351645,994.3581456220777,3168.1112407276755,819.4340019017194,disco
6418.832688675116,2070.4594439096836,3257.1269647782547,623.5034431218706,disco
5765.070185266722,652.8397302194596,2447.5053955153658,700.5133250283557,disco
4483.6620249489215,956.504786511727,2450.407811824949,638.8408969796815,disco
6404.5980628460475,2333.3700563027123,3653.396938248415,564.3777661326741,disco
6767.711581720052,1356.113274188995,3623.816329767186,957.6295134135217,disco
5674.102343471268,1684.5905066832343,3348.200998778099,541.3776115373835,disco
7097.135198020712,1667.6030318411613,3637.551798614183,697.76626730771,disco
7327.775003996744,1829.1700664850619,3354.360372705798,749.0709033959987,disco
4619.770660753472,904.6359913147716,2328.7358231032517,580.9787988052461,disco
5436.614332830111,973.7977204575801,2605.1587796194153,638.0967258069247,disco
5998.539229404427,540.9897830297093,1776.395880167348,787.2268044966022,disco
4581.716433076594,809.1268847867357,2403.9325973991713,553.1104080506079,disco
6973.591245586783,645.1881887182645,2875.5237936989733,1129.533280388213,disco
5705.699167076535,930.7577115791987,2330.434148908128,702.6516150967747,disco
6347.566031934259,682.5460680929807,2248.158015948584,916.9718777700609,disco
4771.910306665155,975.1784655165211,2259.6674992467647,528.0524387495071,disco
5514.112850798658,879.78352083447,1710.8442048807337,647.2008650273667,disco
5543.291625262663,1080.6178075407975,2616.1768455989095,585.4895107135419,disco
5715.610224703651,797.938489571166,2397.0525250601117,751.9924293409716,disco
4769.592915314817,992.3807694744885,2376.1512624396605,442.7406754731748,disco
4863.443303205215,1374.865681616693,2651.320247208081,454.494450327188,disco
5212.853054527093,1473.0496735951203,2591.501776946004,506.0127246596747,disco
6289.824119277763,410.532335625447,3079.468912929239,1109.191329705234,disco
6629.862143443981,716.5871540593936,2566.1260440076685,908.7582427675856,disco
4223.245265682259,1066.2789934550651,2108.1997866131837,494.7485600439464,disco
5357.2807663329795,441.6608425209699,1755.29035831144,564.7535931893796,disco
4124.169886876925,1043.2121412828037,1937.9357564245327,359.9304497720149,disco
5834.945963626396,970.9769029657123,2217.9682141554113,625.0685224017777,disco
6656.7611383081,703.5675585493454,2279.818496465602,763.2303321491403,disco
4273.08074312156,783.0668280675131,1975.2274583089036,592.1647827414478,disco
5887.912322655992,661.4423000572364,2550.1353840409706,694.6447980907532,disco
5143.364353840338,589.3355097802739,2387.9223810183935,660.8889110103737,disco
4322.462408549524,590.4775304062746,2583.3267223720927,663.8300123517207,disco
4520.0840453706605,516.0951403537908,2144.293079337398,715.1399799195158,disco
4938.482791440806,612.1132381968988,1887.648892071111,561.7158045624067,disco
6233.880627347498,752.8583245075026,2492.852105625616,698.2828935936791,disco
4443.741502541859,1427.2070557191792,2541.995563820996,508.8730637162954,disco
6071.8615034488175,1197.671234320886,2956.6002017867727,721.0938474689751,disco
3707.745414250323,1115.0402879296375,1931.1496588965551,434.3800925955448,disco
4803.919830656015,1067.5697603478734,2449.29692090516,461.0252118864576,disco
5108.469823393196,1202.3447130022187,2809.0215614183335,598.8161796301804,disco
6266.175572337148,1438.7075898809733,2902.983479819811,674.1446530539248,disco
5849.623401586288,1628.406255991062,2846.822609258425,561.2773889645528,disco
4860.396466072398,1201.9755626979959,2649.217859506299,515.8076925383832,disco
4580.447190196459,1610.4867479095265,2690.9327594232095,467.6004882474258,disco
5057.373350199954,980.5706892723515,2252.122477991829,476.57404805711303,disco
5247.283118009582,572.0892041131806,2308.7942061484296,607.9339908012148,disco
6310.605866785392,1018.7249251454489,2219.3232370903297,571.3686199243743,disco
4158.288398627751,666.0411674065957,2292.5777007306697,655.3063625962726,disco
5649.073895172762,665.4670100238582,2143.645601579037,750.309896952129,disco
6387.9098983529675,609.5872059005251,2292.4188534386917,784.4120587575171,disco
5469.222891291698,532.8823937788363,2577.013955445136,921.152026444939,disco
4693.232102428647,621.7917573300367,1959.5165154567937,680.4269567025805,disco
5179.180506125039,635.743031690571,2455.123993889786,755.0270972182586,disco
5954.365890159782,1453.965291899524,3002.5267327403194,909.4114398723468,disco
4959.123691395604,675.8926389467239,1867.920645214347,641.4888328286188,disco
6081.270942347109,930.6216327198712,2139.422668885001,576.8497996084631,disco
3509.07620258436,1026.7585469659202,2238.7992591828065,401.35755567239386,disco
4519.438308772391,936.488529998738,2129.345892073828,571.3685959640113,disco
4527.647177936401,801.6328014234942,2574.7458405405782,657.9794569413317,disco
4736.09915003457,462.2062297195838,2036.7728053129313,785.6432813387822,disco
4313.234618256114,783.6844375955952,2457.998545349931,659.3452375962969,disco
6239.846761732105,674.7870121679971,2461.1864563078684,700.5061559289184,disco
3639.3524319054086,933.4274176936889,2208.1328124766883,546.8557820323331,disco
6560.433151687764,527.5649147334301,2487.5432667804666,756.3937472024747,disco
5214.399613333903,979.5820343188374,2481.8873521922237,608.466572186464,disco
4725.92472692535,1295.253924978347,2826.0632065201476,561.7286056159443,disco
5637.687850232876,1046.39250369164,2417.4575774196123,594.239652871897,disco
5637.687850232876,1046.39250369164,2417.4575774196123,594.239652871897,disco
5259.474350342351,915.174594432834,2667.6644950693294,647.1137589352012,hiphop
5853.122804266897,565.1130000280486,2808.1424047295222,969.1416298729127,hiphop
6196.678489823929,410.0630980645286,1490.5209976736182,796.261303488711,hiphop
5074.495192956063,488.3128926245691,2493.163873386176,703.9608850067647,hiphop
5552.445526352244,115.33636759727138,2372.727830464353,1035.5045350971864,hiphop
4634.446152686274,896.084069699921,2708.961369079572,498.18817644473165,hiphop
6633.297910844544,607.7080622825301,2859.0217016116917,982.6445975340321,hiphop
5447.131119236679,655.3524676254026,2047.1206936924293,705.6991121559296,hiphop
6172.717975261643,454.95773106775005,3069.3957462010953,944.5132180478533,hiphop
5198.557890753096,451.68061547087467,2199.9161926875736,991.3426805316928,hiphop
4194.398310844501,881.7428713139268,2284.55370212723,491.2008977469165,hiphop
6221.888170272924,676.9187360115723,2095.299910641609,656.2290566256409,hiphop
4574.850220047962,893.6013113595138,1976.549434258332,464.5528792523583,hiphop
3690.581101254078,515.2214170364176,1798.2344278471103,696.3650133472678,hiphop
4737.295022771159,1045.8853796915014,2437.1444907707787,515.4614137217455,hiphop
4588.418438998237,1017.022387440772,2395.4961915907224,532.6548971552023,hiphop
6457.804858687313,644.4859228352616,2433.764467895008,775.9287219675605,hiphop
4564.2770505079225,807.5150663191374,2144.7945283136132,483.7465109635513,hiphop
6551.53367423209,861.5675158302937,2677.639716237342,1001.7041889637774,hiphop
5622.27138321428,480.9430663559698,2470.722261751021,911.5170340758153,hiphop
4942.267335632667,389.67826543685,2677.5983923954295,683.7054742485905,hiphop
6270.841796781323,1008.7322505399318,2405.583528662883,722.5854387334774,hiphop
5610.429322680742,614.5886037321715,2025.7166367772425,712.5976691064485,hiphop
4720.424864063785,1035.799602731021,2240.303179895369,500.93955659017337,hiphop
5713.570071525518,981.2919568334019,2517.7477344658787,625.4602318695444,hiphop
5271.312953846847,873.1949136043715,2305.159094261,708.7343213893217,hiphop
6814.068705139698,719.9082746913325,3459.9805023977,1023.5769008747492,hiphop
6921.24703037987,859.6605803327232,2637.423221756739,1041.2743830387874,hiphop
5775.921064001857,815.5496621442853,2774.8710597925838,928.1815501412874,hiphop
5847.5125220264845,1113.2959966920525,3131.3432604675622,967.4319990361874,hiphop
5121.339215180238,2497.3101282094503,3724.7745540689534,525.3961259949326,hiphop
6387.999865651768,1408.785922210353,3084.823803835227,744.9798255063947,hiphop
7510.246767193489,633.3532596134551,2145.8909456679403,975.1660853730884,hiphop
6469.095672444848,858.4006153201384,2982.0828216879877,913.5862639987947,hiphop
5251.7939076050425,2034.7041191324072,3191.1765111921563,509.2171794652351,hiphop
6259.856723678257,491.31650190333073,2825.5302058439606,1049.2097384825638,hiphop
7602.172172113826,0.0,2960.0131050840496,1213.5007505174124,hiphop
7228.830141145771,0.0,3770.076510931996,1320.6485122713623,hiphop
5831.445734464167,0.0,2202.294894909923,866.3593144253105,hiphop
7987.022663119844,0.0,2706.671462969437,1254.5204614297343,hiphop
7915.894463610312,0.0,2431.6745535797504,1439.2687543190862,hiphop
6121.424600545135,0.0,2708.8083143367103,841.0745351651836,hiphop
6334.302877574519,0.0,2908.796470903027,996.9112029390245,hiphop
5759.95743428631,0.0,1834.8226197049637,950.3819457009234,hiphop
7113.671012505883,0.0,2548.763610103982,1061.7042925552137,hiphop
7987.022663119844,0.0,2706.671462969437,1254.5204614297343,hiphop
6062.711697847858,468.47894595417836,2306.786333654934,950.7111311228003,hiphop
7333.034266893665,1057.632798378218,3236.209213204448,1133.668481445304,hiphop
4775.154966590428,367.6371985793693,2344.385704110778,925.8832947812132,hiphop
6503.802062474987,1176.1638853168797,3084.49736621843,791.9376029763698,hiphop
4966.2948638880125,457.81049860713085,1683.7287651610336,805.7876601072845,hiphop
7149.331948682121,495.3242862491046,2500.5214052692772,1116.1502093229699,hiphop
7742.95912361859,667.733911669396,2595.7828211897213,1172.142342423654,hiphop
6800.337875956715,616.0010506208507,3079.110333516352,1147.6506740907066,hiphop
7644.070633185729,1500.4223911385131,3258.793766787988,915.2901063462574,hiphop
5855.479591893126,505.4239970853514,1735.585490305547,724.7276211351584,hiphop
4351.028202037046,644.6457372722255,2355.6212971679674,596.0906382426757,hiphop
4815.418328361227,415.07471162951396,1811.0907896061105,642.801807981512,hiphop
6741.414059086904,1110.6098692713247,2676.5339158928136,981.7114337198825,hiphop
5014.2317777681665,483.248270310564,1949.3068337725929,808.7427177447081,hiphop
4073.237218516827,441.08276396048757,1717.8344830912768,588.0409693351282,hiphop
5165.97610112087,521.1563589256053,1811.4872112197718,570.7011665631052,hiphop
6999.424884021869,197.03681757457872,2449.072471473843,1319.661164028822,hiphop
6564.790581583311,470.39668080969125,2671.074046921852,1116.0447372544193,hiphop
7087.155216353266,987.7904296409404,2429.9366981285525,815.1815496103337,hiphop
7562.25594444334,448.1852097333117,2447.9815175586623,1384.684105913907,hiphop
5803.697275664084,430.6083644758248,2245.154361791799,868.4423802845319,hiphop
6560.26371519138,953.140095618933,3053.2752031085,1070.9297927339346,hiphop
5929.028726454502,613.269600074246,2545.058137595846,849.3986474194729,hiphop
7959.749528502139,885.3068650122797,3299.4401882648463,997.6553339592947,hiphop
6419.750744607234,549.7139142997744,2501.2590332764667,1115.0132917901014,hiphop
7811.4979512387345,664.6207507072954,3186.9100196388795,1154.5795145478553,hiphop
5180.039885590008,521.084182071778,1818.8189648008918,858.3799196520293,hiphop
7832.275821631549,564.0591186999272,2566.5587159430993,1201.2357312969186,hiphop
5943.222953112679,779.236526195997,2775.2916756698173,852.5090242473261,hiphop
7498.557263388769,563.7841529316565,3139.605595907772,1334.6313197695706,hiphop
8369.550101706067,255.67258315716148,2328.3253527931365,1137.4009677986464,hiphop
7467.007643833378,751.765126818948,2986.424482781587,972.5485705288959,hiphop
8369.550101706067,255.67258315716148,2328.3253527931365,1137.4009677986464,hiphop
7691.142173224409,676.9611484952269,3213.1475995022706,1188.131691140953,hiphop
7248.15284275157,1199.1045058063899,3377.342806125731,905.5306254721064,hiphop
3245.1837313977135,336.97742419499747,1469.3760071340544,595.4278065328218,hiphop
4344.741938833955,1133.620646992065,2290.1073172098386,618.6366941882243,hiphop
4767.8514925752215,1046.5136876368874,2368.0288945886214,559.9765799472725,hiphop
4936.707695516857,378.71622405338326,2044.401882826191,767.885329376845,hiphop
5101.8711513832495,1452.190705427805,2607.901477762481,552.1687187785371,hiphop
4277.487804129076,533.544348339934,2083.3938073156583,666.086168130156,hiphop
4501.047106630118,754.4913465765785,2472.4886433893316,714.3774531332839,hiphop
5974.6476451029675,1360.2345893159136,2694.9757202803007,524.8135736378454,hiphop
4475.537400562378,1339.2269189030067,2670.154564180569,581.6749312931855,hiphop
4439.821333248461,1251.5597124737174,2272.8344396359253,471.61339618979184,hiphop
6375.629134718411,1033.8938488261415,2628.976733892851,510.7786754976764,hiphop
4358.400176955759,969.199371236432,2330.8396286467496,526.041907016392,hiphop
5144.071169266002,1112.334415765618,3185.1421648188357,653.3334098962303,hiphop
4211.50981150876,500.2384388944135,1929.5861394900112,557.4955018191605,hiphop
4510.536176435925,1224.955867335088,2735.795801904295,529.2709606116225,hiphop
3194.3240292371756,895.5111386001586,1752.0147469438048,402.59868296882615,hiphop
4998.114915943212,1355.5123646932489,2581.7275248651713,589.095386794619,hiphop
4312.9569344370175,979.7035667273674,2538.243492690958,552.9533029707123,hiphop
5429.444218073968,645.558214310511,1963.1932863605382,822.2186572711622,hiphop
4260.840220583621,493.0381909661744,1504.4850154646924,744.7313238545096,jazz
4095.063644216284,437.2388760008449,1266.3462017425773,549.6303883986998,jazz
2306.8314226760076,448.18286286880755,1064.8215159672657,401.475752265772,jazz
2087.7328793443653,391.9821267553535,813.438637907267,304.76083958728645,jazz
3555.3971108730548,384.9194467515546,1039.7104746491068,349.87979117660666,jazz
3104.0772698835417,182.74856148881736,1267.9899184404012,535.3148861546881,jazz
2911.299627905835,279.69588444126737,1220.029520954962,515.1181585170325,jazz
2316.5454742043466,404.36146386532346,1170.1567960018328,346.3514239766321,jazz
3709.2078094106682,235.66682586315227,1304.6853076497657,417.5788191033173,jazz
2422.6888481408228,358.95023550728376,749.356892026902,213.99919229804726,jazz
2030.5372880659493,205.43167368496938,829.2976286405785,413.6715428290039,jazz
3571.8850769344017,835.7710470200909,1825.975174657478,360.7177521859642,jazz
3009.722693000408,869.5373721097121,1651.0000254572788,346.1975469140293,jazz
2988.6163612998034,1061.2822201907322,1790.0061501819798,296.59091985530483,jazz
2474.3397541055856,495.0807472280612,1171.7778496066571,408.9882868683905,jazz
3102.343644331194,1109.393476678681,1782.4772447981197,318.48039097261307,jazz
2566.0642879252014,725.2137553781861,1465.5161214444647,378.5019749603052,jazz
3475.4035778709954,853.4943750557907,1934.5171206250077,528.095309960494,jazz
3154.4508017991525,1169.0352752240603,1992.940889770266,253.91093038708468,jazz
2589.087708764503,483.989854601328,1352.9901251734143,297.7949873453353,jazz
2646.9066103083996,497.66487266659135,1171.300845191801,341.6965318873818,jazz
4395.771372667961,815.3749146684203,2915.1352678669505,682.960096133372,jazz
3820.4078742465626,696.1398786184234,1451.4983708085892,428.9012096156784,jazz
3393.813564559706,703.6126519760172,1987.9269510908287,467.2354145683477,jazz
4439.562848360284,691.6823270405165,2034.5791583014357,560.9488056891289,jazz
3166.6586965383212,824.4467297695242,1698.0690970061605,404.6064232924422,jazz
4799.755648604316,537.3921974308746,1367.4115373398713,650.1577434954602,jazz
2989.0129951340637,687.0792147527562,1769.4015988203764,326.0519099804478,jazz
3240.524761918512,1050.427138640466,1853.565940002106,333.37656029841287,jazz
3779.178065192245,1104.603967209854,2235.3440263124467,406.01566799179056,jazz
3213.860819309478,516.7312070578805,1687.2984529120722,508.19015057420114,jazz
2872.4055455380008,978.7971928788301,1752.8065044611458,302.67396856247524,jazz
3596.815832661846,536.9186892963321,1522.3484494292725,572.0723015354426,jazz
2810.085202503101,523.2177793729464,1169.651305266272,364.47984897081886,jazz
3806.373507274868,834.5586682829843,1759.5124731911087,516.8282531875951,jazz
1776.9830966003642,441.75663873223124,844.139158443857,226.68513063461728,jazz
3492.1818102679817,625.912421362711,1482.2909039188226,531.7950122641028,jazz
2938.2107807537677,575.3456182208231,1276.6962576134347,351.86166352210836,jazz
2926.0556497394173,885.832459997385,1554.3796466313136,280.6923372923759,jazz
2456.0565319390435,563.3208672354807,1311.60693244505,380.4551152759058,jazz
3542.611593893816,609.5761533413414,1317.1069234104732,426.786867699254,jazz
2899.071320257983,579.5966983003239,1617.8954526048483,399.7843429318715,jazz
2996.062784588351,680.0478605725821,1344.4488684978728,432.4585717356164,jazz
3196.742993054161,747.1555977377922,1760.2398026938545,346.39413523201927,jazz
2428.3880638280066,344.3510593765134,1004.9502767843944,355.1362898068073,jazz
1964.1419475650719,475.73971451859484,937.3979935101174,240.67222625581098,jazz
2426.6745763282156,675.3534293843746,1295.2562361874366,286.63553063253096,jazz
4341.7975806480335,1000.3431176168397,1982.128406594414,503.33810636248955,jazz
3442.276352719997,835.0925373878658,1748.033359154348,363.663843814069,jazz
5239.74312198629,905.6117146400729,2050.1360117687555,724.4312485862177,jazz
3833.50058239308,1078.2032367599031,2482.0697591644134,456.9353915524933,jazz
2842.0446147944676,555.4796480327666,1193.8785300207214,366.1146893100675,jazz
4105.473968853466,739.2473910510589,2291.40596154199,611.3460311404101,jazz
4082.302644565567,862.0882645203388,1804.7156342972473,545.9801372417871,jazz
4952.168935550069,1398.9601052687422,2545.8823612406873,612.0262812687942,jazz
1794.4748220588924,457.4494438336761,871.7686823717257,224.34765299994064,jazz
4951.5415414025765,1035.8954394678312,2978.340195836321,519.9501323044329,jazz
3261.5136345032784,637.8139891916157,1377.9769899190874,409.61020805020746,jazz
3566.253940540982,697.2171742705863,1546.5084684432404,533.7731023218563,jazz
3610.228487919774,452.69724923265676,1397.4044754206911,595.3511852495905,jazz
3440.2339716694914,637.1346618235938,1428.0387427879932,421.6728824451587,jazz
3720.5525636000707,1081.4701172044092,2456.269859484557,467.30698730484016,jazz
3424.145104233384,1002.0239653210862,1725.634529881166,331.7060558456208,jazz
3680.2080183688395,1569.494267625748,2475.600948932538,379.7686323044364,jazz
2505.0043130250947,946.2488878752683,1575.4538722244806,268.7299995971904,jazz
2534.958189630316,585.7275897372134,1338.2362327479111,378.46733096826756,jazz
2834.4424195026086,677.6595157390898,1579.0127661583615,345.7579380352327,jazz
3728.103560784004,648.3653287041657,1354.091907952492,444.2333541094206,jazz
3056.0416736814595,713.3325870022927,1382.7307307513365,432.4876655367587,jazz
4132.218258843687,877.9787541598948,2009.8139341741075,424.9911091043027,jazz
2920.203870167015,480.4688179904931,1117.5098783260405,402.3898011985597,jazz
2014.382727132465,506.5683640749413,971.5475879273915,243.28567856928095,jazz
2468.475399420119,730.0694337458228,1336.3698514082128,283.0942592827191,jazz
5007.524344184651,1782.2595160203832,2968.6025049111918,599.7729285683992,jazz
4946.141443766658,969.6333231102625,2414.8570504216905,714.8078302413983,jazz
5043.745569529706,1507.8916928372503,2902.82821566787,579.2141451836976,jazz
3930.05439653526,1061.8460937377095,1733.583197438951,383.7365130063734,jazz
4982.123793033983,1122.4536123789867,2777.9765245831973,515.8906621701751,jazz
5031.31271865774,1273.384805420837,2503.139917986025,577.3385389541696,jazz
4604.628983007016,1079.079592286728,2634.31927410472,600.9023399421554,jazz
4429.679944388648,1706.1168161779917,3029.035019175566,464.6323855304478,jazz
6313.566775964344,1293.6657123543664,3027.140362364138,1016.5886698162079,jazz
6880.477382042856,1061.9545069916212,3906.2972141879636,1103.5134502558992,jazz
5564.904932707683,1736.4937474575313,3393.85747843391,754.3106189086991,jazz
5343.885823498126,1567.767511624416,2874.7793903037787,579.6298718001962,jazz
4969.043128806375,1355.1678856017293,2861.066904080777,564.7934707586297,jazz
6332.974403592825,1890.9448578748004,4136.053468375719,735.7347604424323,jazz
4807.175198163558,442.81363415389814,1845.876114977027,855.1555180733592,jazz
5344.850545714074,1138.2872504391407,2428.64126848134,664.9507821601618,jazz
4369.920913285835,500.11416052961414,1787.9364795489194,681.911252078964,jazz
4089.6698850585744,847.0599405418579,1875.229063673461,535.3561469904603,jazz
5995.171221094292,806.3357246330174,2958.852744571631,1380.801607220577,jazz
5633.390103005477,713.3507951284956,2213.6699618752627,1075.560293767128,jazz
4415.639465952688,1120.2188033224006,2151.9851228219777,488.12118880937584,jazz
3734.6818159755276,272.85732736452803,1077.172276755956,481.3660440104624,jazz
3955.384098526639,844.1269376051525,1855.2856493328134,462.46679352673254,jazz
4659.209064426667,349.60081260090067,1874.6280401678873,716.9603516505014,jazz
4703.076303328741,304.0669908028715,1176.0043624199332,496.1170904554378,jazz
4259.57145013833,512.6696450176347,1884.9439010872504,547.5562469178816,jazz
3454.7267053138835,509.95570984976484,1492.5645313268285,518.8825719979318,jazz
5267.190253243814,1941.3642239087212,3274.344587344726,518.039999805462,metal
5491.244979619445,2030.9970895949175,2922.9083948934735,428.9961791529783,metal
4233.25677570775,1335.1033106979933,2198.5048744000246,382.64941408163,metal
4134.4127086240715,1804.851348036272,2751.9264232319797,394.3531358582349,metal
6231.8724900772095,2139.1037466348344,3403.0755099767166,517.6975403010799,metal
4341.1947803895655,1560.8488695888886,2464.596757229611,442.21625092564625,metal
6201.84852801825,1921.7836551331109,3237.576392384388,588.5405350355829,metal
5602.819233488584,1932.0058487285366,2939.5298004335277,493.99265333739754,metal
6499.154700737733,1344.419519705011,2964.569477104586,922.1593789767238,metal
3361.4239543582707,1236.9483171301517,2250.8905487607403,311.03576489686225,metal
4407.443626121094,2119.5793200249027,3048.5052057627486,335.96582220147815,metal
3652.6776283456347,1823.3209203279612,2699.980049027539,209.20715710857368,metal
3780.9617346207688,2120.5004779502465,2803.3032042918117,282.54282310039497,metal
4984.755238672435,2236.7050081097977,3047.8529556726644,340.9608633270089,metal
3854.079764540533,1911.3651638996985,2877.399022184443,306.71245095219433,metal
4525.331056287449,2259.0723531898393,2986.8234675102585,359.690551072376,metal
4280.699605993256,1855.4338551687276,2743.397114836447,380.69462445050397,metal
4964.801513781566,1738.058397662393,2656.165733811904,444.6764619553898,metal
3473.1471695202827,1401.258316154181,2291.278829524951,360.9451442114798,metal
4423.39968471837,1575.5743613838792,2699.5975275925707,463.46340069535876,metal
4004.6446387613983,1203.2044258787953,2658.218846315075,434.95373959410534,metal
4750.6194882411355,1990.8766784762172,3046.7299310683275,400.56446909927826,metal
3736.0058547672093,1331.3651940028456,2218.4992053822552,301.906108374569,metal
4107.106111300229,1454.3893841741074,2576.107537193496,378.469013848844,metal
4451.538487743883,1487.2814563632196,2410.9864117096813,459.5519481074462,metal
4511.239128887384,999.9822388271607,2384.812610069393,517.868578185815,metal
3606.617386570926,1978.4544518567236,2871.3062606591275,249.86086385289536,metal
3576.154885132055,1111.566111311171,2398.412461300562,280.9555247313744,metal
4579.1809225474535,1905.3035149143057,2789.3008413440025,376.6427871237564,metal
5393.20163948284,1362.910664318431,2955.264493048981,507.1591765146065,metal
3179.3237092308696,707.9980698803159,1525.6954689155511,451.17272368241373,metal
4608.9255638788045,1526.0112004924222,2566.9106081213795,408.6975359347124,metal
4531.878730976198,1347.0979822699778,2502.534247787261,440.83661813153583,metal
3733.6793316517987,790.8065915518928,2029.838779117267,568.5392774371176,metal
6208.34526890849,1716.3677204471746,2707.542366392669,664.7377442434612,metal
4685.190735743905,1143.7926861996734,2836.9479780059805,491.1733534738793,metal
4158.503676723785,1694.9557039670171,2685.829174777157,421.6935351233455,metal
4841.000126363922,1435.537996108392,2292.5102906267534,419.3791856989125,metal
4557.777044928656,671.7858958035586,2690.6514146405448,691.2398065359338,metal
3216.7965728444133,538.6589137360531,2099.3502080580092,576.9030811815177,metal
4662.142768312049,1686.325772539007,2709.5400662336524,457.85426143915777,metal
3496.8095632434274,1306.5515065779023,2269.195809265254,368.61254538206526,metal
4044.4671009063786,1489.897758484693,2463.449457988448,350.99651041377723,metal
4969.529292869281,1028.7560940325066,2683.3299247001764,588.4692819679201,metal
4474.095326184406,1745.9140884418175,2760.342381747682,462.7111996057051,metal
5444.628823607036,648.9705196109194,2389.4350407428724,604.9042324616487,metal
3821.1254969118486,1835.4561319784725,2795.6746738212287,309.1106568125299,metal
4538.347139247904,2025.4925182208767,2908.2602663660787,392.3413654032826,metal
4273.463757455987,2267.586853646124,2889.2745891262425,289.3289391498036,metal
4278.870021466015,2304.606325844643,2980.1601162720317,294.9724340136228,metal
4187.217062533584,2056.9339807354772,2987.2017927601714,324.6546934565999,metal
4710.48875467124,2102.382715917828,3401.3393729816585,425.9879199074457,metal
4590.62798903291,948.201916923629,2716.8331744803377,508.95153810740044,metal
4497.565282505802,1882.3476021510357,2906.853705741146,345.04830586757936,metal
4641.815032481379,2177.456878930267,3114.3297936764384,396.81931678909166,metal
4277.19331042543,2292.478517353252,3108.6767565172368,328.05227691617256,metal
4021.2677768925655,2095.8565317010925,3010.8123923120083,352.422030355655,metal
4189.148104252748,932.1584589037029,2718.481020334438,494.9103438321925,metal
4352.757242769967,1677.2726911031561,2459.380774609245,359.69513935610115,metal
4430.734555927298,1741.9614635333048,2442.6700032492176,295.87733226499756,metal
3205.3113841976115,1378.0140730428657,2315.869798994584,338.9483505262474,metal
4662.142768312049,1686.325772539007,2709.5400662336524,457.85426143915777,metal
3496.8095632434274,1306.5515065779023,2269.195809265254,368.61254538206526,metal
4044.4671009063786,1489.897758484693,2463.449457988448,350.99651041377723,metal
4969.529292869281,1028.7560940325066,2683.3299247001764,588.4692819679201,metal
4474.095326184406,1745.9140884418175,2760.342381747682,462.7111996057051,metal
5444.628823607036,648.9705196109194,2389.4350407428724,604.9042324616487,metal
4171.790423430148,861.564415808115,2254.451747576693,426.1423513974258,metal
4318.404170847876,1299.144029602489,2302.715035066139,455.3913725173029,metal
2974.730277452323,612.373837535152,1741.230448837244,426.41236355627444,metal
6440.172657586698,941.0045932327866,2742.9700507241196,698.1091246613233,metal
6061.512652385504,1643.5948065862644,2808.0046132758303,508.4678276502497,metal
3742.8888954003696,1405.1915950203884,2340.030969442318,351.77446678222464,metal
4629.525485125194,1333.5212117214069,2642.032925267656,539.0793332538483,metal
4906.687942749899,1295.2200602198297,2723.6442922501283,610.9513332634323,metal
4658.957646456013,884.3291836546881,2068.684393291836,624.208303784552,metal
4388.526482819769,1663.4370268950129,2792.69028089618,435.0699214209653,metal
4746.779789291666,1952.0354855201917,2741.0869519388666,350.95887850911583,metal
4769.767824807435,1313.5719537153573,2815.480454843772,603.3313912494439,metal
5540.100325299511,1533.6001223162552,2710.046719088186,497.4285301945204,metal
5890.442127847113,1199.6225791547565,2848.1820222911288,557.1465752127643,metal
3141.7252750082225,1302.647041581445,2138.2402466992257,311.28841271731335,metal
4454.55193558379,1506.5954378332367,2378.392047682171,306.57760442920863,metal
3994.7189805376756,989.2043687226221,2340.7560583551026,543.9988048006636,metal
4717.693714543863,1211.8723637249698,2522.6734736583435,486.45628542965005,metal
4396.465329109894,1772.8611325847633,2647.051996179403,429.77182488427525,metal
4951.745182256772,1286.4070551180284,2629.010738019611,463.8870474495671,metal
5052.159830567668,2288.20996276685,3338.6695493638313,414.80344346385084,metal
3828.656881191677,340.71964710650536,1988.1097633983852,581.1640816479696,metal
2843.788402479523,653.5747367055421,1443.9436096501126,384.5067547759935,metal
4343.619306249943,598.9765347877959,2141.760929230662,475.19806348479915,metal
3916.210860490742,1033.138672836406,2323.7803125839823,465.2632010837671,metal
4088.811009456527,1257.6477501867132,2090.459458812869,413.7480161387458,metal
3624.9923393435593,1832.1036280304515,2644.879746270457,293.7315304512568,metal
6208.34526890849,1716.3677204471746,2707.542366392669,664.7377442434612,metal
4503.702953875178,1238.0020537395128,2445.2036390466114,505.9199990048493,metal
5047.218461634612,801.2498636689401,2493.9383739012565,664.528321059915,metal
3672.409530325761,579.4465461898892,1983.2971579616074,578.6431283307264,metal
3558.4642121099346,337.21920559746707,2241.454932021369,626.4224871430706,metal
4855.872684459075,754.7830734215281,2375.5535394204044,563.1633745928652,metal
7532.942458069395,509.94003183125807,3422.09468149683,1039.6893658884026,pop
8516.06756105413,622.6715884164064,3702.9280307469617,1184.9899728839919,pop
5720.48035306499,962.1058204068767,3213.5168357524235,1003.4363438397604,pop
7582.089486735564,573.5709282554159,1837.1915021276122,887.6745859112846,pop
6526.857952212304,934.6195576019305,2753.2217695690533,847.5640128244586,pop
6372.487690875055,647.2839188412853,2290.0859205861993,741.8064840354388,pop
6310.662862009926,782.3494355776088,2125.407987247135,851.6687155006467,pop
6156.518709715687,335.6831271803582,1968.406451738277,941.8878815577211,pop
7513.716629601158,698.671998357735,2885.3303650492217,987.4225993901129,pop
7277.083401644242,1407.1492225097766,3279.967331919143,724.4008548054574,pop
5188.942735871029,385.18648005182587,1901.4116458608453,872.2784608697093,pop
6319.747087705864,981.4154017494202,2200.7996809378255,748.9059641754128,pop
5397.476828371862,1168.134850090444,2679.283990435232,761.4806041830183,pop
6579.149540420061,703.734732835318,2150.0852289733475,996.2708969766151,pop
4892.1498523115715,899.0002362115018,1997.9771681391264,527.9996472121753,pop
7989.981050662799,1498.104818667665,3207.220332530297,917.9528103864908,pop
7010.051187033098,1243.2422787078256,3490.329749103936,955.8417287171509,pop
4899.290780934867,1526.5283072704703,2789.124375291772,611.1182486697744,pop
7806.884570182797,1130.8677760118667,3433.922154885528,916.1818671531781,pop
8029.203559162339,1108.7443236512706,3130.9812157055826,1095.4367059039694,pop
7334.44241106045,1611.271193974133,3487.499620845841,817.2308453369691,pop
6524.540512548936,1517.6558752808546,3502.139027552241,904.0858144160378,pop
8007.660811522788,1483.0348582979188,3206.199866747975,915.3078269802473,pop
8038.085769827249,653.6462749609914,3759.8089733780153,1208.2547415631375,pop
7412.694107651374,1022.1530147816185,3301.864702950636,893.3471717578739,pop
8027.252393338115,620.2265930167099,2928.650384267872,1257.9664844532308,pop
7267.2729131928,895.0262973153515,2526.130442474535,1004.7266360671954,pop
6371.844311698396,780.0097147663594,2682.7131950195294,897.5989802416822,pop
5648.925611087889,1256.9625168694483,2946.5774177457806,847.4143524338215,pop
6283.884687896088,1178.1226189573163,2988.8579801569435,819.5208568989409,pop
7241.453699396359,1289.596763911386,3070.6451709639446,780.6889585205658,pop
7361.171917928252,1319.6703978539106,3111.0610987934515,779.6989857476318,pop
8254.861133550809,1339.7304723871357,4225.564575963216,1279.9727925265977,pop
7135.6622234972665,1200.8223886813105,2835.059301998071,661.7150134670273,pop
7759.605093052398,845.824429175322,3141.6551398456504,1030.2022537603805,pop
6692.645706690653,1141.6423818630442,3194.1768686421965,729.496960598795,pop
8740.203600043955,424.32567694435454,2944.47799943627,1120.7051000484335,pop
6952.10007045646,1737.39661817363,3236.3834901475952,794.3654011692873,pop
7139.431129141636,1100.2119405558137,3267.580275407172,866.6330083680906,pop
7607.145619164712,1217.322934024997,3934.60435800451,1048.5563861514772,pop
4848.4444001864995,763.8465170428321,1962.2598601418927,511.2108618134125,pop
6560.341446916157,621.410114716236,2053.894371304246,828.5668895669573,pop
6393.74276300733,1290.463607845245,3002.6169816923384,891.3268700683177,pop
6370.83127244081,577.7033063464656,2703.2416686791826,1065.1892385038093,pop
6412.636985584741,1341.0027344816056,3143.5351967841184,783.9774571391619,pop
6795.64089904931,243.12253553142295,2842.6607938527527,1080.5468297039276,pop
6760.906129489254,284.86383222674266,2838.0210734448274,1082.725626704408,pop
7538.4254107313,982.5955146558256,3149.971130685058,909.5934895191788,pop
7127.7008805013,1669.364924240827,4052.888670246799,1049.7294090115124,pop
7723.766827116686,380.02822295800877,1987.871921236199,1048.4513369927986,pop
8031.3332561778525,805.2608248081787,3046.2397997903754,1173.199400727498,pop
7600.440178249033,1442.0183262218388,4156.136801384569,1032.480126599931,pop
7766.335599616202,741.2951087084845,3662.926659366319,1023.58261008537,pop
8213.778191459356,913.9520629272474,2639.5918779453746,1015.9311430047967,pop
7884.695289082989,705.8678355153064,3498.3579748468533,1173.3697548855332,pop
8554.168905698265,1806.9292303904226,3940.3499211298013,1162.5877964717706,pop
8525.266251556342,343.64369697506106,3681.430351523633,1462.3320394072496,pop
7711.695365877944,706.0249304601062,3672.673943245137,1033.595362755776,pop
8040.036702698291,965.9172249988283,2940.000520809544,1289.731078710644,pop
8487.468566754687,354.468544594059,3727.248835207622,1448.2872273668174,pop
7884.695289082989,705.8678355153064,3498.3579748468533,1173.3697548855332,pop
8013.461591126792,686.7206004636354,2949.270014472786,1168.9591579800895,pop
5024.067915684635,1420.1623354386427,2468.4985295108117,558.4235713723849,pop
5571.257848347959,688.5463561649063,1826.5420467738961,583.294041651343,pop
7481.928281812987,1480.3874995926744,3647.859401676624,1043.5802525318277,pop
6415.705843719443,527.690160260236,2518.6680121565896,760.187011729589,pop
5983.606452717623,865.0055325658744,2844.0704079647517,953.5933561586179,pop
7103.522648080524,1414.7037109179564,3889.78711673405,1024.7184766779806,pop
7593.295687415689,738.1208818156406,3262.9124452653155,1108.6680148092282,pop
4688.943495504947,867.7788556116313,2327.9956327557884,571.0905296115267,pop
5978.900536724555,244.56971822649083,3142.2532586883553,1005.6148550658648,pop
7103.522648080524,1414.7037109179564,3889.78711673405,1024.7184766779806,pop
5418.395327151547,956.1588924700984,2569.255822743332,634.3898922130435,pop
6830.655226361031,1200.3699685178894,3671.2604886378685,937.0246796961139,pop
8825.992929901025,1131.6780703010363,3419.344748584225,1252.6497392079423,pop
8009.244811334899,1635.7265204242458,3645.4706934422584,969.7527248429298,pop
7745.2760986180065,585.1675581457262,3544.132838960886,967.8218372248787,pop
7639.077217696227,1031.9597922766034,4037.153770369926,1137.7191381497385,pop
7387.70496723388,595.1208769439163,3124.149353621343,972.9570317721289,pop
7523.680993248696,753.456471268506,1995.328182401829,977.4697903450399,pop
7539.254086176392,1008.8350645491107,3151.4458011886404,911.0488504599977,pop
5491.695565081702,785.7811429628073,2246.999866759346,710.3990176729,pop
5980.247533174279,1238.557948957483,3168.3771351437895,791.5148845339771,pop
6241.604258155016,1072.6105514643457,2489.577623502592,742.5360475897869,pop
8361.495298109752,547.898634635962,3262.3362835752296,1613.3248763272331,pop
6242.058606756549,275.78209952963346,2516.4589513236942,1023.4275278086603,pop
6417.091089270237,1920.6715909973764,3594.1671184421743,722.3497339315105,pop
7328.210824070452,1407.8627412694427,3587.4721806200255,972.5589751876356,pop
8112.954549168173,778.2039585818757,3510.9284752331264,1150.706227292143,pop
7051.575484543812,489.3068384881315,3401.2336886105554,1119.5788975519313,pop
7333.1616018652985,1432.5848080626736,3603.4295533534837,967.9418139364137,pop
7967.774004773518,1580.49992751918,3696.28774784182,877.7518838471477,pop
7059.2923331522425,1223.0305384429173,3271.24586062255,931.6883724992681,pop
6709.523511034631,1554.309453008861,3258.866523901125,626.4220440659776,pop
6781.56974203561,962.0137575400148,2806.4327258439025,899.7542294623362,pop
6831.344276523998,453.268966918306,3046.186587316723,985.8321231460646,pop
7139.220234664684,723.1831720897935,3126.393897210584,1137.988758976695,pop
8822.84921303633,429.3703415502616,3510.0423568871734,1511.766148926385,pop
7481.401525067868,1758.4067210160497,3634.1065636580615,820.1911985046845,pop
6892.09018317741,694.7396341928309,2765.648134868619,916.7970204559431,pop
4362.856339648573,1094.383314599705,2133.437132757124,525.8420492671372,reggae
4191.6529905867865,568.2229957540131,1638.9674119018523,639.8554885709741,reggae
4723.699405259292,322.1903659592735,1797.2984670084286,653.6927352518035,reggae
4790.985030564955,525.5584899891472,1924.0627874876243,830.2872683495061,reggae
5793.83329044699,359.74869908206546,2009.3766967554532,701.2091333473916,reggae
4830.479563538273,307.55899096062535,1798.6538830975412,628.4963337877849,reggae
5064.917281892111,265.4817917867665,1418.2807055748196,739.0556341681323,reggae
4959.396120330618,278.01446906287697,1754.296875976264,676.2418971793994,reggae
5808.5732118184715,447.30025406646735,1691.991892801636,706.5910590298989,reggae
5994.904299698607,248.32678994168452,1609.7558040347105,1026.2325675516427,reggae
5787.546652469709,666.2083495267185,2149.77486850382,836.3917054224012,reggae
5641.352557282782,835.0106265830394,1995.6005144299386,545.0741463264136,reggae
6048.735000130879,501.27263704769086,2300.0529187830944,952.2549803521225,reggae
5429.122943904989,328.5688903246015,1606.5601706158786,794.6074195689935,reggae
5831.873342786672,287.9336346756741,1716.1117224116742,959.4239853264805,reggae
5173.050759726165,399.35808012909837,1923.7123235992203,814.6537899606482,reggae
4133.615970739967,504.03809137895587,2118.326029150822,474.55916264509835,reggae
5259.104583157301,376.13667973894684,1803.5661063984887,812.0345428853991,reggae
5317.9436051166895,307.33299665010594,1907.3818845323874,868.3066545468614,reggae
5913.263813030623,213.12753961326774,1754.5284525839472,955.9632532678681,reggae
5474.006152835496,371.43018862970604,1637.926368493349,758.2777096864496,reggae
3842.360645017767,819.441020778304,2007.3726579234547,524.6149173230968,reggae
4567.389514656497,949.8286396127082,2059.3588992407663,493.25667203346075,reggae
5030.4664776973905,581.9362929249753,2354.2710701926553,859.5887619224167,reggae
5116.763323750316,429.5496631325376,1811.358216231487,810.1451028506566,reggae
5104.151558059641,243.62563274716837,1709.0354342737412,774.6447831641374,reggae
3702.178763659296,226.7765238099095,1840.8054753898807,771.2713641718643,reggae
5646.9175561830325,389.7887959310982,2086.531502591164,911.3283013307174,reggae
5451.309685523098,224.52802837489168,1640.0485303004498,891.7748578120313,reggae
3304.444978782195,367.43865230372325,1585.6012933796967,543.0890547093427,reggae
5293.78072335872,315.3631072971929,1814.199000901898,945.0558368886464,reggae
4483.702509928329,240.38254606089896,1578.9797527163078,722.6497869349364,reggae
4304.679725598924,306.82954324200625,1510.8066500784805,576.6243238994176,reggae
5812.974892213958,379.33763870991754,1615.9036118157217,807.4753746238445,reggae
5012.485453322815,297.194258596382,1291.482455593377,688.327639490299,reggae
4957.949916881553,427.22409585186193,1699.8353934505978,743.4388837118754,reggae
5225.407080376484,436.88833560431306,1811.5147926182715,809.0012248654531,reggae
4893.550102248807,258.4545376264357,1709.7144562690598,724.1798023044453,reggae
5719.302980749167,304.6872136280273,1701.1031925317996,723.588328849193,reggae
4128.6915390713775,245.8205708283034,1312.7373066265864,735.3694857153561,reggae
6204.092842307562,662.7786570581327,2031.8882311113307,919.5724807755693,reggae
5905.577868296507,425.5771060740744,1931.4896901768225,766.9669639053557,reggae
6300.278659559428,1047.1627364200385,2480.8459320796514,827.9204014340104,reggae
2432.1006968376023,654.6201293535573,1484.7434260377477,338.49129435414403,reggae
5490.67845978361,748.8761180071973,2454.215349024315,942.1222604264447,reggae
7709.5353972542625,1020.6125988680819,4283.044762740933,992.0255481692775,reggae
5125.610054382442,556.8519740579159,2322.2929757598877,873.7506340291089,reggae
6191.996384261946,935.3638298402171,2477.9298988551827,789.01638538142,reggae
6154.183796122458,509.2200148231567,2673.2716771039927,912.6953538385278,reggae
6392.198296029833,496.067066264568,2322.9386797487855,746.523383611242,reggae
6550.9288956788405,520.5708067213352,2955.915439632731,1356.7761759960022,reggae
7647.3043480687975,567.0702645112544,4276.113111978082,1580.1806653171163,reggae
6436.754999400419,1000.6738309928669,3288.4332909946843,1228.7946357599672,reggae
6538.326756293721,376.09840046751555,2004.3538469900875,1230.9242906675215,reggae
6156.016400596567,578.5853377068032,2541.97688226258,1291.9913617065383,reggae
6127.210734979053,446.7368993778301,2525.8831478272814,1008.8034545135012,reggae
5929.926429426145,371.52613351700427,2174.1042289053753,955.4035215704936,reggae
6774.947622569961,450.41046944192357,2170.7293331967976,1036.9216702287306,reggae
7492.7211640453215,612.3511115140016,2631.8490363310175,1149.84459016541,reggae
6874.733546971082,529.7676034381548,2671.943159184825,907.5180859458414,reggae
6443.598371479476,832.7302875080294,2395.785250217726,927.1074778186927,reggae
6825.832263595283,956.207509987852,3122.938609409008,1105.9568792015116,reggae
5204.986756964214,247.20508342158533,2113.3919538195732,1065.2363549479353,reggae
6079.336322530571,358.89072249069886,1910.6006442311887,710.28634936703,reggae
6648.143239956826,978.987123897641,3094.0222094523474,1026.4895737863274,reggae
4887.733719363762,308.03061869505325,2080.8998104480734,939.3417922870086,reggae
4501.545194812086,646.0105173087654,1629.3916762714475,579.1095883489464,reggae
3799.3551199302965,474.34566984859043,1729.2215103290237,521.1995230519505,reggae
5429.50557891784,415.580780324911,2104.9458971360723,947.5952426736479,reggae
7225.335886148943,653.0573938492207,2461.4575622071407,974.3750791736929,reggae
5999.620622623134,573.1903732584682,2288.9314180928873,754.8974926021837,reggae
6958.1531547268005,356.67444346211926,3109.580608984778,1347.4707837889853,reggae
7476.107733879115,499.8184593278921,3086.186000798285,1138.4575071905758,reggae
6022.027993890962,896.2659159235714,2153.29515132557,811.5503294117332,reggae
6126.072125302682,902.1578463232378,2148.603575471933,808.7054635787023,reggae
5624.7711562661125,1125.8010003459024,2481.191325655792,658.5147962550179,reggae
5997.0236029703065,367.21661382348407,2456.1544097617507,1216.7244315624928,reggae
4228.274395106097,646.134885920037,1778.3264605064035,574.7001130577548,reggae
5206.285445348596,394.3178063028405,2317.4758283957003,1022.8497317221736,reggae
6363.569660816607,818.5662403331518,3003.0228523603414,1042.4569002016958,reggae
6302.1961064699,613.8501872670665,2538.8183245339883,936.3594394372881,reggae
6762.155050588429,620.1633401786058,2567.672045264383,990.2587001628166,reggae
6762.155050588429,620.1633401786058,2567.672045264383,990.2587001628166,reggae
5077.586288914754,360.16188128093006,1366.4293474251976,684.9165948342993,reggae
5774.566862651454,583.3217679041693,1788.5445973545013,653.3943963757171,reggae
4212.150407269102,528.6927219261714,1797.4051730070796,526.7886464545156,reggae
5483.994050896027,555.9764403440302,4434.948742023734,1742.2725455439029,reggae
7508.158479880214,229.5217702566497,3296.209659020477,1454.3656804496159,reggae
7345.925069715084,2194.554415898472,3881.383874466272,697.3446435485121,reggae
2932.301774221416,263.0281520531813,1052.0021006561292,544.2246561059992,reggae
6357.0393874042575,858.0735791870851,2867.9928003699633,1163.7989275501413,reggae
4925.164682166274,1053.5467658613184,2314.4949678575776,559.4413699601239,reggae
4580.53525830242,986.8998900144323,2170.703001995404,497.1224022695306,reggae
4675.274640627913,521.8494123756126,2109.636212798067,836.4351491415666,reggae
5311.355187720537,910.9439158075731,2022.4375011544969,738.8769099849803,reggae
6632.9876068642625,1540.8446867041544,2617.582607881459,713.5715512990537,reggae
4450.798246579844,218.48366414428057,1629.4734227609772,715.1470859682132,reggae
5560.47133795864,1101.7234602750789,2007.1841364251745,552.7055685486432,reggae
4205.860304497277,435.04748683164087,2025.380145631334,757.8166805680288,reggae
3979.2389113462846,625.4867276886021,2466.3392176449142,673.5117469709201,reggae
3978.8406061235805,788.3677749087586,1995.8245084177186,503.24795175694334,rock
4922.481698695842,490.8738306525942,1529.3175590618034,476.452127476024,rock
4330.549968908864,716.5120110439916,1874.8297866067328,685.1540595953819,rock
4698.057236862013,450.02502964985854,1421.488025463584,654.5894347331271,rock
4481.080786996428,453.80891283484846,1345.8882550773205,690.441503882523,rock
3813.294739646607,657.4268017937975,1542.221628146051,335.9214047393301,rock
4098.656126143196,816.827133963934,1675.4999366780132,457.6768066413606,rock
4616.571328386813,598.6408193228636,1282.2760121375713,547.6809780379695,rock
2969.5791803754164,1106.3941527270729,1717.3419435981436,217.17296845812797,rock
4400.152720138462,468.19330509901795,1181.549513421634,524.8676047828706,rock
5264.246431897843,784.2179275422802,1857.862403390223,616.634682054728,rock
5297.988554958554,417.8968789862388,1536.987179931006,701.2435197095032,rock
5932.210604815473,462.17337435251096,1863.0898137602953,901.4165686008761,rock
4898.1269033000435,283.00814984971703,1596.5231665757372,839.0244859888985,rock
6065.123730471182,283.9705186074471,1935.4498298912133,957.9746069074549,rock
6053.127180848343,364.4994132772955,2336.111675573613,1023.5346238253749,rock
4352.757242769967,1677.2726911031561,2459.380774609245,359.69513935610115,rock
4108.653855522779,1431.0881348209052,2311.94174545764,398.40704333943927,rock
4940.127123818055,1070.354117318305,2209.5737992618397,528.7599650479252,rock
3720.9924833750442,1181.6244666542952,2321.139396336858,404.4095414969662,rock
4581.165799699109,1123.0102714638845,2188.264525519615,565.5632078200408,rock
5287.494223925979,1234.5781556679528,2157.8299001659125,499.4881550925173,rock
4739.110067858119,1431.5802179624907,2342.3353775280834,506.8892536107547,rock
4345.138669193917,1172.973661156927,2295.5657691098168,627.478049401679,rock
3876.3393486201876,1554.1894310435828,2320.55569010536,344.3201276167253,rock
4443.774000392514,1631.667457343529,2510.355618802929,379.8729126925735,rock
4458.354110028422,1249.0229477529938,2263.522165076806,480.7871377759758,rock
5797.2254717465985,1260.939152044625,2669.3593348436702,677.9194858977985,rock
5401.948850718175,889.0937853448183,2047.1451064180633,594.8831532714439,rock
4277.405369638779,1070.5884640132954,2444.5840858204765,610.0416706533545,rock
6312.959653072398,1181.9580358538692,2945.1945456480407,850.9209295573011,rock
6952.275636503512,1135.0245474336707,2638.867641917723,779.3262340430175,rock
5090.035489355974,1125.5982085905762,2345.885736569822,526.9358463261866,rock
4672.787456505387,677.9812881088051,1673.5758901085678,489.6458683238538,rock
4717.466701987403,1462.2810090721891,2789.7940381759336,533.5796533227988,rock
3816.4680403873294,730.6095843514967,1867.3888523886035,631.3463582894769,rock
5089.39333199597,1146.8557871300081,2841.8971918414118,634.8924467570596,rock
6183.8649779437965,1504.2934621289883,2627.053080827645,638.2031680204697,rock
4553.48860158076,1161.6254223860346,2794.9630917428512,580.9920546627848,rock
4985.275102402148,1599.0397833544832,2559.2817880243447,487.1942948071104,rock
6262.847562989304,1613.642604379988,3009.9775310365003,659.8839550393986,rock
7058.008260585728,1624.6315917439647,2807.300584846133,660.0424062259541,rock
5995.082226226281,1197.2771960777652,2794.3709145062335,781.9459029401532,rock
6601.597162629608,1332.9701031152902,2740.154416207995,639.0603170701204,rock
3010.8968120798636,639.3795047883738,1652.1793270701341,502.08652505269123,rock
2233.098716714179,658.8073671223093,1561.5465304700779,300.8432080856628,rock
4781.220568985049,1155.3156944922173,2428.532242367708,665.7776046077423,rock
7391.256349320862,1374.068537805395,2998.55684404262,738.3411674120858,rock
2543.151199238253,864.2312590082211,1646.6339140093305,343.8904808059845,rock
4891.344054943628,625.1495340474146,2077.544631894691,1103.1911024794085,rock
5911.029984597173,338.4707118641945,1720.5912502207455,837.2338730124794,rock
6261.48055524767,1275.7433126897133,3030.4355509151405,869.8103595992559,rock
7239.665872645122,239.28746564284327,2187.208514216599,1325.985156155005,rock
5864.215050897207,2265.9996431872746,3361.7673452127856,551.7050898368414,rock
6749.159822789335,683.6660970423429,2632.740213558938,979.4561369283073,rock
3939.003849020368,875.0707487836495,1711.1893546187518,521.5420668692071,rock
5604.090690531308,1467.2245042608984,3303.9046793419366,678.9500373717004,rock
6578.453296623644,1806.555770281184,3488.995725234682,748.4121331247158,rock
6278.042656147913,758.9245402072168,2437.580126845932,1003.1938176853064,rock
5734.041481656055,643.9761851711723,2424.966690499529,1070.2086800957513,rock
5592.306510497312,1227.9693870679912,2797.3841280566116,792.0293845270461,rock
6214.630293225728,716.347676372173,2072.9854711826347,894.8461711888435,rock
6390.444061409564,1071.9628943166558,2947.109224428321,1004.6541714790185,rock
6184.575056108544,248.99521254000882,1711.6625555679357,1238.9599688050973,rock
4076.644943151828,1207.8320949637498,2181.7179120051405,394.41284600602734,rock
3796.277982463219,1003.7539452712173,2294.2915659196187,426.1436272730906,rock
5276.599523811194,892.0255585586411,2209.3420492495584,634.0096010323699,rock
5549.9267863921605,836.5450555156983,2414.002866356222,692.0779028050753,rock
5295.59018450788,992.1593357146203,2467.0646623083335,531.5990000473067,rock
5594.7699098950525,1204.3500164400946,2569.105276229311,777.3511108798073,rock
5113.305243951447,947.1326870456758,2512.144322022456,626.8833186063233,rock
4027.6706827548223,822.8036898563482,2024.9672114050124,467.9643954108155,rock
5187.226055334599,811.0352909689091,1933.5666344043057,650.1864691195638,rock
5077.684837884144,1180.223158014039,2224.311094029646,540.9406436354467,rock
4605.85237646467,1294.4596326439068,2140.7591091235654,449.60116975935506,rock
5056.252492395067,705.5632550336982,2301.6914796878546,641.6206486182189,rock
4927.809448984712,714.1405009605421,1659.8731482834457,713.4618263249213,rock
3818.0423880819185,938.9208562892275,2188.1762135214663,488.3982804763547,rock
5427.303625085621,653.8679451114509,1878.090059086978,721.9765423575154,rock
4664.5490791917955,853.3611588310084,2148.470108794053,503.8022540862462,rock
4700.0893934157475,1385.9933006002566,2606.2565496989396,509.20874109737633,rock
5827.05594884843,1291.0739996169425,2553.8992230016015,599.8981589763009,rock
5760.400510081086,1609.2280460693196,2976.0030875607113,544.4727739658343,rock
4229.315129753186,1142.4575437737558,2115.983895229858,435.2388636025681,rock
5103.840794141962,1034.574231653399,2581.8092296593636,646.8777026863366,rock
5884.778674491423,838.7477423304588,2256.0047068732424,729.6647869761958,rock
6274.426607703141,773.158913257392,2521.4640322732444,769.0058691334465,rock
4450.253063001317,1442.842731823106,2334.758795076929,336.24445789577805,rock
5858.721655824835,1272.4613337286542,2591.1167910570293,553.1394615843718,rock
4985.993072167477,804.9164104753036,1610.1897144552622,591.0552850880931,rock
5239.244651053949,1202.919058572002,2495.6204191619217,523.2267308745267,rock
4564.080112139762,1243.158266976219,2474.554692932894,508.241807187229,rock
4159.962483552726,1795.1664280511484,2471.3022637065383,329.7136168699976,rock
3799.323604197746,1236.4558955719997,1939.9141782015704,398.5016819788324,rock
3958.56321722224,1727.0807201836478,2629.30442308291,306.1886590680053,rock
4493.780095360822,928.1020545296956,2008.5370451990673,531.1727508407358,rock
3688.2829036017683,839.3242474383271,2006.009247561307,425.9542238600624,rock
4301.550280623648,875.7139157083805,2077.166787771926,481.36592855963477,rock
4051.652755750287,527.5954052101988,1398.5815749606284,490.50177012472375,rock
4006.6456581995744,437.15673671308923,1609.3699367142603,649.9446030461811,rock
