chroma_max,chroma_min,chroma_mean,chroma_std,genre
1.0,0.0018828771,0.34995052,0.297913,blues
1.0,0.0018079305,0.3409451,0.3081689,blues
1.0,0.0031683422,0.36356187,0.29202268,blues
1.0,0.0057375757,0.40484837,0.3066235,blues
1.0,0.0013471682,0.30859816,0.29639572,blues
1.0,0.0017071199,0.30241403,0.29590878,blues
1.0,0.00019854082,0.29140562,0.3065986,blues
1.0,0.0020173898,0.3073145,0.30471155,blues
1.0,0.0032644796,0.40899816,0.29414225,blues
1.0,0.0012147063,0.27401426,0.30385286,blues
1.0,0.000337192,0.30396512,0.30775395,blues
1.0,0.0014452799,0.36580706,0.31938475,blues
1.0,0.0005045949,0.2693326,0.30644625,blues
1.0,8.821917e-05,0.26472628,0.30194417,blues
1.0,0.00010258725,0.32904086,0.32870594,blues
1.0,0.00017143859,0.27034655,0.30876872,blues
1.0,0.0010295004,0.30829644,0.31676856,blues
1.0,0.0019222241,0.30223948,0.30567795,blues
1.0,4.8981266e-05,0.2700793,0.31256852,blues
1.0,0.000500128,0.25735947,0.30988023,blues
1.0,0.00044807728,0.30279943,0.30718228,blues
1.0,0.0003843575,0.3211421,0.32137966,blues
1.0,0.00075323833,0.306442,0.31307587,blues
1.0,0.0012729838,0.28072092,0.30193594,blues
1.0,0.00040246296,0.26310804,0.31619623,blues
1.0,9.3236806e-05,0.2909807,0.30178323,blues
1.0,1.910621e-05,0.27866605,0.3082525,blues
1.0,0.0007324619,0.28870454,0.30685824,blues
1.0,0.00048982527,0.2760109,0.31440592,blues
1.0,0.00021625117,0.280554,0.325054,blues
1.0,0.00030373424,0.2631294,0.3072076,blues
1.0,0.00026365803,0.2536384,0.31514636,blues
1.0,0.000111046545,0.27626824,0.3120812,blues
1.0,0.00020908857,0.26082012,0.30798844,blues
1.0,0.00033777035,0.2621187,0.31472528,blues
1.0,0.0005467985,0.28824988,0.31074446,blues
1.0,0.00011965172,0.23319606,0.3080232,blues
1.0,7.523833e-05,0.2486835,0.3130549,blues
1.0,0.00045628962,0.26589647,0.3115458,blues
1.0,4.7792546e-05,0.25535825,0.31169152,blues
1.0,0.009797392,0.39779353,0.2836914,blues
1.0,0.00633785,0.38709408,0.29230303,blues
1.0,0.005757555,0.37768537,0.30410427,blues
1.0,0.005310419,0.39904934,0.29180503,blues
1.0,0.0037025274,0.39016002,0.29374433,blues
1.0,0.00381484,0.4297208,0.30002385,blues
1.0,0.0008264448,0.38791007,0.30845582,blues
1.0,0.002952607,0.33643755,0.2934978,blues
1.0,0.0049824347,0.37941048,0.28906304,blues
1.0,0.0010310737,0.27759212,0.30117628,blues
1.0,0.0023262983,0.40090895,0.29942083,blues
1.0,0.008905629,0.39371133,0.29194692,blues
1.0,0.00028516786,0.3390607,0.30907637,blues
1.0,0.0016825373,0.41249087,0.2929984,blues
1.0,0.007739305,0.4528756,0.28184465,blues
1.0,0.003297971,0.43283752,0.29615262,blues
1.0,0.0014966377,0.39103138,0.29957283,blues
1.0,0.003725926,0.42432162,0.29183373,blues
1.0,0.0034273688,0.35666832,0.29598475,blues
1.0,0.0035914553,0.40606847,0.29155996,blues
1.0,0.0045262217,0.43093038,0.28353265,blues
1.0,0.012355557,0.45192984,0.2751992,blues
1.0,0.0016154222,0.3118191,0.30441803,blues
1.0,0.0030511685,0.33039847,0.29986823,blues
1.0,0.0074483464,0.33248457,0.28353792,blues
1.0,0.000910398,0.29269594,0.29655102,blues
1.0,0.00085752975,0.3748415,0.2979861,blues
1.0,0.0010822723,0.33793774,0.293836,blues
1.0,0.0015006238,0.2895239,0.2876053,blues
1.0,0.00091359176,0.29198298,0.29456645,blues
1.0,0.0021511682,0.3226874,0.30322897,blues
1.0,0.0022359132,0.30524948,0.28297463,blues
1.0,0.004687676,0.30702648,0.28410068,blues
1.0,0.002247983,0.34202734,0.29015297,blues
1.0,0.00052401423,0.36717397,0.29223624,blues
1.0,0.0047392067,0.46645755,0.28547674,blues
1.0,0.0027200484,0.36558744,0.29654863,blues
1.0,0.0032072414,0.40887603,0.28885648,blues
1.0,0.00725449,0.4142576,0.28805324,blues
1.0,0.0054688863,0.42153448,0.28059277,blues
1.0,0.0015374764,0.36825618,0.2965389,blues
1.0,0.003065794,0.38028282,0.28410593,blues
1.0,0.0042754123,0.3388864,0.29430732,blues
1.0,0.009665294,0.42735606,0.28304026,blues
1.0,0.001815849,0.39630073,0.29190904,blues
1.0,0.001842165,0.31538674,0.30326813,blues
1.0,0.0010037122,0.36590296,0.31055218,blues
1.0,0.0012098877,0.33674198,0.30770892,blues
1.0,0.0015932161,0.3778739,0.30458406,blues
1.0,0.0015319904,0.34869304,0.32032254,blues
1.0,0.00229327,0.37789062,0.30864447,blues
1.0,0.00564077,0.42194933,0.30445302,blues
1.0,5.8092523e-05,0.39106512,0.31693742,blues
1.0,0.0013695582,0.3777357,0.3104695,blues
1.0,0.0018259783,0.37671533,0.30968285,blues
1.0,0.0019285665,0.36996734,0.30216062,blues
1.0,0.0006085512,0.26061335,0.30307826,blues
1.0,0.0025366899,0.3752842,0.30644795,blues
1.0,0.008712175,0.4431951,0.27983886,blues
1.0,0.002172227,0.3702457,0.29183662,blues
1.0,0.00037807896,0.2523795,0.2900925,classical
1.0,0.00016928712,0.21504712,0.29156533,classical
1.0,0.0006029312,0.27784783,0.28938472,classical
1.0,0.00036777038,0.23423359,0.2888881,classical
1.0,0.0005465461,0.22157979,0.29152682,classical
1.0,0.0010590692,0.26855293,0.28728703,classical
1.0,0.0004442629,0.261451,0.2917512,classical
1.0,0.0003307027,0.27657983,0.29584834,classical
1.0,0.00068264,0.25475976,0.2902275,classical
1.0,0.00092507043,0.2705048,0.28690955,classical
1.0,0.00037636395,0.24500221,0.29165518,classical
1.0,0.00023893117,0.24491912,0.2900279,classical
1.0,0.00030071102,0.23568681,0.29483166,classical
1.0,0.0003298407,0.23204602,0.28865892,classical
1.0,0.0005355119,0.23408201,0.28920114,classical
1.0,0.00040684774,0.21659923,0.29000518,classical
1.0,0.00048564188,0.21924287,0.29146978,classical
1.0,0.0007020071,0.25641188,0.29341528,classical
1.0,0.00049184967,0.23910886,0.29094145,classical
1.0,0.0005797377,0.28404716,0.30130967,classical
1.0,0.0010148581,0.26897264,0.29086274,classical
1.0,0.00048356847,0.26681942,0.2891719,classical
1.0,0.000982412,0.2762817,0.293936,classical
1.0,0.0010181196,0.26717928,0.2974366,classical
1.0,0.0013182282,0.25333995,0.29016048,classical
1.0,0.0016149648,0.29736656,0.2901605,classical
1.0,0.00041930765,0.24567784,0.28997982,classical
1.0,0.00027023396,0.2407341,0.2891391,classical
1.0,0.00062971964,0.2629238,0.29004177,classical
1.0,0.001061145,0.24696632,0.28736198,classical
1.0,0.00053010666,0.27832785,0.2941843,classical
1.0,0.0010212328,0.30317977,0.29927602,classical
1.0,0.0017025677,0.28319946,0.29197645,classical
1.0,0.00015686732,0.30397424,0.2988644,classical
1.0,0.00039397948,0.27409896,0.30155492,classical
1.0,0.0012602772,0.3192511,0.30039865,classical
1.0,6.569056e-05,0.23929831,0.29841205,classical
1.0,0.0005010606,0.2842068,0.29569137,classical
1.0,0.0020203316,0.29454452,0.29681692,classical
1.0,0.00018064125,0.2708875,0.30859295,classical
1.0,0.0003580031,0.25055692,0.29898787,classical
1.0,0.00096226536,0.26820537,0.28907567,classical
1.0,0.0010380374,0.26172364,0.28987366,classical
1.0,8.61126e-05,0.19094546,0.28617492,classical
1.0,0.000113560265,0.25204444,0.29316968,classical
1.0,0.000519686,0.23626502,0.28987435,classical
1.0,0.011600131,0.34679076,0.28040788,classical
1.0,0.00046178687,0.25846493,0.28680408,classical
1.0,0.00094250345,0.29686394,0.2862729,classical
1.0,0.0025703139,0.3116152,0.28525737,classical
1.0,0.00052214024,0.28610158,0.29034063,classical
1.0,0.0003859936,0.38145718,0.2928588,classical
1.0,0.0032387662,0.38802975,0.29314628,classical
1.0,0.0029446299,0.30471268,0.2812944,classical
1.0,0.0001149242,0.31949475,0.30416593,classical
1.0,1.4978578e-05,0.18647887,0.28677723,classical
1.0,0.004188669,0.3128757,0.28040734,classical
1.0,0.00021851476,0.25384977,0.2979233,classical
1.0,0.00018531286,0.26571423,0.29625654,classical
1.0,0.00078308576,0.2825834,0.28761044,classical
1.0,0.0012926592,0.30526578,0.28725654,classical
1.0,0.0016861914,0.28175208,0.28878072,classical
1.0,0.0007001013,0.32029325,0.29809037,classical
1.0,0.00027642294,0.22674659,0.29313073,classical
1.0,0.00030275204,0.1989291,0.28651938,classical
1.0,4.740093e-05,0.20719388,0.29158115,classical
1.0,7.255215e-05,0.18708831,0.2856877,classical
1.0,0.00024394621,0.26750588,0.30013254,classical
1.0,0.0009552274,0.2572882,0.29158038,classical
1.0,0.00020494328,0.23668897,0.29204428,classical
1.0,0.0004025871,0.24424575,0.29651695,classical
1.0,0.0001907834,0.20815393,0.28747764,classical
1.0,0.0007116451,0.27944192,0.29260868,classical
1.0,6.454368e-05,0.2163273,0.29063994,classical
1.0,0.0019760958,0.23741013,0.28844804,classical
1.0,6.992578e-05,0.21740314,0.2929522,classical
1.0,0.0007194305,0.26045904,0.28992277,classical
1.0,0.00014176917,0.21903363,0.29078126,classical
1.0,0.0002659893,0.22515063,0.28978568,classical
1.0,0.00035158434,0.21772772,0.29197282,classical
1.0,0.008039022,0.43804654,0.3067964,classical
1.0,0.0012606747,0.26684135,0.29022312,classical
1.0,0.0015111332,0.2827168,0.28831142,classical
1.0,1.610887e-05,0.24464235,0.28699622,classical
1.0,0.00023850969,0.24545789,0.28308785,classical
1.0,0.0016518879,0.30964002,0.2801093,classical
1.0,0.0009115032,0.31213167,0.28547812,classical
1.0,0.0009297939,0.27444813,0.288848,classical
1.0,0.0011301739,0.29419056,0.29100713,classical
1.0,0.0003188343,0.21732555,0.29644707,classical
1.0,0.00078632066,0.21933526,0.29369527,classical
1.0,0.00035990615,0.22580075,0.2934005,classical
1.0,1.85947e-05,0.1811293,0.29747114,classical
1.0,0.00015873596,0.22696708,0.29787582,classical
1.0,0.00068496726,0.36893216,0.30071202,classical
1.0,0.000338489,0.2275593,0.2970408,classical
1.0,0.00033750478,0.29303515,0.28782034,classical
1.0,0.00019466429,0.22232276,0.28856045,classical
1.0,0.00047785498,0.28997293,0.29796174,classical
1.0,0.0069793523,0.33388892,0.2805125,classical
1.0,0.0037592174,0.38354596,0.28497344,country
1.0,0.009301821,0.41387543,0.28160706,country
1.0,0.0010762681,0.29724705,0.31190246,country
1.0,0.0036543435,0.3769877,0.28946418,country
1.0,0.010585238,0.3827643,0.2860579,country
1.0,0.0068453224,0.41735205,0.28771016,country
1.0,0.011422886,0.42083368,0.28218865,country
1.0,0.012996139,0.42144912,0.28685293,country
1.0,0.011822059,0.35535052,0.28812414,country
1.0,0.020327674,0.42975277,0.271723,country
1.0,0.0013265021,0.29136452,0.30319393,country
1.0,0.0024260962,0.3009386,0.30750355,country
1.0,0.0021672326,0.29649943,0.30001786,country
1.0,0.0030173988,0.36810315,0.2938501,country
1.0,0.0018642158,0.36476815,0.29693672,country
1.0,0.010610587,0.37969851,0.28212002,country
1.0,0.0022772148,0.32257736,0.2969835,country
1.0,0.0028362763,0.35718656,0.28404346,country
1.0,0.004675826,0.3699392,0.28739735,country
1.0,0.001248378,0.31574336,0.3054625,country
1.0,0.0014613454,0.36554465,0.29310167,country
1.0,0.0016215823,0.28894132,0.30194676,country
1.0,0.0010580181,0.3214172,0.30050975,country
1.0,0.0005159477,0.30551112,0.3144002,country
1.0,0.00056836416,0.27044424,0.30121607,country
1.0,0.0029155978,0.347311,0.29858747,country
1.0,0.0029482318,0.32973626,0.28990665,country
1.0,0.0067011383,0.3917749,0.2863533,country
1.0,0.0016912646,0.31836504,0.29753417,country
1.0,0.004012073,0.3099462,0.2986364,country
1.0,0.000190821,0.22133958,0.29357773,country
1.0,0.0031960404,0.31330618,0.286142,country
1.0,0.0023045626,0.33104125,0.30211994,country
1.0,0.00091826374,0.31676006,0.30003855,country
1.0,0.0021674978,0.3592578,0.3019743,country
1.0,0.0062310747,0.3759381,0.28561074,country
1.0,0.0020042649,0.34464782,0.29379573,country
1.0,0.0048306277,0.37397298,0.2902347,country
1.0,0.004717625,0.3671552,0.29291904,country
1.0,0.007591418,0.43781942,0.2741459,country
1.0,0.003226756,0.3733921,0.2933888,country
1.0,0.010728938,0.39776525,0.28691286,country
1.0,0.005990518,0.39160368,0.29215118,country
1.0,0.004511738,0.40328202,0.28680667,country
1.0,0.004409416,0.3600382,0.29215363,country
1.0,0.0023119615,0.34554547,0.304422,country
1.0,0.0052720075,0.37411577,0.29273835,country
1.0,0.0038504207,0.3102344,0.28818074,country
1.0,0.00083242427,0.3109064,0.3019582,country
1.0,0.0016445493,0.32361743,0.29876223,country
1.0,0.0018302352,0.3509873,0.2923411,country
1.0,0.0016768927,0.27467206,0.30941114,country
1.0,0.0010493196,0.328754,0.29618037,country
1.0,0.0052121505,0.37335324,0.29096523,country
1.0,0.0021739672,0.31276882,0.29836828,country
1.0,0.004499015,0.35707697,0.29010856,country
1.0,0.0035291065,0.31916454,0.29003298,country
1.0,0.0009963707,0.31502813,0.29453257,country
1.0,0.001815557,0.34798485,0.29425895,country
1.0,0.002497101,0.28438237,0.29735798,country
1.0,0.003440192,0.34205148,0.2971125,country
1.0,0.0032791486,0.3144577,0.2928714,country
1.0,0.003752888,0.39037266,0.2942026,country
1.0,0.0015097378,0.33393723,0.31071797,country
1.0,0.000680607,0.26330346,0.3044438,country
1.0,0.0006641089,0.28280285,0.30967543,country
1.0,0.0039841817,0.32071486,0.28449336,country
1.0,0.0017588579,0.32129815,0.2964205,country
1.0,0.001721959,0.34938735,0.29981256,country
1.0,0.0026436287,0.35215807,0.29364228,country
1.0,0.0020185038,0.36496183,0.29370153,country
1.0,0.0014582744,0.2923093,0.29242885,country
1.0,0.002931593,0.3451366,0.29001424,country
1.0,0.005924093,0.3749396,0.2865273,country
1.0,0.0031644758,0.35509008,0.29452258,country
1.0,0.0047297436,0.37180796,0.29083282,country
1.0,0.001904346,0.2973078,0.29591945,country
1.0,0.0027447557,0.33729202,0.28765696,country
1.0,0.0029569666,0.3762945,0.30464137,country
1.0,0.0013832161,0.31024566,0.29183948,country
1.0,0.0059820088,0.3873131,0.2901402,country
1.0,0.004481819,0.37873685,0.29025513,country
1.0,0.00485485,0.38583267,0.2902904,country
1.0,0.0044518565,0.318365,0.29083028,country
1.0,0.0033659565,0.31973165,0.2912232,country
1.0,0.001376436,0.33794,0.29540768,country
1.0,0.0020352963,0.3718834,0.29635048,country
1.0,0.0018437308,0.32843274,0.29381263,country
1.0,0.0021206674,0.35364556,0.28941432,country
1.0,0.0026890752,0.322121,0.30012232,country
1.0,0.006315734,0.37119004,0.2850429,country
1.0,0.0015979004,0.3533473,0.29747695,country
1.0,0.006076886,0.3705238,0.28399324,country
1.0,0.0010956833,0.25082582,0.30144095,country
1.0,0.0049678767,0.36677262,0.2898925,country
1.0,0.0021282907,0.32867116,0.3020421,country
1.0,0.004063226,0.32571617,0.29315686,country
1.0,0.0014611661,0.34799957,0.29918647,country
1.0,0.0010394228,0.27091026,0.29480863,country
1.0,0.0015850639,0.38101023,0.28747854,country
1.0,0.002710046,0.44586715,0.29639116,disco
1.0,0.0020990777,0.41186738,0.29404718,disco
1.0,0.0046664462,0.4118954,0.29057053,disco
1.0,0.018226648,0.49482712,0.27763012,disco
1.0,0.0042863186,0.3821435,0.29819992,disco
1.0,0.00571163,0.44927672,0.28581634,disco
1.0,0.015071027,0.4739877,0.2784996,disco
1.0,0.007756464,0.43156642,0.28776124,disco
1.0,0.004756685,0.4553413,0.29440096,disco
1.0,0.009380548,0.44215423,0.28048763,disco
1.0,0.003935704,0.43755716,0.29606387,disco
1.0,0.0028032803,0.3736674,0.3038781,disco
1.0,0.0012553312,0.42879608,0.3017946,disco
1.0,0.01317657,0.42132524,0.28621745,disco
1.0,0.010833603,0.43621334,0.27577832,disco
1.0,0.006490346,0.4146435,0.28199345,disco
1.0,0.0073855757,0.43456843,0.2880965,disco
1.0,0.011680939,0.40469867,0.28170797,disco
1.0,0.0015759998,0.37004274,0.29705113,disco
1.0,0.003587519,0.44494396,0.28669012,disco
1.0,0.0015164226,0.34271052,0.29540697,disco
1.0,0.0008845805,0.401155,0.29650483,disco
1.0,0.008775199,0.43536064,0.29910958,disco
1.0,0.0030391633,0.43526304,0.29448685,disco
1.0,0.004710035,0.37260482,0.28462937,disco
1.0,0.00021514433,0.35809016,0.3061419,disco
1.0,0.00439987,0.4012705,0.29365802,disco
1.0,0.0023301956,0.48534432,0.2943286,disco
1.0,0.010653864,0.48300156,0.28491732,disco
1.0,0.0020423997,0.38407364,0.3073655,disco
1.0,0.011175995,0.4503064,0.2825364,disco
1.0,0.003894096,0.41717562,0.2895608,disco
1.0,0.0020678553,0.36853772,0.30064082,disco
1.0,0.00657988,0.39189994,0.29116473,disco
1.0,0.004432645,0.35765976,0.2926259,disco
1.0,0.0040055616,0.4026628,0.28655767,disco
1.0,0.012977293,0.43479115,0.27610528,disco
1.0,0.008636128,0.45458192,0.2860473,disco
1.0,0.0023478,0.37071827,0.29452944,disco
1.0,0.0059819845,0.34097588,0.2985627,disco
1.0,0.009087503,0.42088634,0.28832132,disco
1.0,0.0023680776,0.35578653,0.29928076,disco
1.0,0.004519781,0.3941139,0.28776535,disco
1.0,0.0013522988,0.4203313,0.29265276,disco
1.0,0.0020018222,0.36704445,0.29194003,disco
1.0,0.0062636216,0.40740293,0.28733033,disco
1.0,0.0010341823,0.3763196,0.30565286,disco
1.0,0.00041761587,0.22014822,0.304414,disco
1.0,0.0020837255,0.40967417,0.3006314,disco
1.0,0.008128699,0.4213732,0.2924363,disco
1.0,0.024237018,0.45116723,0.26599976,disco
1.0,0.027442915,0.46051988,0.26461825,disco
1.0,0.0050395005,0.41644785,0.27985644,disco
1.0,0.011417468,0.46769264,0.28390628,disco
1.0,0.0014317681,0.40136927,0.30778074,disco
1.0,0.0059244307,0.46303368,0.27959812,disco
1.0,0.0018046957,0.358252,0.3015171,disco
1.0,0.007102639,0.37015924,0.28821617,disco
1.0,0.0030717598,0.4172434,0.29810643,disco
1.0,0.0015707413,0.40335342,0.30099887,disco
1.0,0.00438534,0.43484274,0.28175238,disco
1.0,0.000844977,0.3233638,0.32253563,disco
1.0,0.0023129184,0.42689508,0.2966352,disco
1.0,0.03832852,0.5478755,0.2705626,disco
1.0,0.0011690905,0.3882117,0.31760943,disco
1.0,0.010751362,0.47108963,0.2926183,disco
1.0,0.0070643253,0.45084128,0.28408447,disco
1.0,0.0050815144,0.36500356,0.28525645,disco
1.0,0.0054984707,0.4161969,0.28394172,disco
1.0,0.0076483535,0.389219,0.28756362,disco
1.0,0.023576304,0.45550197,0.26642403,disco
1.0,0.003568967,0.4355066,0.28670833,disco
1.0,0.0058077923,0.43430063,0.2872647,disco
1.0,0.010581386,0.44640383,0.27585423,disco
1.0,0.0021954593,0.4028028,0.28383565,disco
1.0,0.009507341,0.42903623,0.28822136,disco
1.0,0.0030106332,0.3531612,0.29545605,disco
1.0,0.0044626826,0.41569665,0.28992,disco
1.0,0.0005823252,0.3319702,0.30344418,disco
1.0,0.001267415,0.45301628,0.29459018,disco
1.0,0.003928652,0.38869795,0.30327556,disco
1.0,0.0004919393,0.35838354,0.30740917,disco
1.0,0.009450057,0.42267153,0.29346332,disco
1.0,0.0021062251,0.41413277,0.3001226,disco
1.0,0.0032332484,0.5035033,0.29722005,disco
1.0,0.006424563,0.5680808,0.2799052,disco
1.0,0.0030253886,0.3950361,0.28886035,disco
1.0,0.0023366646,0.38454,0.2991919,disco
1.0,0.0016414131,0.39795372,0.28557312,disco
1.0,0.0036403758,0.42988372,0.27935767,disco
1.0,0.008157466,0.485514,0.27689317,disco
1.0,0.003135334,0.41647133,0.30881616,disco
1.0,0.0028862131,0.37072912,0.29169333,disco
1.0,0.001940004,0.4083024,0.28685927,disco
1.0,0.009203496,0.41693324,0.28005877,disco
1.0,0.0023963212,0.46825805,0.2968708,disco
1.0,0.004131307,0.41654116,0.28645173,disco
1.0,0.0051000807,0.41508642,0.2899115,disco
1.0,0.005184035,0.44086853,0.28723466,disco
1.0,0.005184035,0.44086853,0.28723466,disco
1.0,0.005251912,0.46066427,0.29187152,hiphop
1.0,0.007978046,0.45726278,0.30013633,hiphop
1.0,0.0019953465,0.40406597,0.30364698,hiphop
1.0,0.0018753719,0.46726292,0.30306822,hiphop
1.0,0.00048988464,0.44940168,0.30581298,hiphop
1.0,0.016416948,0.4906673,0.28534606,hiphop
1.0,0.001065468,0.46422082,0.2985942,hiphop
1.0,0.0028637506,0.43234593,0.29749367,hiphop
1.0,0.00019528304,0.45344108,0.29672152,hiphop
1.0,0.002400113,0.56064737,0.27481055,hiphop
1.0,0.0055047222,0.42736965,0.2950603,hiphop
1.0,0.0028792955,0.44405892,0.29195306,hiphop
1.0,0.002866925,0.35876343,0.30098668,hiphop
1.0,0.00047900452,0.34012973,0.30987045,hiphop
1.0,0.023224391,0.48965022,0.27074665,hiphop
1.0,0.010740032,0.4236211,0.2872017,hiphop
1.0,0.0026799843,0.46732023,0.30165616,hiphop
1.0,0.0060176756,0.4811548,0.29122317,hiphop
1.0,0.0012898537,0.46188968,0.31108326,hiphop
1.0,0.0024781695,0.43223494,0.30343017,hiphop
1.0,0.0015915715,0.49019533,0.2870975,hiphop
1.0,0.0035208,0.4302409,0.29040644,hiphop
1.0,0.0023917037,0.43965495,0.2943306,hiphop
1.0,0.004828982,0.38105837,0.28732747,hiphop
1.0,0.0035537025,0.43086895,0.2920368,hiphop
1.0,0.003855221,0.50735897,0.28090653,hiphop
1.0,0.0017439487,0.4755149,0.30049467,hiphop
1.0,0.0018182828,0.42773262,0.31045035,hiphop
1.0,0.0031129986,0.37462813,0.30435544,hiphop
1.0,0.0019798607,0.44052202,0.3051787,hiphop
1.0,0.050566535,0.5392278,0.25765488,hiphop
1.0,0.0067042676,0.4798458,0.2864888,hiphop
1.0,0.014148567,0.47533038,0.2970088,hiphop
1.0,0.007547674,0.5003266,0.2801465,hiphop
1.0,0.0064355284,0.46989796,0.285723,hiphop
1.0,0.0055112867,0.5288315,0.29218397,hiphop
1.0,0.0,0.51878667,0.28203076,hiphop
1.0,0.0,0.40901175,0.31304276,hiphop
1.0,0.0,0.39842054,0.30823687,hiphop
1.0,0.0,0.39005402,0.31935284,hiphop
1.0,0.0,0.34758487,0.3070406,hiphop
1.0,0.0,0.42498425,0.30255538,hiphop
1.0,0.0,0.44883353,0.30049887,hiphop
1.0,0.0,0.44521865,0.29898143,hiphop
1.0,0.0,0.35554135,0.29924724,hiphop
1.0,0.0,0.39005402,0.31935284,hiphop
1.0,0.0036179502,0.49217635,0.2881435,hiphop
1.0,0.0011934763,0.44940633,0.30813244,hiphop
1.0,0.0027900934,0.41634825,0.2982911,hiphop
1.0,0.00583489,0.48406336,0.29180118,hiphop
1.0,0.0024418118,0.42703882,0.30974233,hiphop
1.0,0.0059008147,0.3936004,0.30580002,hiphop
1.0,0.0015849728,0.46139812,0.2993483,hiphop
1.0,0.004160393,0.50688887,0.28990376,hiphop
1.0,0.0010473111,0.44697666,0.3028911,hiphop
1.0,0.0064841043,0.39065877,0.31200078,hiphop
1.0,0.010153133,0.49168044,0.2946621,hiphop
1.0,0.0021201596,0.40067205,0.31122997,hiphop
1.0,0.00369482,0.50613976,0.2848069,hiphop
1.0,0.0022393835,0.49956933,0.2796312,hiphop
1.0,0.0011723754,0.43968493,0.3214752,hiphop
1.0,0.0057874583,0.47363526,0.280794,hiphop
1.0,0.0011034535,0.4719179,0.3077861,hiphop
1.0,0.005930777,0.44546938,0.30313042,hiphop
1.0,0.00058228034,0.40800598,0.32008567,hiphop
1.0,0.0001390787,0.41778487,0.31799322,hiphop
1.0,0.0032235868,0.40975985,0.30711904,hiphop
1.0,0.0021793526,0.4983869,0.29238346,hiphop
1.0,0.007500136,0.4221081,0.29773232,hiphop
1.0,0.0008026808,0.48957697,0.29841468,hiphop
1.0,0.002094269,0.43090683,0.29858693,hiphop
1.0,0.0005493264,0.4038802,0.3155231,hiphop
1.0,0.0024416682,0.43807063,0.3078051,hiphop
1.0,0.0010082292,0.42251512,0.3024321,hiphop
1.0,0.006110387,0.47394475,0.28984594,hiphop
1.0,0.004106009,0.45118245,0.31108588,hiphop
1.0,0.00090331846,0.42499024,0.31288728,hiphop
1.0,0.004300827,0.46092817,0.2955074,hiphop
1.0,0.00090331846,0.42499024,0.31288728,hiphop
1.0,0.002052343,0.42727414,0.30251697,hiphop
1.0,0.005097715,0.40356886,0.3123247,hiphop
1.0,0.0029733288,0.52058536,0.29350924,hiphop
1.0,0.004582202,0.50361925,0.28838232,hiphop
1.0,0.0041638887,0.44792578,0.29214948,hiphop
1.0,0.0048695225,0.5133563,0.28872597,hiphop
1.0,0.0036029567,0.47679853,0.29706326,hiphop
1.0,0.004685109,0.47983924,0.3004826,hiphop
1.0,0.018274674,0.5837967,0.26740682,hiphop
1.0,0.0012450357,0.4600093,0.29249316,hiphop
1.0,0.0064458745,0.49831194,0.29515237,hiphop
1.0,0.010331567,0.48243105,0.29367033,hiphop
1.0,0.009396926,0.5337824,0.2713935,hiphop
1.0,0.008064559,0.47778267,0.28632304,hiphop
1.0,0.015082766,0.47652137,0.28237015,hiphop
1.0,0.002841037,0.45894212,0.29882506,hiphop
1.0,0.014330577,0.5623587,0.26078126,hiphop
1.0,0.003157452,0.42474797,0.29585093,hiphop
1.0,0.0068884804,0.4738047,0.29113877,hiphop
1.0,0.009269839,0.5335046,0.27557135,hiphop
1.0,0.0015620936,0.4309518,0.30830982,hiphop
1.0,0.0022990278,0.3444932,0.2915291,jazz
1.0,0.0015851931,0.32815516,0.29419896,jazz
1.0,0.0014718536,0.26762772,0.2897499,jazz
1.0,0.0018526518,0.31936443,0.28465876,jazz
1.0,0.0001264864,0.17176989,0.28741735,jazz
1.0,6.6290166e-05,0.24827772,0.3105073,jazz
1.0,0.00049408595,0.27487183,0.3035272,jazz
1.0,6.081496e-05,0.19719191,0.3028854,jazz
1.0,0.0017786404,0.35739473,0.30440855,jazz
1.0,0.00057651097,0.26689672,0.29961035,jazz
1.0,0.0018540751,0.32977176,0.30237782,jazz
1.0,0.0033633364,0.3002093,0.2971185,jazz
1.0,0.0048373584,0.36379892,0.28747922,jazz
1.0,0.0014537302,0.31439632,0.29820117,jazz
1.0,0.00031482475,0.19868673,0.29087692,jazz
1.0,0.002429057,0.3329557,0.3014888,jazz
1.0,0.0009119324,0.2494863,0.2959645,jazz
1.0,0.0022569597,0.34533143,0.3035315,jazz
1.0,0.0061748945,0.3534085,0.2962701,jazz
1.0,0.0008902328,0.248026,0.295503,jazz
1.0,0.00021523586,0.28933343,0.32227817,jazz
1.0,0.007934598,0.43288732,0.2950254,jazz
1.0,0.00016457438,0.20151573,0.2950798,jazz
1.0,0.00054708414,0.2207792,0.3033722,jazz
1.0,0.0018187221,0.34920043,0.30778757,jazz
1.0,0.00024168126,0.26780388,0.31532586,jazz
1.0,8.699701e-05,0.20186247,0.30881694,jazz
1.0,0.004571786,0.32528928,0.30855018,jazz
1.0,0.0010426439,0.27644315,0.29587817,jazz
1.0,0.0032863764,0.30433968,0.30210528,jazz
1.0,0.00055816234,0.23504393,0.29929125,jazz
1.0,0.0017908214,0.3110394,0.30604368,jazz
1.0,0.00027817357,0.2807769,0.31531164,jazz
1.0,0.0006084306,0.27402085,0.31229976,jazz
1.0,0.0023018906,0.3116933,0.29972348,jazz
1.0,0.0008491839,0.26454058,0.29998168,jazz
1.0,0.0027015759,0.32236797,0.29385948,jazz
1.0,0.0005981926,0.284948,0.30369657,jazz
1.0,0.0015094923,0.2856102,0.29716745,jazz
1.0,0.00024248514,0.24768116,0.30032614,jazz
1.0,0.00057019,0.23667088,0.30886644,jazz
1.0,0.0003035582,0.3082287,0.29916006,jazz
1.0,0.0018452151,0.2852741,0.30121735,jazz
1.0,5.863034e-05,0.2537832,0.29813862,jazz
1.0,0.000779621,0.2766236,0.29971758,jazz
1.0,0.000996242,0.27865592,0.3053763,jazz
1.0,0.0002534386,0.250222,0.30070013,jazz
1.0,0.003986271,0.358576,0.30242237,jazz
1.0,0.0022468471,0.28263187,0.29522076,jazz
1.0,0.00024741684,0.20990238,0.30771822,jazz
1.0,0.007540978,0.41037485,0.2892525,jazz
1.0,0.00060391816,0.27403566,0.3122732,jazz
1.0,0.0036929864,0.3661007,0.3029638,jazz
1.0,0.002301393,0.31170988,0.29971287,jazz
1.0,0.00018555847,0.30914885,0.31210658,jazz
1.0,0.00085240224,0.26453978,0.29997715,jazz
1.0,0.006256405,0.37253192,0.29752338,jazz
1.0,0.00010368034,0.23403837,0.30438185,jazz
1.0,0.0026979162,0.32237762,0.29386267,jazz
1.0,0.00041207884,0.31734142,0.31947982,jazz
1.0,0.00059764093,0.28497162,0.3036874,jazz
1.0,0.0065529337,0.37021154,0.2908897,jazz
1.0,0.0015220047,0.2856545,0.29715812,jazz
1.0,0.0071395827,0.3805404,0.2965762,jazz
1.0,0.0030575092,0.37970966,0.28664103,jazz
1.0,0.00024037578,0.24769275,0.30032644,jazz
1.0,0.00035856184,0.25898328,0.29058892,jazz
1.0,0.0005683585,0.2366899,0.30887368,jazz
1.0,0.0018491193,0.28527668,0.30121318,jazz
1.0,5.8996604e-05,0.25388345,0.29814628,jazz
1.0,0.0007849265,0.27664104,0.29971617,jazz
1.0,0.00095125224,0.27724737,0.30431017,jazz
1.0,0.00025420275,0.25022087,0.3006899,jazz
1.0,0.0024118028,0.3323741,0.29893088,jazz
1.0,0.0022892475,0.29495355,0.30272287,jazz
1.0,0.0012262501,0.29375893,0.29349956,jazz
1.0,0.004452525,0.3031213,0.2949647,jazz
1.0,0.0005866769,0.30749902,0.29643664,jazz
1.0,0.0023746174,0.26615044,0.29836538,jazz
1.0,0.004608921,0.33828345,0.29084402,jazz
1.0,0.009111008,0.3703903,0.2835801,jazz
1.0,0.0029540367,0.44186088,0.2964315,jazz
1.0,0.009736619,0.40154165,0.28697264,jazz
1.0,0.0048125302,0.42909393,0.28515646,jazz
1.0,0.008233132,0.39294955,0.29437485,jazz
1.0,0.0014959668,0.32550374,0.2959477,jazz
1.0,0.004937476,0.3374259,0.28285366,jazz
1.0,0.0009675199,0.3419146,0.32081193,jazz
1.0,0.00021052042,0.29106042,0.30956638,jazz
1.0,0.00044016214,0.2804065,0.31191105,jazz
1.0,0.0011301212,0.2699995,0.29438716,jazz
1.0,0.00071669853,0.2309633,0.29411274,jazz
1.0,0.00028064143,0.27042797,0.30820483,jazz
1.0,0.0021437851,0.26958323,0.2833982,jazz
1.0,0.00023400287,0.23740347,0.3046825,jazz
1.0,0.0011825523,0.3112811,0.30060452,jazz
1.0,0.002031848,0.29865912,0.30519146,jazz
1.0,0.00077718945,0.22404481,0.3017236,jazz
1.0,0.0036746976,0.3279028,0.30186066,jazz
1.0,0.0004219669,0.2958971,0.31040943,jazz
1.0,0.017412506,0.48777872,0.25969893,metal
1.0,0.012890288,0.47693357,0.2682816,metal
1.0,0.033492688,0.43250424,0.27380702,metal
1.0,0.009813631,0.4876697,0.28093663,metal
1.0,0.050119136,0.6346607,0.21903169,metal
1.0,0.015952826,0.42260268,0.27885035,metal
1.0,0.004939471,0.43396315,0.2830987,metal
1.0,0.052175768,0.58136714,0.24829198,metal
1.0,0.012287287,0.46657756,0.28679225,metal
1.0,0.020243855,0.5270196,0.24643874,metal
1.0,0.04514046,0.5418776,0.24563824,metal
1.0,0.01387682,0.5108508,0.25871065,metal
1.0,0.043631986,0.60497457,0.22542666,metal
1.0,0.033646554,0.6362048,0.21113399,metal
1.0,0.02662632,0.55259246,0.25137645,metal
1.0,0.04060227,0.4849302,0.2589492,metal
1.0,0.033636734,0.5020534,0.26070178,metal
1.0,0.06250436,0.58092386,0.24212559,metal
1.0,0.0468498,0.5555221,0.24405463,metal
1.0,0.029421603,0.5551851,0.2495253,metal
1.0,0.022152519,0.49589503,0.2699648,metal
1.0,0.031179452,0.52547175,0.25912693,metal
1.0,0.0061040083,0.3698008,0.28202584,metal
1.0,0.02224224,0.5272757,0.26217467,metal
1.0,0.012691031,0.47880808,0.27234408,metal
1.0,0.011098333,0.46551076,0.27528623,metal
1.0,0.026521645,0.48454973,0.26987877,metal
1.0,0.02335614,0.4749444,0.2738558,metal
1.0,0.020167993,0.4812479,0.2613592,metal
1.0,0.0064127,0.44092262,0.28202084,metal
1.0,0.023790985,0.46229282,0.26715982,metal
1.0,0.017707,0.44622388,0.27372223,metal
1.0,0.010914968,0.43656766,0.27495927,metal
1.0,0.0069462336,0.48021376,0.27905458,metal
1.0,0.0021813586,0.4068882,0.2883363,metal
1.0,0.005954183,0.5016604,0.2704354,metal
1.0,0.03284504,0.51906675,0.26634791,metal
1.0,0.014382111,0.39583862,0.28659967,metal
1.0,0.0038930236,0.47059822,0.2977252,metal
1.0,0.010709119,0.37923384,0.29081586,metal
1.0,0.01247138,0.5092077,0.2743352,metal
1.0,0.021705247,0.45689827,0.27568987,metal
1.0,0.015528842,0.4366056,0.28528708,metal
1.0,0.0015181347,0.438512,0.28594336,metal
1.0,0.017200371,0.4696017,0.27071932,metal
1.0,0.0029048766,0.4301721,0.28472164,metal
1.0,0.030790517,0.4825492,0.2741647,metal
1.0,0.019159628,0.4310416,0.28565055,metal
1.0,0.023533644,0.4770043,0.25567436,metal
1.0,0.025148652,0.5244218,0.2528641,metal
1.0,0.02328185,0.502444,0.26773226,metal
1.0,0.02285376,0.5169347,0.26843888,metal
1.0,0.03238118,0.5338851,0.26357096,metal
1.0,0.006945094,0.49260235,0.27952233,metal
1.0,0.023147658,0.51017773,0.2697188,metal
1.0,0.018935857,0.4990352,0.27143413,metal
1.0,0.009821233,0.46347606,0.29182264,metal
1.0,0.01827334,0.48765814,0.27610657,metal
1.0,0.008186281,0.46137363,0.28132075,metal
1.0,0.008761339,0.46768618,0.27219546,metal
1.0,0.029384159,0.5405549,0.24400534,metal
1.0,0.01247138,0.5092077,0.2743352,metal
1.0,0.021705247,0.45689827,0.27568987,metal
1.0,0.015528842,0.4366056,0.28528708,metal
1.0,0.0015181347,0.438512,0.28594336,metal
1.0,0.017200371,0.4696017,0.27071932,metal
1.0,0.0029048766,0.4301721,0.28472164,metal
1.0,0.021124976,0.4691472,0.27213317,metal
1.0,0.010376133,0.46307757,0.27663743,metal
1.0,0.0098499,0.45407566,0.28272435,metal
1.0,0.00047105135,0.4146484,0.29942092,metal
1.0,0.0024981669,0.47982642,0.28244996,metal
1.0,0.009046094,0.44523817,0.28362554,metal
1.0,0.010571481,0.42996472,0.28129807,metal
1.0,0.016312037,0.48351958,0.2757128,metal
1.0,0.015674533,0.4483327,0.2765844,metal
1.0,0.02453798,0.49588966,0.2728839,metal
1.0,0.017286263,0.44094372,0.27952483,metal
1.0,0.020971606,0.5335914,0.2634145,metal
1.0,0.0074586044,0.47251746,0.26909974,metal
1.0,0.009445479,0.49709383,0.27870843,metal
1.0,0.04960739,0.517647,0.24958098,metal
1.0,0.017507132,0.5132023,0.2589912,metal
1.0,0.018243821,0.45723015,0.2706515,metal
1.0,0.0084640365,0.48040012,0.27989104,metal
1.0,0.018508922,0.4410491,0.27701914,metal
1.0,0.0097764395,0.43421623,0.28351766,metal
1.0,0.015656197,0.51678914,0.2688408,metal
1.0,0.004654479,0.42164207,0.296428,metal
1.0,0.003644343,0.45595163,0.301299,metal
1.0,0.009825277,0.42686749,0.2899979,metal
1.0,0.007997358,0.38018358,0.28752282,metal
1.0,0.0035431022,0.34193188,0.29877022,metal
1.0,0.02000021,0.4443258,0.28529543,metal
1.0,0.0021813586,0.4068882,0.2883363,metal
1.0,0.0071207643,0.52922803,0.26250836,metal
1.0,0.0016760844,0.5185317,0.27481765,metal
1.0,0.01751474,0.4918863,0.27162778,metal
1.0,0.0045675724,0.5105759,0.2777373,metal
1.0,0.008094477,0.5163208,0.2740899,metal
1.0,0.00078443746,0.3897145,0.30154195,pop
1.0,0.00014873785,0.4127586,0.31245425,pop
1.0,0.0006018273,0.41789016,0.3059232,pop
1.0,0.0060629486,0.41005275,0.2848184,pop
1.0,0.0077010794,0.38438848,0.2891076,pop
1.0,0.00019810497,0.32325655,0.29453537,pop
1.0,0.0023522153,0.37462318,0.29292473,pop
1.0,0.0003515447,0.25158858,0.30245414,pop
1.0,0.0066096284,0.40381122,0.29350522,pop
1.0,0.009197093,0.45483544,0.27894676,pop
1.0,0.0037119188,0.37797874,0.29648405,pop
1.0,0.00063322746,0.22562955,0.29392186,pop
1.0,0.0034338548,0.385887,0.29199982,pop
1.0,0.004751276,0.3561919,0.307729,pop
1.0,0.003555239,0.4260218,0.28818253,pop
1.0,0.0013717667,0.38672364,0.29843926,pop
1.0,0.0013121967,0.3887713,0.30616826,pop
1.0,0.0069789626,0.43529552,0.28742763,pop
1.0,0.002433523,0.41001046,0.2943257,pop
1.0,0.00032004763,0.3766972,0.29671815,pop
1.0,0.007077896,0.41231987,0.28568143,pop
1.0,0.0016085133,0.5043945,0.2713462,pop
1.0,0.0018910429,0.3869217,0.29845557,pop
1.0,0.0012267632,0.3934257,0.30856258,pop
1.0,0.0027392511,0.41098088,0.3116665,pop
1.0,0.0007053423,0.33036473,0.30631697,pop
1.0,0.001171067,0.3350296,0.3009413,pop
1.0,0.0015211122,0.37741295,0.29269153,pop
1.0,0.0010745982,0.34934646,0.2929344,pop
1.0,0.0026452811,0.3547542,0.3093775,pop
1.0,0.002045988,0.35769865,0.2910195,pop
1.0,0.0025131525,0.36603388,0.29191744,pop
1.0,0.0006367179,0.42664915,0.29860264,pop
1.0,0.0012756562,0.42290184,0.29216003,pop
1.0,0.00075990154,0.34084368,0.29793632,pop
1.0,0.0041931174,0.41207367,0.29130346,pop
1.0,0.0008139956,0.39457408,0.29917195,pop
1.0,0.0033020007,0.45171198,0.291996,pop
1.0,0.0026760588,0.4005925,0.2945899,pop
1.0,0.0037973176,0.38415253,0.30754718,pop
1.0,0.00041301915,0.29224333,0.29252,pop
1.0,0.0010292202,0.28238016,0.30068696,pop
1.0,0.0018858538,0.37972975,0.3016607,pop
1.0,0.0045311796,0.47344568,0.28385314,pop
1.0,0.0017031871,0.45614526,0.30208,pop
1.0,0.0033521692,0.4128694,0.29891202,pop
1.0,0.0036641136,0.41501153,0.30038214,pop
1.0,0.000729709,0.4335399,0.30208057,pop
1.0,0.002040017,0.46493727,0.29037955,pop
1.0,0.00088701415,0.32267648,0.30006117,pop
1.0,0.00148381,0.41408187,0.30335477,pop
1.0,0.002613734,0.44701913,0.29194486,pop
1.0,0.0026685186,0.52272147,0.29706365,pop
1.0,0.00017901346,0.27737415,0.31794274,pop
1.0,0.0014756494,0.39040145,0.31590748,pop
1.0,0.000675592,0.43286315,0.30720085,pop
1.0,0.00066932914,0.47309402,0.31254572,pop
1.0,0.0028334854,0.51853126,0.2989254,pop
1.0,0.00014990631,0.33993873,0.3135783,pop
1.0,0.0007615774,0.47546217,0.31197602,pop
1.0,0.0014756494,0.39040145,0.31590748,pop
1.0,0.0021849344,0.45551932,0.3022396,pop
1.0,0.00095910183,0.3296427,0.31376347,pop
1.0,0.0021607196,0.3167193,0.29960647,pop
1.0,0.00023654358,0.34651315,0.31613186,pop
1.0,0.0021031462,0.34565118,0.31188425,pop
1.0,0.0020278667,0.3541164,0.29178995,pop
1.0,0.0023078443,0.4474077,0.30494002,pop
1.0,0.0011247317,0.40740538,0.30653864,pop
1.0,0.025031144,0.4969614,0.272201,pop
1.0,0.00012214798,0.4371366,0.29915735,pop
1.0,0.0023078443,0.4474077,0.30494002,pop
1.0,0.0074901595,0.4807797,0.27550402,pop
1.0,0.007380236,0.42336026,0.28641656,pop
1.0,0.0013173732,0.34944054,0.31305414,pop
1.0,0.0014930055,0.4093867,0.30295464,pop
1.0,0.002552891,0.47572708,0.28980651,pop
1.0,0.0024171409,0.44544223,0.3044691,pop
1.0,0.001949249,0.4547545,0.2940788,pop
1.0,0.00035824405,0.3519286,0.30590174,pop
1.0,0.0007086834,0.43361694,0.30202517,pop
1.0,0.002005001,0.36985952,0.28965613,pop
1.0,0.010885712,0.46213287,0.30022773,pop
1.0,0.0049883667,0.29810506,0.28816983,pop
1.0,0.0006367152,0.40918562,0.31088188,pop
1.0,0.00038653016,0.44382367,0.30864695,pop
1.0,0.008921694,0.3876946,0.27966413,pop
1.0,0.0052245134,0.3523111,0.3000785,pop
1.0,0.0012997335,0.43150875,0.2980633,pop
1.0,0.0010905616,0.43712428,0.29429942,pop
1.0,0.0051766667,0.35314766,0.2996054,pop
1.0,0.0016102908,0.42451915,0.3094058,pop
1.0,0.0025325734,0.48733836,0.29075468,pop
1.0,0.003930669,0.415235,0.29795632,pop
1.0,0.0031525346,0.33309838,0.29336104,pop
1.0,0.0028954493,0.365705,0.29872844,pop
1.0,0.0015387174,0.34000403,0.30900922,pop
1.0,0.0009506722,0.4669703,0.30232343,pop
1.0,0.00026425367,0.399341,0.3084279,pop
1.0,0.0014517936,0.3605328,0.30250877,pop
1.0,0.0008392102,0.3288784,0.3004062,reggae
1.0,0.0020279214,0.34901142,0.29704514,reggae
1.0,0.0011356233,0.378513,0.30376112,reggae
1.0,0.0006350871,0.3913434,0.3060083,reggae
1.0,0.0031443129,0.40186623,0.30500317,reggae
1.0,0.001163081,0.3646125,0.30631444,reggae
1.0,0.0003130657,0.34243292,0.30341002,reggae
1.0,0.0014296775,0.3859999,0.3027863,reggae
1.0,0.0003451593,0.36873907,0.30845097,reggae
1.0,0.000219672,0.3829874,0.31237686,reggae
1.0,0.0009049462,0.2949428,0.30405673,reggae
1.0,0.0005767937,0.41850123,0.3128065,reggae
1.0,0.0006241638,0.4273662,0.29763183,reggae
1.0,0.00045821906,0.3621759,0.31223655,reggae
1.0,0.0003272151,0.39499,0.30650887,reggae
1.0,0.0023013868,0.35863692,0.30774269,reggae
1.0,0.005136991,0.41952103,0.28427067,reggae
1.0,0.0012803996,0.42595223,0.3031196,reggae
1.0,0.0024488303,0.39458644,0.30094257,reggae
1.0,0.0007293159,0.39388508,0.31832927,reggae
1.0,0.0019995843,0.37093377,0.3080872,reggae
1.0,0.00048519278,0.39003792,0.29417405,reggae
1.0,0.0074996315,0.45542738,0.29666218,reggae
1.0,0.0016753423,0.42847756,0.2986925,reggae
1.0,0.001726641,0.34867153,0.31245857,reggae
1.0,0.001185386,0.36248925,0.30978024,reggae
1.0,0.0027990392,0.40271538,0.31231904,reggae
1.0,0.0005548862,0.40373403,0.31617728,reggae
1.0,0.0021232932,0.48730457,0.29219693,reggae
1.0,0.00198359,0.42890927,0.29789454,reggae
1.0,0.01088335,0.48764083,0.28968906,reggae
1.0,0.010927445,0.4904192,0.28801548,reggae
1.0,0.0018288213,0.4869623,0.29040566,reggae
1.0,0.0030198079,0.44672203,0.29822996,reggae
1.0,0.0029770073,0.4705853,0.2971681,reggae
1.0,0.004908785,0.45854002,0.2950756,reggae
1.0,0.00081662385,0.43454266,0.3060127,reggae
1.0,0.0065410035,0.5177376,0.29208398,reggae
1.0,0.00024722534,0.37383953,0.32270595,reggae
1.0,0.002773527,0.5074149,0.3049966,reggae
1.0,0.0003089283,0.30261552,0.30829963,reggae
1.0,0.0036990824,0.37360558,0.3032248,reggae
1.0,0.0018247792,0.4334103,0.2893618,reggae
1.0,0.0025312358,0.33477828,0.29213682,reggae
1.0,0.0068766717,0.44927633,0.2847677,reggae
1.0,0.0052830493,0.45757356,0.28531307,reggae
1.0,0.000609317,0.32430077,0.31974876,reggae
1.0,0.0013741845,0.34247676,0.30670017,reggae
1.0,0.0021724694,0.39015487,0.304008,reggae
1.0,0.00094333856,0.36961177,0.29623315,reggae
1.0,0.004323253,0.46035033,0.28922886,reggae
1.0,0.057680223,0.56960213,0.27031407,reggae
1.0,0.00692927,0.5022181,0.28935224,reggae
1.0,0.0028147188,0.4694101,0.29878902,reggae
1.0,0.00093170383,0.39628837,0.30500254,reggae
1.0,0.005120192,0.461971,0.28456163,reggae
1.0,0.00058761827,0.3702624,0.3052696,reggae
1.0,0.00043357108,0.37290987,0.3084144,reggae
1.0,0.0007726078,0.37186235,0.30764914,reggae
1.0,0.0019382867,0.37597787,0.2925134,reggae
1.0,0.0009883672,0.29911512,0.30292094,reggae
1.0,0.0019770493,0.39536202,0.30531672,reggae
1.0,0.0020529346,0.44482908,0.31213364,reggae
1.0,0.0025028891,0.41585445,0.29972112,reggae
1.0,0.0014735911,0.41680506,0.31406334,reggae
1.0,0.0010152946,0.37581554,0.30900788,reggae
1.0,0.001612871,0.3892008,0.3051641,reggae
1.0,0.0021610404,0.39610007,0.29987222,reggae
1.0,0.0011039976,0.3586421,0.31666362,reggae
1.0,0.002916833,0.3625444,0.29827735,reggae
1.0,0.00054495037,0.3805537,0.3103064,reggae
1.0,0.0012159946,0.40891767,0.31084466,reggae
1.0,0.003748554,0.43271822,0.29327828,reggae
1.0,0.005385669,0.4494661,0.30072337,reggae
1.0,0.005361987,0.45464915,0.30500892,reggae
1.0,0.002079699,0.38970286,0.30122963,reggae
1.0,0.00039026976,0.44042617,0.30715495,reggae
1.0,0.0017213197,0.39548972,0.3012,reggae
1.0,0.0049221287,0.4528192,0.28794947,reggae
1.0,0.0059540137,0.47635508,0.30184835,reggae
1.0,0.0022312335,0.4770484,0.30633992,reggae
1.0,0.0017981128,0.47352478,0.3047968,reggae
1.0,0.0017981128,0.47352478,0.3047968,reggae
1.0,0.000662439,0.32676354,0.30242756,reggae
1.0,0.0020884478,0.31906396,0.29952636,reggae
1.0,0.0007494878,0.39582387,0.30451676,reggae
1.0,0.00981005,0.6635413,0.21933363,reggae
1.0,0.00055494544,0.38772947,0.31885213,reggae
1.0,0.0017636624,0.3756998,0.3061487,reggae
1.0,0.0018195214,0.36949578,0.309376,reggae
1.0,0.0046213474,0.47000405,0.29468817,reggae
1.0,0.0021197768,0.39799446,0.29883993,reggae
1.0,0.0019036898,0.3989742,0.3004482,reggae
1.0,0.00118454,0.37084785,0.2970304,reggae
1.0,0.0072527467,0.36561716,0.29485595,reggae
1.0,0.0069011827,0.42458442,0.2842516,reggae
1.0,0.0005656586,0.41626847,0.30864832,reggae
1.0,0.00036813263,0.27205,0.29498234,reggae
1.0,0.006123441,0.41004914,0.29804766,reggae
1.0,0.0033387397,0.43122938,0.2863834,reggae
1.0,0.0027768642,0.38740283,0.2931529,rock
1.0,0.004039404,0.36551023,0.30346853,rock
1.0,0.013755982,0.43683383,0.2942594,rock
1.0,0.0049538105,0.38013273,0.3136893,rock
1.0,0.0056411866,0.3727365,0.2990125,rock
1.0,0.0045627733,0.3767896,0.28623092,rock
1.0,0.0022663374,0.34448835,0.29674265,rock
1.0,0.0046368297,0.35925552,0.29616502,rock
1.0,0.0025277007,0.4088296,0.28640792,rock
1.0,0.0061209775,0.37617397,0.30409715,rock
1.0,0.0062434394,0.39820716,0.2963019,rock
1.0,0.0013781039,0.34322384,0.29809853,rock
1.0,0.0008426206,0.33889946,0.31368253,rock
1.0,0.0026688674,0.44043094,0.30438077,rock
1.0,0.00042580644,0.38052484,0.3165862,rock
1.0,0.0009713575,0.34371725,0.3039444,rock
1.0,0.008186281,0.46137363,0.28132075,rock
1.0,0.013759817,0.41887888,0.27698222,rock
1.0,0.006963832,0.48023722,0.28049567,rock
1.0,0.010921444,0.43590206,0.2774485,rock
1.0,0.0058751157,0.39817154,0.28393787,rock
1.0,0.009444505,0.3928767,0.28264683,rock
1.0,0.010973723,0.4159105,0.28088072,rock
1.0,0.0024178748,0.2942903,0.2873516,rock
1.0,0.0067844247,0.40513122,0.27551076,rock
1.0,0.006998498,0.41510257,0.2826054,rock
1.0,0.008420837,0.38312322,0.28357652,rock
1.0,0.0017481006,0.40252107,0.29779145,rock
1.0,0.0047503337,0.44274235,0.2823619,rock
1.0,0.0038466288,0.4186011,0.2873266,rock
1.0,0.005145568,0.39033824,0.29172495,rock
1.0,0.0010426965,0.3692016,0.29580536,rock
1.0,0.005337077,0.3834778,0.29533026,rock
1.0,0.0011047587,0.32352048,0.29503974,rock
1.0,0.016716426,0.42088565,0.28068787,rock
1.0,0.011906974,0.4572339,0.28174362,rock
1.0,0.01427702,0.4283946,0.27779236,rock
1.0,0.018388718,0.45181865,0.27042228,rock
1.0,0.005083019,0.41147804,0.2909009,rock
1.0,0.012771799,0.4426954,0.26970765,rock
1.0,0.003480633,0.41608867,0.29632747,rock
1.0,0.010232198,0.40221494,0.28282535,rock
1.0,0.0057943976,0.44438335,0.28340566,rock
1.0,0.0027459222,0.42024067,0.29701886,rock
1.0,0.003522269,0.3113982,0.28843236,rock
1.0,0.010666524,0.36134955,0.28742775,rock
1.0,0.0059646145,0.36131182,0.2864543,rock
1.0,0.0033125193,0.4613815,0.29403532,rock
1.0,0.010009278,0.3215302,0.28581312,rock
1.0,0.010663113,0.39610803,0.27865377,rock
1.0,0.0055074366,0.3946422,0.29861864,rock
1.0,0.0045471997,0.36877757,0.29503688,rock
1.0,0.0008395895,0.340701,0.3114271,rock
1.0,0.011482678,0.4091429,0.2738316,rock
1.0,0.0036008605,0.34664512,0.29415783,rock
1.0,0.013028652,0.43161365,0.27138153,rock
1.0,0.01776826,0.4885189,0.26912817,rock
1.0,0.002682083,0.3901254,0.28968367,rock
1.0,0.0023589137,0.30106091,0.29296896,rock
1.0,0.004533956,0.33953157,0.2879756,rock
1.0,0.0056668017,0.40548527,0.2853965,rock
1.0,0.0017305089,0.2997649,0.2927808,rock
1.0,0.0009025346,0.31972647,0.30311325,rock
1.0,0.00069389114,0.3296278,0.3061024,rock
1.0,0.0047531216,0.37433743,0.29113218,rock
1.0,0.007608362,0.3952119,0.28422552,rock
1.0,0.0025155225,0.36009386,0.29509473,rock
1.0,0.005112777,0.39290723,0.29091546,rock
1.0,0.009610426,0.4021151,0.28759384,rock
1.0,0.0026406192,0.31144074,0.29694003,rock
1.0,0.0031342243,0.36799285,0.29618174,rock
1.0,0.004959652,0.45442817,0.28010315,rock
1.0,0.007443698,0.40336823,0.29063752,rock
1.0,0.0073309303,0.45865026,0.27319324,rock
1.0,0.004910226,0.3944035,0.2914977,rock
1.0,0.0030866908,0.40853086,0.3010548,rock
1.0,0.003710548,0.34563643,0.30559412,rock
1.0,0.0073865377,0.45540807,0.27835536,rock
1.0,0.0015825047,0.3579821,0.30331016,rock
1.0,0.005833558,0.36006528,0.28980345,rock
1.0,0.005548954,0.36864844,0.287503,rock
1.0,0.0021096931,0.335779,0.2946884,rock
1.0,0.0041509904,0.38245007,0.29330817,rock
1.0,0.007860799,0.378793,0.28516746,rock
1.0,0.0054762093,0.356773,0.29850003,rock
1.0,0.001842375,0.32189262,0.29767343,rock
1.0,0.0021044088,0.39097285,0.29552177,rock
1.0,0.010754268,0.39313743,0.27634797,rock
1.0,0.001377163,0.40842345,0.29842255,rock
1.0,0.0021963136,0.34345806,0.29420978,rock
1.0,0.0009886883,0.2557003,0.30104423,rock
1.0,0.0122693125,0.4435838,0.26399907,rock
1.0,0.0126240095,0.41648173,0.27157202,rock
1.0,0.007868677,0.34351164,0.28611946,rock
1.0,0.016548384,0.38914114,0.27094853,rock
1.0,0.00542376,0.35199177,0.2837124,rock
1.0,0.015387842,0.39876094,0.27407068,rock
1.0,0.006835459,0.43190938,0.2743026,rock
1.0,0.00059228874,0.36242777,0.30250132,rock
1.0,0.0040102564,0.35816488,0.29292655,rock
