contrast_max,contrast_min,contrast_mean,contrast_std,genre
48.28916451460973,4.028251827521499,20.52688087108691,8.764369283875734,blues
48.775995635107606,5.534489482879292,20.6722637211104,8.24024799448767,blues
67.98005563611429,4.558865224169454,22.19179405193886,8.727502505615798,blues
53.95252564516238,5.438507900878054,21.428385812778387,7.962195128609519,blues
54.5266492460319,6.113804166197364,21.46301662416645,7.940710651346771,blues
55.906395005952405,6.173006506343045,22.544687676555064,8.17834957409377,blues
52.04960369028019,5.072359513021374,23.42585286711339,7.040284986632454,blues
50.7318735942019,6.192865921551459,22.440333741917733,7.242144538616212,blues
53.068922285716795,5.718854445257439,22.373432035398416,9.451291906755166,blues
50.41454967587728,4.960131252290816,21.15817625607948,7.957959882854583,blues
54.12668124840518,3.604269607454193,21.087885136940272,8.23838336638845,blues
61.36911302722236,5.8485652054765485,20.797922503925605,7.343455025477706,blues
44.95187270904249,3.2613357702302075,22.12709984510387,6.741583448565534,blues
49.53912315827344,4.854524090350276,21.416026946253265,7.129589763304325,blues
45.48308827409513,3.4360621587437006,21.617301759218904,6.527442889955087,blues
45.58802653246307,7.095273284765116,21.364320960810666,6.689703554168349,blues
45.61221850024868,5.399820326021734,21.057215658616677,7.080088337007991,blues
46.559677824586466,6.359923106949074,21.719440271194625,6.357365804049772,blues
46.3466350356059,5.807162583825039,21.71347423192118,7.420516096545046,blues
52.19952421202052,4.326012360440814,21.481304789833548,6.513913316215983,blues
48.557308054592085,5.1762622575252655,20.069971291264192,7.192836895021132,blues
45.09531161382034,5.868072148907484,22.150178309816607,6.4691944400674,blues
47.979528123544995,5.63292596808649,22.285952456046708,6.792814787913083,blues
45.50512899850386,5.9043687761864465,21.828065776072563,6.130971979193323,blues
46.69162921912179,3.727539410174315,21.71705066119159,5.9837122385980805,blues
46.672290115598216,4.9395981592733715,21.023261506515574,6.300135209830949,blues
49.224497856976484,4.527675882738146,21.9573397813511,6.2301182375437305,blues
57.59553851955564,4.856228968392614,23.021924581581754,5.867445698181947,blues
47.54247128110553,3.980931100594804,21.40187790477895,6.189595778296853,blues
68.4719823661097,4.225661768058581,26.45613484306781,8.892486194044166,blues
63.26831725472612,7.023346549168075,26.843508340504968,8.623461117059106,blues
56.68628217115027,5.7777089503012125,27.927204308116266,8.277045940839079,blues
55.01058485189401,3.8125431473371902,26.985884312341295,8.186060868344324,blues
63.0581751500639,6.923374199324214,27.161623355813937,8.569552132173857,blues
57.94053212012533,6.735132936468825,26.879584652713362,8.633306298510947,blues
56.09866007480782,7.082384882248436,26.88077359835287,8.474417870614012,blues
58.533218174044805,6.5276350589791505,27.362695102173706,8.427793920797164,blues
61.484483047970635,5.8135488002516205,26.610892555904094,7.618479799670339,blues
63.92180885395803,7.553058009606627,27.193348897922462,8.31605565976074,blues
61.541859194355425,3.061994827444023,26.364761164092155,8.042817007676472,blues
48.539234184417,6.378574125901094,21.299273920012446,9.174150992230395,blues
50.636541024697316,5.404893187310701,21.788941053319647,9.346026664656792,blues
49.981363180846174,6.304772678450163,23.417019144742653,8.612955228421807,blues
48.84539568896025,5.053778722678627,20.79564245043679,9.418229993065966,blues
49.28547677308594,4.597880924968096,21.73034372336614,9.41759880983564,blues
46.59744994008071,6.442606819604861,21.931940376179618,8.184575724388068,blues
47.47487188388941,5.60787574959213,21.4207896071714,8.400507052470232,blues
49.265618731275836,5.892963389271953,22.393058830286602,8.666864858924324,blues
48.129244797460856,6.3719139835269445,21.606794967667263,9.027019882033288,blues
48.82658278922419,6.8781529955391925,22.55166958343033,7.125967510709028,blues
48.320824224048216,6.214709560894607,21.132981096997508,9.141083255268025,blues
54.906241176433056,3.9349511333638976,21.550471557337772,9.104420217646481,blues
50.65541351261457,5.7173259348712815,22.662172832981458,7.039684672777872,blues
49.21774292758173,4.801045769037707,21.6556158852799,8.951375636299597,blues
51.65880414804563,5.268483001969541,20.880166684391675,9.447070075687549,blues
47.5264905376569,4.767599165386949,21.231072542890566,8.850847881215296,blues
58.31676344184848,5.5698094259867155,23.36513552421739,8.313070046824228,blues
50.41469741658487,5.247112418770894,21.251939505792077,8.99440662475195,blues
53.6733083088958,6.366343427666498,22.215744921852156,8.72100938021817,blues
49.26117581235139,4.609503449361167,21.90678357375873,9.219200881898432,blues
59.67999124861673,5.348498226821951,20.970017313425373,9.274881096138554,blues
51.3940454518311,5.983456276828845,22.27558299823046,9.610467665364201,blues
55.84522343528022,4.994088770518253,23.605313150559862,8.252625102679067,blues
50.9239035200922,5.600273354635002,23.107807250352874,9.097545461214809,blues
51.09029307705031,4.510574282881992,22.13625647165181,8.854319176580175,blues
51.51408944676344,4.738494211037727,22.776329277078315,8.86021074014555,blues
51.538300734924796,5.04394834483643,22.520711714095608,9.05441910952976,blues
52.53433795847222,4.340873080538406,22.46971596395164,8.613636061560506,blues
45.53128034439985,4.6472536087712815,22.32999661188381,8.727209719313327,blues
51.66390307554266,5.863295230298425,23.29437369027405,9.02066365032847,blues
53.02065461287858,4.230067835276046,22.629317976147462,8.643246857108343,blues
51.017128669370166,3.70734611741765,22.575953559226896,8.864932009681922,blues
55.71103609625255,6.487871284995679,23.46540713530092,8.730756070941686,blues
50.72925736431727,5.757254032775151,22.409742275435747,9.290192680196384,blues
56.861431181708056,5.024511280792922,22.20884683771292,10.091815564186508,blues
51.71434045657388,3.951154930301131,21.071799481655617,9.73585315283465,blues
52.88479027878664,7.0034875276147215,23.4516327727461,9.64718512018241,blues
52.01742495005723,4.268815061012822,21.404339887402166,9.843628318344308,blues
51.32191188254805,5.001864456071574,20.967095451883562,10.462394429632496,blues
56.59693238195466,5.23228009171328,21.784126245760483,10.4283310983543,blues
52.157112817960254,4.887820498406702,22.629794129512902,8.998320398659978,blues
49.50545524842358,3.744788028860747,22.658978981396928,9.739325818953434,blues
50.02149320417424,5.780846042227251,22.550612913573083,9.39549196255689,blues
52.912424059520504,3.5696783194910466,21.183338709430195,10.343535021729368,blues
50.09670602163855,4.212474192984205,21.786596720059134,9.708274275667396,blues
58.502185569138355,5.721725125705495,24.039969489488307,7.446540275551832,blues
49.89453263206671,5.890177914039659,21.16775961199142,7.407868592516688,blues
55.0615784348839,5.924625234980024,22.664558395596604,7.865984599646523,blues
50.336908781987056,5.9595858483706134,20.581541446950677,7.031882444869299,blues
52.61223180989368,3.235106020880357,20.90355776392442,5.526840312699358,blues
57.78495882318998,4.773441492517399,22.55744955889656,8.264095693959492,blues
56.19477952185917,5.743213342315296,20.946460047093876,7.141046633720166,blues
57.071314263563295,3.0099993379335626,20.944062089055475,6.034185675471957,blues
50.48753263827133,4.027168121078276,21.405046523586332,5.388750671155486,blues
53.259955471063606,5.932945739609695,22.89154280389245,7.207449059491964,blues
51.969670044777416,5.799352447578297,22.86334205472024,8.266921603590324,blues
49.22575470870583,4.388928846642144,23.63006623242012,5.9420937546341985,blues
55.99934736869073,6.756029492418948,21.96685331237336,7.633765752186644,blues
49.43445483739414,4.899519621419724,20.800314992887746,9.234667445725533,blues
46.08311019597257,6.364213013837422,20.397491999339277,6.91447750419585,blues
48.92113329597363,7.025070953183496,23.375120384866715,6.429904141912685,classical
46.71816925515317,6.2635537164402395,25.19117363346367,6.026054194996397,classical
42.26124304412281,6.663035129380056,22.899048432784795,6.500916299123817,classical
49.92286045932819,6.851194624124883,25.665760192251454,5.932312216271456,classical
44.994549671361824,5.72048051474013,25.027090048005913,6.933371787513725,classical
44.06555579864017,6.836177734394194,22.307126322216796,6.128511670303001,classical
45.602537636908615,7.301059355684274,24.393862891738767,5.822689031709763,classical
54.333413387574325,4.97718616114738,22.87047593335408,5.979466361481354,classical
45.01471859666817,5.799743461751225,23.71735597941069,5.747299222607216,classical
40.66997311135858,7.364211498942289,24.074823052983113,5.0415860852354655,classical
44.5876846920693,6.565069119087934,22.75092842074294,6.287219448723246,classical
47.617749786578315,7.053889509922245,23.256774250127545,4.444690358149803,classical
64.05884398661026,6.97419092157082,24.16149656778857,5.022165169527614,classical
50.33063250240905,5.605580970029157,23.550969786695664,5.785291710866013,classical
44.23143883424831,7.799026370041841,22.89218701319599,5.070418987951649,classical
47.381391562161205,3.86307299537307,24.16535288428065,5.108440012000987,classical
42.112712588527536,8.481863148490323,22.006998799552665,4.47919126930011,classical
50.50558509687565,6.019302838910647,22.37351466167486,5.672166274516947,classical
41.9285772657897,6.253695711170199,23.55710093783444,5.052846062130665,classical
44.638215316350255,6.192552676563478,22.0033164851001,4.985542139108193,classical
51.668763906486966,6.2852452339486,22.98797394983462,5.665139082326918,classical
47.95281778751484,7.008609420134207,22.034722743166515,5.735011539794267,classical
47.88491317687013,6.530038129938376,22.393815966378444,5.470089056822416,classical
50.215752017471054,9.544769454015501,23.260043059398154,4.658225140047965,classical
55.444269190449084,5.879770564367406,23.353372824857242,5.768744266642514,classical
54.698663354580674,6.356203363535267,21.75210683230004,5.866286713636013,classical
46.541636122011624,6.74103884593178,23.557091105689036,5.344320986689426,classical
48.25765146503229,8.597950480378339,23.437602622337156,4.69336328734951,classical
46.13860510543045,6.793337104377343,23.116422224862,6.2981616223982115,classical
44.38702620409758,5.64536141790621,23.079686400502386,6.136047888099175,classical
43.55543318153199,5.192302183099133,22.03099674962023,5.671926358901542,classical
46.06278760139157,4.148947825926571,19.38010299585142,5.067316141610367,classical
40.25157138449803,7.50420168694596,21.40325874689044,3.7937600434153094,classical
47.42600157986485,5.830942754105777,21.81676591527271,5.182988793930166,classical
42.37220924027776,6.079506762699463,24.762425892965904,5.844254841395493,classical
43.724519994574564,5.568261168787203,20.71025173334217,5.5190425656409134,classical
49.04765775678523,4.792528992053565,22.20605806140344,5.544267097292307,classical
46.3927540695242,4.6381243003162105,23.05992587359891,6.514467444548828,classical
44.03478152478909,5.587423131596333,22.74636847487864,6.048163458404729,classical
46.739212829929706,5.559697864098251,22.227815013164133,6.830948566691808,classical
42.341927234343316,3.596397047618053,23.51359437422753,5.283867216513166,classical
40.88478080725408,6.206836327906223,23.592862178598274,4.945240395805696,classical
37.52368160583616,5.525073859621788,21.244566112923952,4.866939448609648,classical
43.98863679784352,4.301028753061958,20.710731506729655,5.813339279718627,classical
49.88491789283236,7.864546659778328,23.747696160693177,5.876087734061792,classical
38.594251192229024,4.667128103323403,20.887055741693985,4.980245704082367,classical
38.351789058911805,4.842921646345379,18.892742415421136,3.8555559940613144,classical
40.57240991642884,6.63730743528268,21.585652314349424,4.64265222859709,classical
44.10643655591433,4.334432005734557,20.35544813760435,4.590344318788564,classical
41.19853721414277,3.5787091404892073,17.729546861839985,4.0532740308168815,classical
43.03710212719632,5.534583068590605,19.4480652796094,4.1448608021745885,classical
40.215637737610216,4.752478552999682,16.861679158445252,4.1662647100084325,classical
46.15122366208955,4.9725265231059055,18.18573368635274,4.485092008305345,classical
40.81299221122979,6.003984469046798,20.435379717564892,4.08278078827608,classical
44.71567008474288,4.342964858793153,21.723111592987312,7.052579734056193,classical
47.7393366474484,6.748376645055213,22.23990939316353,6.089950094337501,classical
42.109292461917725,5.056746191696937,21.085813178771637,4.088431310528891,classical
46.741867779815884,5.376804819817902,20.52144680020551,5.557950207635559,classical
46.335439688740635,8.019012767007109,23.957754745294064,6.13524937257449,classical
46.74564238709502,5.734339277419369,21.80759994532523,5.790564964353621,classical
46.58028124139788,5.222980799750563,20.993924733514557,5.897958856016587,classical
52.04455900648452,3.598813500023244,22.7117933510812,6.576502755987647,classical
46.10573092808082,5.419190944015613,20.69442285082216,6.025031444857179,classical
44.155441553885176,7.119318812861541,19.78842578069374,5.757781949399672,classical
51.11476970461309,6.169518873711683,19.70813300542182,6.091996498454365,classical
41.499047284244554,6.163686193381263,19.787645355686262,5.584322155265595,classical
45.642767677225024,3.9974538042063097,20.74862231850008,6.202202387650688,classical
46.08142604446921,5.726782980459613,19.389080146976127,5.597336299596441,classical
43.57183374814398,6.9947644065013215,22.169441439148226,4.617446636986107,classical
43.68105150188065,4.920883069274424,22.74797864546595,5.299748935813092,classical
52.58246563992776,5.755433536848926,21.289802435981198,4.780303983676422,classical
40.94365286579251,6.459546835844744,21.08049147160382,4.82062538937245,classical
57.83471717875305,4.428101086017044,20.99688030531723,4.744018257390402,classical
46.10144162638274,5.288616857792026,21.515281164845742,4.96406382958407,classical
47.12838433600358,5.631653552012791,20.441175333628195,4.006854693876717,classical
47.287117118685224,5.562395399312862,22.69163509879843,5.633954293772701,classical
43.6399695476712,6.581096052858262,20.393585977431112,4.335270988494192,classical
43.093685572091864,1.6586748832642186,20.794753582710577,5.881294396697312,classical
46.89165423930252,3.3582980630303663,19.82540637410431,5.191310736891075,classical
38.430751505703775,1.3589016302189414,20.2566346753531,5.46918387920192,classical
43.186187514731756,1.4428467578993072,16.907470265990554,4.318601322734084,classical
48.61210654865904,5.141704191890399,20.722819072154444,4.55996728743443,classical
43.2609306566833,6.9834415767230205,22.62366252121754,4.857024826180981,classical
48.48659285439638,2.4281068304505524,22.254088792557674,5.066349557803016,classical
56.478970064395355,2.407857330052302,21.246153796333104,4.791205155392749,classical
40.71753105774764,5.597628263725608,19.061077821263872,4.265008082237524,classical
49.60783130342626,6.117337750676699,19.501588441459745,4.303655915944551,classical
49.9069585855805,7.203032324584964,21.147248866777755,4.7863192743055,classical
41.73038100599715,5.767374041115405,19.463515213000083,4.2261226632942055,classical
46.420615814879405,4.683646885533664,24.39384232668368,8.857886685443535,classical
43.49354545697176,5.318285090876785,25.98075003728778,6.677686015637321,classical
58.50904258632097,6.316665718523329,25.773635406840473,7.2385101271003025,classical
46.5519476624672,4.298852995951568,25.330638765019444,7.705646080998734,classical
43.69604537059492,6.323172059035924,23.794545423709867,7.051783117474841,classical
40.29486687223182,4.705339561811599,21.65802931860495,5.4331705438826505,classical
43.83403171759258,5.456197040553912,24.09729620979817,6.416870717818568,classical
46.24074656560859,5.999231117250571,22.346314241481608,7.257198206788383,classical
45.94856450526815,4.187781199375007,23.314794666549698,7.099503407138535,classical
46.54654239032853,5.357855536136721,23.257077060579373,6.979607590157046,classical
41.696242312094505,6.8513338317193995,22.912718580433403,5.2981010925090875,classical
49.57669285502574,7.6269850936441745,19.807921971836176,4.130218322763553,country
50.512880299565886,4.336638914838101,18.46030555644186,4.100041069587623,country
39.17983976954234,7.183926545992021,18.848895456390405,4.059224383917877,country
45.28085622913264,7.296801475002173,20.605520254086365,4.216559570775121,country
42.79057042310947,5.531679446649033,18.68112385690538,3.9107557832423634,country
47.854469551349396,3.7046614712795938,18.468209491021014,4.1189318071219665,country
49.101588047905466,4.498790857579317,18.943218341338408,4.01639308054721,country
56.20576714825525,5.919058114065942,19.47225445741311,4.224897175350336,country
52.87190958852342,5.135108343974002,20.422015152997254,4.232858119992611,country
49.296413913667706,6.07019161257357,18.091850865553003,3.656354505070583,country
58.20817382482874,5.268216244780518,19.597094402712038,4.3039036547760015,country
43.637654348181826,5.9748325102977216,21.3864191099323,5.1712157463771105,country
69.10047607230362,6.51443017913191,19.30926681939483,4.423739025519918,country
45.67406553879407,5.212314874494787,18.68514019503053,4.496005545763182,country
70.58572381424293,5.26873368066882,18.999563689518716,4.602313841361168,country
59.08894916932938,4.804239290750231,18.73760895692318,4.685494787821735,country
48.058523100528035,6.234771878102459,19.594476470495447,4.666608063195479,country
52.91283174645116,4.486168441918066,18.749615624159382,4.404596270983954,country
47.95624099884345,6.800634152014009,19.820926395969853,4.0279503309063065,country
50.74651880577145,6.9163524579213895,20.382030212171472,5.083239314616527,country
45.631625270953364,4.039066118839749,19.98700140657394,4.342949578452766,country
62.6428363529123,5.479839598337362,20.306184387389884,4.813353397141171,country
41.81801261775087,6.1453250182858445,19.833596060897776,4.545409612393467,country
57.00483281421603,3.198116016651526,20.371832170830377,5.282869209632331,country
52.33225700234807,7.022074400039191,21.411477018301174,5.032959121439009,country
53.7973503985547,5.161873340844007,19.838257474469952,4.295881915136976,country
49.59851624826937,3.3158991906812902,19.83222369532444,4.762161053257052,country
63.921925317045655,6.395213523612098,19.41790669171859,5.698495091355816,country
78.80032874587422,5.457846705084886,20.610825608466907,5.208018775712829,country
49.515502590058574,6.586796227971746,19.334756080301663,4.090145957724177,country
49.16527836223484,4.491452598943349,22.08709536032323,5.1005727983174785,country
48.40108715530131,4.663918056080658,20.943426845610155,4.412449452120064,country
50.95940238278553,7.8168025471497415,23.325944341215703,4.977474684498322,country
48.81973513691499,5.511555505069254,20.987578122730604,4.997653386236415,country
54.38178228685137,6.850466217127638,19.206108193457684,5.686868957912904,country
51.23949908303901,6.745220542271915,19.67540764597329,4.52464387467202,country
54.204665021062596,6.052519004097334,22.158479104721753,5.033842591258075,country
44.577072854249664,6.396288663592814,18.779249600126388,4.057918744246544,country
47.9303717009046,6.216630592572374,18.729138313949694,4.175973951419453,country
49.58866700332995,4.692252178137787,18.982551667336935,4.638042313586598,country
63.841284979449696,4.8835259512811415,18.818610708741932,5.194454539823487,country
54.68862133139833,5.760102152805698,18.54315723314171,4.286011167671674,country
53.39220407228966,6.6126575448682186,19.405996754411397,5.380089124955996,country
38.93825898308084,5.139316742478485,18.299921997634442,3.978358251642652,country
43.62237864654645,6.7214927388977825,21.60738512038868,4.760645705764992,country
53.290080900588954,5.12765169888705,18.8449164240587,4.7103375988279526,country
60.31207932702711,5.875977054124232,20.31600704150195,5.110160726503455,country
55.13966865116241,6.736092619817928,21.629819900688236,5.138227915204621,country
53.41299841216332,5.64180735724679,20.305422435309,5.672991814935017,country
50.706334599925114,5.056255684824293,19.22768553584162,4.764012836992097,country
48.70005950229266,5.252320359572053,22.518652415239334,8.257684774978774,country
53.20470880682204,9.085645682610384,25.229135966657434,6.64981394716859,country
55.00767954198467,6.76495717410587,23.64359213173734,5.955497871785824,country
49.524895792047126,6.062755224041013,21.611016981056345,9.349983830229855,country
48.004864222150744,8.899713322588468,24.001905612581293,7.417316892375191,country
49.74837229001751,3.613702530628105,21.968946690037985,8.768850350933619,country
47.79797333151325,8.33664952663653,25.05311795188939,7.247502392022559,country
62.23843025061925,6.459894784413588,24.66355223065609,8.119500892985647,country
52.41199807429767,5.407618810275164,23.115857381963817,8.806291852185854,country
61.800835359910366,6.392870385083586,24.852743389352895,7.841720074843587,country
57.765653924048735,6.8449631837225,24.421298149530337,7.424798989619351,country
56.30858423024284,6.137703749158873,24.308044111606016,7.243879609508488,country
49.9191936301832,5.89148251878224,21.817808441497792,9.153096802659924,country
50.63661343980338,3.574862866630186,23.418849326420773,8.012134600955676,country
69.59188734539497,5.296185823660895,25.03335731120318,6.513323453806924,country
47.59259742451614,6.684513599450092,24.267657986813607,5.716066261112904,country
52.13694341496965,5.543204607888217,22.525780211143868,8.185001250697633,country
58.03584233393552,7.041926633741154,22.6444196906578,5.819378138688285,country
54.11069275003513,7.30326508652121,22.79576759092638,6.223050330165845,country
56.109054790341915,5.582956503547324,24.370757030855778,6.481470065548718,country
49.53575845902954,4.239200687804409,22.85864064035178,8.519158170184662,country
56.568522217958574,7.299492945993045,24.735198757870865,6.990138206971422,country
49.37726509235853,6.367236889896191,22.338232827659844,8.161110804103378,country
56.24926658183754,5.49786647994395,23.75646945501452,7.820639843442334,country
49.5878248290183,4.942821496621613,23.594722324638678,7.2976041961352704,country
53.873151123621994,4.5973226183678015,23.395318479728715,9.574804093388519,country
55.75577494672608,3.9702944251796355,23.521612289309143,7.107521567116829,country
49.762054682697254,6.138951931863826,23.239409356163044,7.350622347636676,country
54.1058485784358,5.584872534219901,21.731419958053994,5.763312114830463,country
50.27938160370762,6.784563568955725,23.59484649108723,5.992909255760401,country
52.81992856403921,6.639882752183583,22.621689964811868,8.949718560347224,country
49.872798649249106,5.709134491765337,22.253414719220558,9.1311573098119,country
54.02895875898432,5.313280011235264,21.85000704736129,9.449495843944678,country
52.301127682691586,5.845408583833251,23.694949318242074,7.460382308845565,country
57.20374185096139,5.194400641122655,23.726311562054352,8.481802834473402,country
57.37402903457421,6.894905102728927,24.827446663113143,7.95376359027129,country
47.392404015588596,5.722699654392761,22.147815140763306,8.311231944786625,country
63.36926011650132,5.971208447153028,25.22275754849249,7.162925116851576,country
54.54351274909669,5.632229112055452,23.275857000495154,8.121635945232676,country
47.63082766927947,4.775680790296407,24.18386564603375,6.656813765582784,country
50.244003187400416,6.6165155886571565,22.895894436152723,8.337764787411095,country
54.93012260405487,6.109729229768281,24.32772990439071,6.767680758660913,country
49.8588524832669,4.155466105214418,21.70170694225488,9.082557165678482,country
53.01038351267398,4.657522847410497,26.707853716810344,6.472211242643863,country
51.88340252528794,4.8504080409579,23.56536449445653,8.067480816529736,country
54.50609864068387,6.66648786037047,24.25331551523864,7.878574447809417,country
60.40869821059769,6.277086050602513,24.137197628084635,8.309677855664853,country
55.75872726614179,6.759965345065655,24.583785027778394,7.601122606654715,country
52.551397366537245,4.9245647350241795,25.414874053636858,7.355485487121439,country
53.43307051419696,5.359026909611769,22.500485112284117,9.61157921593384,country
41.74393445150852,1.8255679462794214,17.21850273914631,4.172830740335209,disco
39.92295665004629,5.7790929823800505,17.755124377500138,3.971338246130559,disco
53.665087409876435,5.052237582813767,18.98995675419185,5.818969890254091,disco
42.07332118308892,5.130131676454587,17.28717078636461,3.7259741182281965,disco
49.742673133014335,5.743381325972188,18.521714283439955,4.424244490530272,disco
59.878353224639255,3.467265732692864,18.048050463420964,4.063743848459134,disco
58.61710114573444,4.773317155228732,17.979237555846236,3.759511770838134,disco
54.24290237728138,6.500276914513987,18.7895078983255,4.8330758546399695,disco
41.232885554000674,4.618001178384713,17.822219915651303,3.8869801601595286,disco
58.628818853896135,5.234602156210304,18.990920758827443,6.3472575103231845,disco
46.10909200106577,4.067585415511516,16.878290412016096,3.9017305913424813,disco
64.64300793939356,5.595158441304882,19.40626433143019,6.915213141528424,disco
38.89338032340403,4.480218345231021,17.41522971766307,4.060847901282429,disco
56.700378417787675,4.5384303349533575,18.160063152954386,6.035428508964885,disco
44.101957939529484,3.384351308553965,18.105146995652728,3.9502519813044246,disco
56.60121770029414,5.050122954505008,18.927717874062065,5.7799637968241395,disco
48.643128447179876,3.760357744033989,17.828084872542526,4.073912171065152,disco
60.85219256988806,4.462051968909436,18.548160933684,6.0381907364128935,disco
58.553381073957546,5.171212953993176,19.48577739221919,5.754839969901207,disco
47.768316610299976,4.177467555557298,18.59848894979603,4.710661068296366,disco
50.98955328177597,6.312517895899276,20.559281067902887,4.596508700779713,disco
47.7601863764379,6.51182054907477,17.438886596466304,3.9487925031246163,disco
68.49616038294559,3.5412535254079334,17.805233205019427,5.736397036986902,disco
52.44416483410501,4.749802441510083,17.90742032997985,5.435197902860758,disco
56.03737975284795,3.8935868457021545,19.452642937663896,5.929573048393784,disco
62.559100824660554,4.574688349691117,18.92573924191401,5.147260312408605,disco
58.63674915541475,5.269114719982613,18.54055814367359,5.881818836086274,disco
59.69566406697834,3.292520070227265,17.54458310455037,5.344277751474197,disco
48.20440921384379,4.303287111450569,17.071507461624865,5.338653278458122,disco
60.25692376687815,5.117979683420306,18.886768354502223,5.615641221115842,disco
51.775328165101214,6.620611800366718,17.675873600754727,5.246980223607292,disco
49.01329197424802,5.242434405725709,17.42481825019216,4.1506846251228255,disco
57.120296256858886,4.483287857411852,19.725828011557567,5.770339538440121,disco
49.39065778720849,4.754341253826417,19.65284484730571,4.752894798347626,disco
57.864342678265416,4.853270119639715,18.771336364409155,5.451639036230563,disco
58.822836396599286,3.3499097419074033,18.326703978479248,6.32090899902685,disco
59.21642716238156,2.8781246622208325,18.176143855881115,5.229447080077877,disco
56.54706994169187,4.056047721314597,17.17128090695395,4.984892175394947,disco
61.8374803403413,5.536312783708726,18.605982461728466,5.387656968519058,disco
52.636629495449945,5.534517999869051,20.15582063697086,5.1266421657539185,disco
58.94973999106901,4.233206350250303,18.72596647484048,5.44654371264098,disco
51.50422486293864,4.540533293458872,20.757886445897626,5.936874076232003,disco
52.92626848583277,5.454014745729193,18.06057205945255,4.243426828914845,disco
49.89059304272741,3.176218398142879,19.204105365297927,4.833014115522239,disco
53.0225920553659,5.054688624923049,18.546537633977323,5.037801430636855,disco
61.36724678715457,4.473481204566213,18.069904955975513,5.456896480635144,disco
50.81444711431836,3.1726122210597545,21.8214080194391,9.173973425700988,disco
57.49542688482428,7.583971964682935,23.710464400482625,6.2289963012049325,disco
51.99171186221087,2.953555057234187,21.72821770561721,9.281291489666028,disco
54.74521635260684,4.278497079587167,21.573094441627966,9.862329921151357,disco
48.980570383662595,4.571106547304158,21.465192347634158,9.749943445250493,disco
49.3175217591797,3.9284759668309643,20.479556804387997,9.512823206026638,disco
51.37347914923668,4.926382822613091,21.212256228615157,9.94497660586573,disco
52.057390256738245,2.789340728999197,20.93437994907211,11.204879622246109,disco
48.75021924667998,5.178088540643444,21.532062063920183,8.234216261314295,disco
50.734369747296995,3.307782034897274,20.789027285446547,9.109361907486164,disco
46.31091096761788,5.254421770637488,20.713819608378554,8.100949724816475,disco
47.519262434708025,4.595487243912271,20.63713213611978,8.144742219989146,disco
65.16252311426337,3.655558326651766,21.33905468485609,9.413818456220413,disco
49.92596706587581,4.879963445126338,20.822296480762372,9.197888347058027,disco
58.330619078887324,4.479342552634527,21.353451756696955,8.757974943279958,disco
52.395159048108,3.3912419280275863,21.88291658360294,10.075880406970338,disco
52.04178461766365,4.568204549029759,21.001941394948773,9.60324361422848,disco
50.51925348146383,3.1010145954256743,19.96411511596386,9.91773268822112,disco
50.83138762870342,3.668184079657633,21.6994888516072,8.915996580164343,disco
49.13616022494003,4.247060393624093,20.53228060365909,9.241852715140407,disco
50.78250403832445,3.2815725710785824,21.449399486176706,10.034199215471249,disco
51.52498767270126,3.821182727051699,21.24486229335972,8.911219981306033,disco
56.7538057661755,3.3528476518666324,21.923783538878787,9.497228798933664,disco
45.65947166016458,3.947216197549322,20.322945117792468,8.503865802323519,disco
48.23457723300571,3.7775701195764935,20.29527117894593,9.377191123966007,disco
51.809462076367325,4.709394642987917,21.176478404763927,9.774806398171398,disco
48.288085633239525,2.3117240730526714,21.467375323365772,9.024770073515546,disco
49.45551349403978,3.4669641615494564,20.81895396921415,9.825249309283109,disco
52.66589631383326,5.41912623571883,21.280890420154282,10.198521265498979,disco
50.88443542714971,4.568186349594628,21.1843955935353,9.896207712833913,disco
51.195007523665794,3.8023051492450914,21.943258510659575,8.941278177355388,disco
60.52148399722006,4.317078688351779,22.125357489487072,9.630938223691455,disco
46.065497449400944,4.888663877920143,21.310568638232752,8.095829290015656,disco
50.61503135900326,5.023376646612665,21.00084850137838,9.466593452755538,disco
47.539846875810206,2.8837912561455603,21.814619222720435,8.364533383371208,disco
60.12521751286825,0.9096585046996106,22.33347718395247,8.45112237743324,disco
55.12007805490658,3.7926344920251065,20.894267395990866,9.48928619971228,disco
47.822369283758434,3.285553319992687,20.338668060048033,8.592356527257994,disco
49.41358355841561,2.5333432371367453,19.480418153391014,8.84706163383353,disco
49.16783875897597,1.327699557581461,19.39364224162951,10.304410523285643,disco
51.70434540262588,3.5539205174868016,22.35417950450588,8.232281637768725,disco
58.28045138473441,4.404322055287439,21.999662808756753,9.299162738201467,disco
50.696011276116835,3.9267545842323415,22.051750556052596,8.603930898820712,disco
53.9068963924705,5.6584053866679795,21.366605500635046,8.802874888006198,disco
52.68546352401943,4.106648610249739,20.415353055636917,9.41030372076233,disco
51.93256315181924,2.747853169484903,21.781286689808493,8.412210403135598,disco
49.87688192143074,3.5634184974981054,21.31908647717747,9.250441716026758,disco
53.047084917829125,3.0913580195782853,21.461767282851334,9.483974297618726,disco
51.58532836081697,3.8981109084359336,21.3023303308087,9.222448598162206,disco
50.275366411629875,1.979103773132615,22.063299289002366,8.783585886473414,disco
50.11459661170527,4.254866762427792,21.98740491980993,9.15155793400975,disco
58.10373206201557,3.451177504088699,22.187925380661856,9.429995416128941,disco
49.88714159789788,3.4008890198722703,21.165216846479314,9.887913006009603,disco
49.88714159789788,3.4008890198722703,21.165216846479314,9.887913006009603,disco
50.90668217502625,2.7511947320837873,19.516265521631112,10.112341848712788,hiphop
62.52415564436623,2.2713038469451465,22.363102339962516,9.929185670885023,hiphop
49.79886206180456,4.093776315401092,20.501384625938886,8.073105676427803,hiphop
52.991001672122,2.8305342767412025,19.66836292996233,9.166170166064243,hiphop
51.41243497267207,2.831982539757055,21.2917408816618,8.95341331784965,hiphop
52.26384899962918,3.732560276755997,19.476987136981258,10.352392102802428,hiphop
53.68742223005048,1.7953572026305977,19.52059948192754,9.90578107183803,hiphop
50.53439235992271,1.5440043170858773,20.747858542763584,9.245224151650666,hiphop
50.16879946459675,2.0731625409000465,21.345405670955294,9.933490848798739,hiphop
49.92467428374015,2.055467941837315,18.636878327629532,9.408219861788217,hiphop
49.85637349382536,3.56393179887643,20.24009204366077,9.901698811609336,hiphop
53.12485403340649,3.360544396992358,20.48148649176092,9.683865716649537,hiphop
53.644646986167544,4.414532283608908,20.92359267035177,9.323945298070722,hiphop
49.364108888259814,4.602463242124916,20.374742602480712,8.511499938020073,hiphop
57.45011540262792,4.881398972473778,20.91655500209355,9.79987336736143,hiphop
50.13965690206742,4.247267817578056,20.37208256059877,9.732324276989797,hiphop
49.905219343969144,3.0182848183615563,20.765572666770343,9.522391739942828,hiphop
52.70010699827296,3.809836319976524,19.885230075469913,9.942517613046467,hiphop
53.842916054141526,3.3924895684944048,20.585103885866808,10.148112035339567,hiphop
49.26679491444484,3.071182787306567,18.901790715514483,8.711985215881228,hiphop
56.502939460014915,4.076550504483705,23.34220069493458,9.559374524348096,hiphop
52.69520748127922,3.942931568472881,20.717779539499706,10.235055882730283,hiphop
53.13842866410278,4.848381911689186,20.601996696896094,9.358468447781345,hiphop
49.91005080009396,5.428777938527036,21.21138272448173,9.5957151472224,hiphop
52.025582333621955,4.382931066192143,19.57400441077394,9.282187643286118,hiphop
51.53427434062559,3.6696405819852096,20.75453504508014,10.153640747972032,hiphop
53.580326017262564,3.7637149103177507,17.4703934826938,4.465716004764513,hiphop
46.87427189358488,3.239581110783731,17.50230373285977,4.606596185621414,hiphop
41.07052275482787,3.7626913043486114,17.949720598277043,4.056823449708621,hiphop
48.60751082026573,3.7609555651898408,17.05859030692003,4.396601258467865,hiphop
45.941578576743765,3.9927348142135877,14.98184685656067,3.8477306160310967,hiphop
47.81652886134942,4.746800729686488,17.242478887366474,4.1116502306593645,hiphop
38.29787904469134,1.4589989535866685,16.42622746279186,4.142939507429844,hiphop
48.766052092852654,4.0957967566146625,17.286000487182587,4.087019406263705,hiphop
41.00321629526024,4.01838989799262,15.906115648675982,3.6568776756248296,hiphop
51.26768245317683,4.198679558515709,16.91786595656383,4.00494467260657,hiphop
46.56715562667395,0.8167407926588943,17.559855261557924,5.2507388221020275,hiphop
44.71094995573779,1.0296757166598987,17.53405027036176,4.684601407365732,hiphop
44.5037975018915,1.1240202558697376,17.399396961649963,4.251057345232216,hiphop
52.586159546395876,4.253366381288126,18.558345043491144,5.207850680664415,hiphop
57.561836481701846,3.296814580034358,20.130813694718974,5.428477921286984,hiphop
57.03012633643254,2.899865451189254,17.828942303212855,4.65959259555522,hiphop
46.64628607352057,2.6858999236286945,18.9848360769469,4.986752926907653,hiphop
53.64152239825155,0.9017943846050258,18.32860188846953,4.296628010412368,hiphop
44.30595277254387,2.3808398216391025,19.345252495890094,4.870289265356482,hiphop
52.586159546395876,4.253366381288126,18.558345043491144,5.207850680664415,hiphop
70.22141211532421,4.643695750228941,17.36788802960723,4.860258905855817,hiphop
58.94896598489747,4.6130275840930395,17.665606578818334,5.8613887399299065,hiphop
66.77597335784368,5.197716871208826,16.695934519931058,4.83975460560583,hiphop
58.799967785301604,3.529150042375189,18.214051026584027,5.7843447131161945,hiphop
55.42166739681117,5.346877461718277,18.411775782435036,5.4989755227516035,hiphop
57.360511085103994,4.73580512089513,18.541710472671397,5.241883984601622,hiphop
56.414388787309875,3.5456015643840315,17.713161409101467,5.791914971722258,hiphop
51.81129197906484,2.822075332244201,17.755284652885297,5.951620473786779,hiphop
55.99016623796312,2.5076003180379285,17.496875405619516,5.734784272873528,hiphop
55.65435923989247,4.171483099035675,19.837670255895837,5.036121040781071,hiphop
50.1052798544232,4.31511193099124,17.95081202880277,5.124668535652578,hiphop
58.71487716890082,3.8080101176405936,17.393306480426798,5.308259140390566,hiphop
56.628423873713245,3.495546174429969,16.736959629174155,4.797489855293577,hiphop
48.059714289712375,4.942875320264999,17.55673805569004,4.963973452325447,hiphop
49.109567073815,2.408261308753402,18.084373047178065,5.517634240419923,hiphop
47.75788257400366,6.356340802549077,19.014329627609186,4.902155921359255,hiphop
48.88786754027979,2.6868545343901022,17.960086485798364,5.426777252480373,hiphop
57.51633258624189,3.4344123098211448,18.285334683262377,5.022015371319598,hiphop
59.57502110817947,5.638711794655537,18.404396480110808,5.707928655452443,hiphop
53.65793936865086,5.3078124631981165,17.545985950534728,5.335112542267337,hiphop
49.395027037603846,4.154991463532575,17.987754982755675,5.211954660957446,hiphop
56.33828308250335,3.9501497112730815,17.43341772959884,5.0300811693535294,hiphop
53.39047246854513,5.018062994604563,16.9674038573341,4.739931628123226,hiphop
53.98501171381437,2.5633871147510945,18.17680156124285,5.843309379996337,hiphop
59.64964166382295,6.227456347514151,18.07737837478579,5.699668696722549,hiphop
59.48834425319406,4.266282542280318,18.659820171579224,6.010296841610537,hiphop
55.92116306316827,4.233990291425714,18.195350146594322,5.4894409305154594,hiphop
66.93333607884631,5.19994634639189,17.466878464612474,5.374821536488684,hiphop
50.54520436898587,4.793123752691415,17.55825588248355,5.545668691134604,hiphop
54.768650154665714,3.04564384746935,17.935040769187896,5.269268999915952,hiphop
45.230931066590614,3.205823751378973,17.55180648953697,4.732007012350961,hiphop
49.76870942702884,3.9111814937347678,17.096814589168385,4.575504080121306,hiphop
45.230931066590614,3.205823751378973,17.55180648953697,4.732007012350961,hiphop
46.49172176310461,3.3336741285778704,17.29446631555573,4.862689593074451,hiphop
44.720382042590686,2.725041470181293,17.10918434495048,4.589187953833795,hiphop
48.57995391620526,3.6664393885345294,19.46268325400543,8.09528809534868,hiphop
46.86584757892461,5.6422468240170724,19.58145460832799,9.008794678981157,hiphop
50.003931630102294,4.202247481604893,20.698745826114045,9.247149131646607,hiphop
46.67974395753052,2.7504566768333842,19.193381365827904,8.471784857982746,hiphop
48.5427218402875,3.643118726145337,20.5254973861013,9.867598178626416,hiphop
47.17033684747189,3.396060612174892,20.13023850726866,8.547151831554265,hiphop
47.838734549606436,4.4206796559122905,19.17688780058097,9.489322909849706,hiphop
49.40045160715316,4.683638529590667,20.695285693359903,10.190362461246826,hiphop
50.41614651711637,3.57829177054135,20.771653155480607,9.80163201917359,hiphop
49.02284075819705,4.759385196554353,20.255313704338363,9.38684051088825,hiphop
49.552346590363776,3.659190557826875,19.982924323757604,9.921381756644163,hiphop
46.71313225667994,4.249603614844703,20.888189597935963,9.481641758064507,hiphop
49.47378907481978,4.387494794657959,21.115757390891055,9.288020574723362,hiphop
49.537198586384264,4.379386954329169,21.001216666169928,8.556540828770848,hiphop
50.57971727051925,4.47187610377861,19.420111971953844,10.12060924965911,hiphop
46.430915792128516,4.902669723732968,19.688190533726477,8.19327756491133,hiphop
49.162752750681236,3.814386650498707,20.944499580943628,9.921718840917105,hiphop
49.88497850678253,3.927941966527756,20.385923855774692,9.691861404645719,hiphop
48.84305577556415,3.19926970302342,20.661164434897593,8.73443896206654,hiphop
36.03353787676809,4.534223914571254,17.937136082061784,4.123864164281413,jazz
47.91883594386282,6.4796185100847135,18.696039113595234,4.527130744439922,jazz
51.20923483887114,5.738131540193498,25.91860548891086,5.502625971499498,jazz
51.856796651467704,4.753174640931167,22.16960743987972,6.102948488523773,jazz
52.449758049896786,3.79608891148953,26.108045454186595,6.0758313001136965,jazz
56.928156691308224,5.324051168757109,24.374923307939753,7.6834513481321425,jazz
46.89809011720412,5.564796706128391,24.172133374307094,6.698198733274727,jazz
48.50550837025993,4.201840116611896,25.657314742245802,7.306094966607873,jazz
55.541087151999434,5.512827329870009,23.204908996572996,7.040946803301802,jazz
46.42826903366557,6.761345319484548,23.52858476425457,5.662483977979228,jazz
47.54573097277349,3.224040373162552,23.61832486436303,5.66539197865886,jazz
56.72560630499392,5.97946475320833,22.343183945250356,7.981735861595839,jazz
47.057062353438724,6.350697224466396,21.289736076861672,6.97494785654419,jazz
55.58713853013336,3.991515083230561,21.003852075514217,8.04506981418472,jazz
47.02462365135102,5.99345181315315,23.880101046567347,6.439892626996652,jazz
45.81206846285015,3.8700886027494215,21.636619397544475,7.803406572134051,jazz
45.67810687884506,4.649035491829474,23.938137905783673,7.073456637214465,jazz
44.36078661097368,5.37208474655285,20.437207119428408,7.945100306100661,jazz
55.31924400508535,4.541999250888274,22.081850219704222,7.397471247408624,jazz
46.01295142018759,7.249800461023497,23.295269928873175,6.134815542136262,jazz
51.36251860670227,4.332858370709866,20.745089555355356,6.106535232760702,jazz
48.40420076178552,3.7487477384862316,20.70130864397845,9.44016626097558,jazz
48.251883517965155,5.748242269329746,24.2255441105843,6.718412456167632,jazz
47.24806165247902,4.465888234006478,23.03934391615938,8.339942365997576,jazz
45.62631675166104,2.999479718493165,21.383179867018722,7.930710925619521,jazz
48.31136036706527,4.816914413688692,22.52382337664613,7.688774356142445,jazz
47.57431723955556,5.680744451090682,25.3340799203602,6.572122426731553,jazz
55.09178726650363,5.506864297105264,21.397160371995646,7.382122151088469,jazz
46.108349671432606,3.2187954314692497,22.98803341776119,7.359297213986278,jazz
59.85312765972874,6.262876069656812,22.15935916293648,7.508986355879558,jazz
50.86852678205921,3.500343449451951,24.31269678168817,6.412848519686667,jazz
42.55670541116249,5.261883388189222,21.46261013004296,7.213306276885305,jazz
50.80540799276612,4.717597109595464,20.72584944806637,7.050124966972239,jazz
50.380776513049724,5.78870179940661,21.07959230577031,6.60030094575504,jazz
53.041954435766,5.984188503713152,22.68703136942115,8.445935871162938,jazz
40.60281942161198,6.878138175895726,22.182977772917724,5.109409767543788,jazz
48.028678531391634,3.956236453522923,20.870344320158793,7.064485204943686,jazz
42.83018322236803,6.717650701965738,22.422774527676975,6.380658289577545,jazz
47.26415857408509,6.2798394903843,23.132718215204147,6.896592139370754,jazz
43.84215962755665,3.3302232037331883,20.766555395934017,6.707154474858607,jazz
44.13762215679521,5.379537999781241,21.907819636748297,6.705583220695816,jazz
44.03733600264748,5.072422274585713,21.664357004034933,6.9793623317406395,jazz
46.635271928686834,5.500943845973338,22.03827083564913,6.827461602872257,jazz
48.01782136618408,5.111543824721317,23.569435896101435,7.686196267724667,jazz
46.31777551623646,3.9872925592378277,22.874734143540614,5.6489244122368385,jazz
40.8358317817169,5.325809769677138,22.195244555532,5.302101558309139,jazz
47.34995234479221,5.638904585577306,21.009131407838073,6.680082818454282,jazz
43.13876956897303,4.2321217468082875,21.65767393020216,7.791290780489615,jazz
44.67558458526737,5.706518513755665,22.574323511880607,7.379642202878709,jazz
47.96941744428921,6.594259401986278,20.56425822100259,5.25648835422341,jazz
45.270479173369026,4.88619667635322,17.446845832914924,3.6146265337116747,jazz
40.16780447391537,5.789784885273851,19.56860449830364,4.822628909117349,jazz
44.213345068816054,6.2907682759709225,19.466203316565302,4.262404556901719,jazz
62.35788341771605,5.983524155804735,20.35057031564116,4.810229720974902,jazz
46.70784372256678,6.008701848956917,22.036170048773766,7.336092644102264,jazz
46.52809370149374,3.3542624018785236,20.454804183953378,4.863693487928,jazz
50.63892591897223,4.785282391371853,17.971411534266498,4.019104473056027,jazz
47.691226244252135,4.026190623264167,21.892938080650147,5.11553578305946,jazz
40.392056003241635,3.9599386972250787,18.496520924854064,4.861750987459796,jazz
45.28627178849705,6.68949401270905,18.9402445031214,4.933075068717769,jazz
40.79287220163651,6.714024065342116,19.673210353039966,4.659500776044705,jazz
40.62060796190755,5.41970826053366,18.43233468281505,3.9112057049263953,jazz
43.565976863181305,6.279578012413019,20.310055401546624,4.498096706798497,jazz
44.184957656078325,4.366828648853607,16.986026698807677,3.824086776125682,jazz
48.35544038889749,5.038964789828283,18.5675169888107,3.599322143070309,jazz
46.350412292850606,3.3204742349910634,19.022007931392967,5.439069960207327,jazz
40.4827519580752,5.87763719672009,21.803096528065723,5.052054810428472,jazz
39.38716124669269,5.322195315373543,19.682021176524962,4.826935038584762,jazz
42.8542183974602,5.460115211668668,20.018354640122833,4.722416220732641,jazz
45.848993341707185,5.095674997420117,20.614460801996604,5.42823052384648,jazz
42.102458434455016,2.746689929236952,20.562993567795797,4.928115444871304,jazz
43.527633454151214,2.2391583624984737,20.21756638966629,4.492413473198272,jazz
46.49269062566812,5.723692067556558,18.907486609470585,4.842950951775331,jazz
39.57047382097182,5.919652137919316,19.282969100889133,4.474559524442543,jazz
42.22854715635145,6.481443460919108,20.881744763610964,4.724079434101149,jazz
52.83572884168265,6.084871813933322,20.03477652195721,4.7188731230462935,jazz
54.69086016892942,6.785359414461404,21.792530366970933,5.165601459332916,jazz
41.63427570944981,5.150759732728633,20.144057224385328,5.086905145723724,jazz
48.93018188417875,7.078902218810819,21.224705591911725,5.012613109656707,jazz
47.82521049032116,5.689278413943616,20.459580619477304,4.654222549454578,jazz
54.86761011444399,6.237332869682924,19.639392027921463,4.930561630257319,jazz
40.49291836957772,5.503526444728656,17.916859157599482,4.091416097831032,jazz
36.035011215217025,4.9140500950923425,17.028700280576032,3.650558994285876,jazz
60.3733727871794,4.949810753975714,18.153179766886964,4.54969365297278,jazz
53.83712205009069,4.9680087396030626,18.622067041838026,4.429202056777276,jazz
46.35357169257287,6.446712120506936,19.300822441042655,4.615453933085152,jazz
42.67766395854426,4.550317504249147,19.991870190724615,4.906795626374836,jazz
41.15505513054121,4.283702957177441,16.768969167011335,4.358568088682817,jazz
42.0459951486493,5.608374926155703,20.073427879218812,4.869616227427275,jazz
48.76133856897101,7.251436490143632,20.787167776366573,6.002294453723496,jazz
47.26367380296642,6.156641704408715,18.7852959993615,4.731122537612353,jazz
44.46650784020789,4.931863575109206,21.381373114544623,6.63788074124777,jazz
42.78428515852169,5.591697090922134,20.049382873231163,6.065623303927835,jazz
48.77807146052073,7.127403368005812,21.120392593073724,4.790065918670085,jazz
52.35199093550219,5.710595462359327,23.87284120162422,6.150748477358736,jazz
62.59715179707047,4.692737127153073,23.905989419416464,7.717415736088651,jazz
46.5892328803251,5.249309005851024,24.05622568498445,7.388121845785967,jazz
63.38719816415177,6.421814131266599,22.49035100217189,6.232370347972993,jazz
54.62111222005557,5.782479585102292,22.829685892864905,7.77642998422613,jazz
48.66917251472042,4.175105378941655,22.880888273567354,6.711457201739548,jazz
49.744174585556515,5.486980514729304,18.54564094721145,7.370337305340471,metal
53.176153747889394,6.074286877557664,20.07755073437701,9.660220155931983,metal
49.75127615548846,4.11315139940044,20.467881712285102,9.303648100510399,metal
52.638592751393915,4.912221913234777,20.27791897565867,10.159080379622296,metal
47.57237652547346,5.052321835137719,18.498866404970755,8.579895435346659,metal
48.79546672519368,5.702658885009782,20.221793652781063,9.152201394391158,metal
58.518039971819896,3.5539601967747627,21.324946381884804,8.945829122526842,metal
47.31278019961366,5.8568298841625595,19.7581073326146,9.26899012435379,metal
51.03251706879486,4.856129720466245,19.729092181280265,6.687346104190662,metal
52.00452368498877,4.686833698663282,19.82817712818122,10.541256326779173,metal
69.1404310998665,4.940929622288635,19.934115641594598,10.392705365995711,metal
65.72277575897112,5.011781606292921,20.4635154415929,10.87818542913617,metal
51.730588156056754,5.461232704002249,20.064840803394627,9.968336272945832,metal
56.55053355892705,5.500209164201633,19.514722800537708,10.134440012711357,metal
47.73245444267684,3.4107623243225604,20.79426628591533,9.06048144698808,metal
51.4313293850751,5.652113777680656,19.913315443341048,10.181299401094464,metal
52.54437385272724,5.234489343145402,20.156682331007058,10.848003547889276,metal
50.29194833844308,5.602719375986904,18.33605429820332,10.410342929136153,metal
61.9585088052355,4.026467040500923,19.45766938327351,8.933477535811326,metal
49.07880619229175,4.566337227934254,18.688377358696545,10.193256976063854,metal
50.742826859557255,5.384058799517752,18.88810775269631,10.311576710908618,metal
49.82988959862311,4.858940142400538,20.338977088070248,10.124898185950965,metal
50.85833619674502,4.515482076969778,21.670695494552923,10.482713853971694,metal
61.559977664449036,4.161034603177006,20.803897830190945,9.613725293907379,metal
54.29423114551206,6.131997247336148,20.634650997222064,10.303800483165777,metal
50.23504705431016,4.032525491242778,19.721734258424753,8.918160191254461,metal
48.436856852373786,4.1348199662477345,20.497344325153012,9.600218606907223,metal
48.426514525458856,5.3566750662819445,19.096768386146564,10.199650395294062,metal
50.175470494886284,4.078905609540009,20.5237392300764,10.334299294134844,metal
52.0488103527119,6.221985399601065,21.04740556403266,9.947651289520913,metal
58.32479087052539,2.790896571608222,21.487144597679045,8.508414023425122,metal
66.14080583433659,4.969781766230918,20.643143837306212,10.470165751890363,metal
49.52035168388185,5.888659829073481,21.002274184005188,9.293222432229348,metal
49.93233664994313,5.153282485837241,20.666627602469344,9.613716551881087,metal
48.95705508633853,4.307114788751101,20.565099268347335,9.383253963964583,metal
54.58997143256878,4.42440427893975,20.144200677164005,11.408416951089293,metal
48.3299071966062,3.924291317513166,19.881809449031703,10.289555984414369,metal
52.66162916222767,5.0449171356510805,20.681682694588993,9.347610971647658,metal
53.950161618769656,1.9912408397312564,21.712120959955048,9.692371436248582,metal
48.17818430049554,5.5209628382558495,21.43015623064362,8.50910383588783,metal
49.797215943829315,5.35801643341437,19.986190987016936,9.591459761282223,metal
47.68237832415893,5.997487384086168,20.77298141999845,8.552559530626418,metal
47.324060938977155,5.340336468573632,20.949598838486928,9.017428214467614,metal
49.1787403639038,3.993822911305302,20.456751257815053,9.079670388871214,metal
49.5703689342203,6.485921012561986,20.984944649805556,9.279224071630516,metal
50.230713631138805,4.1698276729903,21.275602694661288,8.555318968928791,metal
58.70195600232334,5.79677306107734,20.589886526096063,10.791499698617903,metal
50.96566881992126,4.5838342244167976,20.04322944177844,10.131521806201711,metal
52.974219242713936,4.390290779714659,20.597613192357382,10.551937602126664,metal
52.16919586346213,4.781543176368778,20.29257337634092,10.767074464911193,metal
51.37802558094488,4.888542708376814,19.637585664996674,10.167913338012726,metal
53.130623313846435,4.9100114286579775,19.92722050590734,10.505560047611572,metal
50.90520475294575,3.210311605336523,18.95172413457028,9.318688242690309,metal
50.79850439114624,3.721505956222172,19.886244345701183,10.276517937910919,metal
52.612661032970465,5.330326190183907,20.05191474342652,10.758705613510894,metal
65.69226798280792,4.645593707425235,20.293155171990445,10.345398299119553,metal
50.660193643131834,5.328431971171467,20.071229181748304,10.03785025524489,metal
52.7349299950116,5.5557385893478735,20.527641363433332,9.60730249738418,metal
52.294990689597014,4.665562484986375,20.20332952663943,10.553517484881166,metal
51.14198034316928,5.305268957677972,20.40562831048575,10.339760485446924,metal
48.08344633408086,4.666112373006366,19.46645054972955,9.704437916024464,metal
49.797215943829315,5.35801643341437,19.986190987016936,9.591459761282223,metal
47.68237832415893,5.997487384086168,20.77298141999845,8.552559530626418,metal
47.324060938977155,5.340336468573632,20.949598838486928,9.017428214467614,metal
49.1787403639038,3.993822911305302,20.456751257815053,9.079670388871214,metal
49.5703689342203,6.485921012561986,20.984944649805556,9.279224071630516,metal
50.230713631138805,4.1698276729903,21.275602694661288,8.555318968928791,metal
48.31433891092955,5.350195183223435,20.382411414673943,8.819676829687827,metal
48.890473187615115,4.448060844730887,19.61038213036617,9.094025553639245,metal
49.566372289891945,5.763044985587962,20.425088847078904,9.00021726402905,metal
48.80254509286429,4.325480293404822,20.076476636288955,8.742372957825834,metal
49.5416527291757,3.990853013984327,19.19825643301142,10.256519473584717,metal
48.53544637483895,5.5358357524955615,20.331551608755337,9.725761548631208,metal
55.03068673578572,4.578414567905579,20.456726181742575,9.902609340595468,metal
47.41058049576434,5.272272309418726,19.36430613938388,8.574367754141502,metal
51.73470190185235,4.6851674117782425,20.740224793488114,9.09199269493958,metal
66.71426293358115,5.161696625192003,20.642656601458707,9.668507838795744,metal
49.39109522312146,5.819523631963977,19.727181542474057,10.36921363262808,metal
53.189760702392064,5.3902871739813385,19.314729717509078,10.042645395192208,metal
51.56625497320564,4.880495026468214,21.217534281203545,9.982186218125706,metal
51.37776335127208,4.540041568046705,20.66890846462563,10.754300882438942,metal
62.415266714715884,5.616941536427914,20.987297476486734,10.581747412957908,metal
49.70116532842664,3.3400880132223785,19.53161011046469,9.55129260857979,metal
51.55555962603877,4.941280581650702,21.087188616601654,9.989093584846398,metal
52.66892767143909,4.135606819320647,19.465161149364445,9.885629815518428,metal
52.72754524175009,4.61509209152052,21.482952255471545,10.220109600206971,metal
51.1168554973141,5.553024843475544,19.988715056320274,9.35220726750476,metal
53.13131844551198,4.235648063520397,19.103351708284716,10.66092896087757,metal
49.79092532388165,4.845802578567859,20.587962761872387,8.614581985691869,metal
47.617763484091014,5.284186926765777,20.274779978165192,8.717714399813783,metal
52.2648521047464,5.201295380251329,21.506198550567422,9.618502991235934,metal
48.3363879953543,4.391851164547749,21.916007157642802,9.14615682254421,metal
57.635193761607,5.847159454422393,21.80894429094007,9.290341348726624,metal
46.45367782271523,7.556959326961201,19.67570238521773,9.130444170169204,metal
48.95705508633853,4.307114788751101,20.565099268347335,9.383253963964583,metal
54.386941615381694,5.004208242296232,21.257709206147222,10.341415084022756,metal
51.99341973617456,4.624822720665678,20.653095067191924,10.13057696505442,metal
49.84439299131929,5.562540403494264,21.230113651274902,9.54604604421316,metal
56.027781002949624,3.0678219755074734,20.673456682021783,9.52277062364963,metal
60.27207501328617,4.429485942535493,20.75075069270298,9.92476628712666,metal
46.71227454909713,3.91349697099961,18.880159040563843,4.3866830977068085,pop
42.675128881628254,2.5748751514127655,18.170599068723327,4.963818005074366,pop
61.218108214084424,5.072845923242298,17.444761114359363,4.605174595341094,pop
56.21859449444386,4.503030951766478,21.121012152894895,5.682822846951678,pop
52.02277056514818,5.561195488956878,18.31549693121493,4.696692062751805,pop
56.53242756049502,5.744562641193852,19.814730796770235,5.009142380884868,pop
55.5704038460982,5.042113615360406,17.840012952557547,4.401362766087064,pop
46.26243194280059,4.960052053488857,21.640103285514222,5.838280022900498,pop
45.644997852796706,5.358098525254372,18.512060457702674,4.236072540761682,pop
49.62295687741596,4.187054578048343,17.074528164902603,4.211711139801082,pop
55.109056604618466,5.34877356074376,20.099006130142527,4.8510209334111645,pop
56.74713063623696,3.2076412327702695,21.745756335711867,4.829376908557502,pop
43.54345225509695,4.883221497064055,18.513107804916878,4.057839848188331,pop
63.69132652968846,4.733808160789522,20.518545580429628,5.088727106851232,pop
43.869907234267814,4.696215938990711,16.753397440933135,3.4811912810909535,pop
54.01127829074406,4.533963520873566,17.60474294792345,4.688981806424627,pop
50.00303105509329,5.416184101075306,17.72244336533472,4.511225697287557,pop
53.290129406170145,4.278024542640344,16.64660601645253,3.412379951242925,pop
47.679438259052404,4.244964209645735,18.00805250846578,4.564171724974465,pop
50.434019349536214,5.102293943331224,17.713955392540928,4.464496803639869,pop
66.64345084255513,3.8974829406216784,16.863140979598114,4.258083886252884,pop
47.51435414063249,3.059458994708333,15.870752621249169,4.030585037151731,pop
51.02313308385297,3.6670892346998407,17.61031471736782,4.723628434427861,pop
48.381231679865124,4.916507626882634,17.891856907757525,4.801361240427039,pop
48.907200242025354,4.696083063813683,18.029197071374906,4.784162231365598,pop
65.49261642542984,5.485696539478754,19.30028489443266,4.8419086056863545,pop
50.818061629291876,5.534221243870903,19.143795063077793,4.575867212568471,pop
46.60779706956235,2.160143236988569,17.915026799040728,4.585619973369609,pop
45.97809279527864,4.124597791726926,17.58722382050443,4.50035543803656,pop
48.69402824584466,5.036629049235895,18.396612379285113,4.435897670423642,pop
50.92990065017695,3.431190989888453,17.16764221760878,3.8878684677783277,pop
57.63114988165097,3.448482976692137,17.23950698722295,4.071172811712656,pop
39.572451685271936,4.228109876048238,17.24316128315779,4.195735126355948,pop
47.23306596076088,2.946017261093715,16.844643909399682,4.133069376812539,pop
46.95629941914777,3.9148705532410464,18.72185652522021,4.860885032562856,pop
44.055699864106245,3.199017208705609,16.66479186230397,4.051534323068732,pop
50.57225430259355,4.476751855070436,18.586741800141773,4.728067611628077,pop
41.102079282553646,3.1377136179998857,16.233906263153823,3.9921276725442674,pop
67.4387599181262,4.526348078715671,17.713669773880103,4.928045484107656,pop
46.35882631831136,6.093243831287228,19.024637840157602,4.525214778424038,pop
58.04374799683488,5.676027293835078,20.27700598558206,4.980543115050702,pop
48.27893412172888,5.189466028116358,21.72942814956521,4.8656867923156355,pop
41.427125762029405,4.401657328142392,17.872397933037973,4.925974206614763,pop
59.26224219945712,5.312625355513058,18.067320813670012,4.640558689726258,pop
47.54592341574914,5.155132915722234,18.311229676548017,5.203962697142119,pop
59.68918809923369,2.2477282516921466,18.743500613340547,5.032370831496325,pop
52.51995405485643,2.268687247223259,18.93945128629751,5.2749069033699945,pop
52.255330213473854,2.9238217638032147,18.459024874916985,5.208927461379704,pop
40.17121423065937,2.5595464005465782,16.7807926390662,4.17488801895062,pop
45.830692216240685,5.112375656912015,20.38291456153125,5.192215995666132,pop
52.90744695286868,3.3868216288119584,19.01017071451413,5.240989206850685,pop
45.74145010580413,4.266136151271988,17.262011788274723,3.9368740461750584,pop
47.712409384610936,4.4568258202948,17.409532025965046,4.847217760454211,pop
59.640446891296584,3.7317730048946007,21.176545319472776,6.45893343903848,pop
48.685744889327665,3.61792140916518,18.44245644374846,4.970903054404643,pop
50.85303441505242,2.2810579659386536,17.44941299251296,4.999449612001416,pop
58.625154780145394,3.3150622515153274,18.401666567610913,4.757452565091172,pop
55.75190835705544,3.859069398558983,17.376706084837778,4.8194638256548865,pop
46.98340101939094,3.9642965781463886,18.583728038037567,5.064797571944454,pop
45.362667985156,3.316924689229936,18.27912708704241,4.8428734133301505,pop
48.685744889327665,3.61792140916518,18.44245644374846,4.970903054404643,pop
44.932542048001054,3.293093936462383,17.90169397835338,4.62947323665809,pop
53.267722525154156,5.35877833483821,21.65007782560075,5.654569705214368,pop
51.116407758672736,5.920104683206194,19.277472234629123,4.023831657291856,pop
49.41698445716956,3.6302352521073065,18.383858274292933,5.230275055008706,pop
45.62074541579064,5.259502415157867,18.08090721705713,4.245612132424498,pop
45.59130915813251,6.343675309746773,19.36230068540956,4.691443880594931,pop
51.59972778071068,5.250969446127425,16.948179981138306,4.3623586578901445,pop
48.08779744131896,3.128535342187499,17.548042031041884,4.875076718694949,pop
53.460088076489505,3.965687499219136,15.628879465007632,3.589578625079669,pop
44.82088205446234,1.43106552938022,17.306549831843846,4.341824232758484,pop
51.59972778071068,5.250969446127425,16.948179981138306,4.3623586578901445,pop
47.7875575877442,4.020119888712294,16.214630669705645,4.19125413413164,pop
46.68796360197916,4.1915035891431245,17.705095814548468,4.309882751023242,pop
55.1790779360697,4.638927912557797,18.884941973805617,4.920409730011949,pop
59.28176396622095,4.805007226808368,18.927633116032528,4.9076672175154785,pop
45.92101946929626,2.9002907297731286,18.246185068360003,4.529353179100781,pop
57.67231241363467,2.4418211960161846,17.228048452568967,4.894189580949701,pop
54.41195177471508,1.9898963173400919,17.412807145375716,4.914762670924164,pop
37.74696970512512,4.547839922608281,18.662564502964017,4.696997658300986,pop
56.53352425035506,4.394408390564043,18.501843465692744,5.237214196264166,pop
45.70481391269567,5.468520986878793,18.585513346082394,4.902801508664361,pop
44.83159877580267,4.81468398060051,17.262828474505124,4.04095259801723,pop
41.02936559593579,4.67821848290781,19.07196604441127,4.552484094863908,pop
55.17933239135412,4.427936279627731,19.40194160134981,4.989137126915227,pop
38.72591684229573,2.803580293257326,18.31626175166929,4.8632313191813035,pop
44.34684725821154,4.577919540151138,17.685694445652757,4.035539249971474,pop
44.74925987068197,4.870429058076679,18.63484253040494,4.661282685540504,pop
38.75114103100102,2.2281066318585134,16.98982567228883,4.607294534132517,pop
44.54170959375803,3.386395767861117,17.635626566311554,4.904294874242527,pop
51.52883694860746,4.713355132609699,18.9695704294151,5.090351071382217,pop
45.69218063132085,4.633575933434312,17.39046034367747,4.537304888603982,pop
65.0593380111622,3.88351605927679,17.457006400091895,4.743181820290521,pop
46.67059281359482,3.2207453990662938,18.12958637311387,4.90876214638189,pop
49.76155927626819,5.951733216439992,19.294993224987998,4.461129476533532,pop
57.85222871513579,4.935053131103091,18.73183687660607,4.769549069683677,pop
66.11149866742409,5.243607957106908,19.938135438491496,5.252168607307876,pop
45.94539545807121,3.094378643849435,17.52094390606695,4.507809066939628,pop
53.822089877550354,4.922097149791309,17.987869376333258,4.587499228769387,pop
42.929190452132595,3.987395622831654,19.091998826249245,4.613153164713371,pop
57.620294139145805,4.0466598892338315,23.40100752863155,8.718658645885036,reggae
55.5761316842823,5.807764110474218,22.185207762029638,8.0351532067009,reggae
56.15653301083023,3.4566527682682002,21.565449220230636,8.795500946905698,reggae
58.87270137484849,4.206936569640036,23.09033689671613,8.17987877071519,reggae
53.36301019446039,4.604070703974439,22.36049440514784,8.261254711141914,reggae
58.200776671850925,5.620881199255036,22.24366250292534,8.437984206303108,reggae
62.85419113274843,6.513497695897644,22.46792854331071,7.813539163629544,reggae
60.78769366077968,5.251880467590854,22.621050797956403,8.17287951049676,reggae
49.111855398313,5.107507523348755,22.91852167734397,7.817852382762007,reggae
63.83570537669561,5.6401638259018565,22.027816839458065,7.856672945284078,reggae
53.54517396175778,6.151673352583554,25.359322219999893,7.032930307365423,reggae
59.55949436825257,5.906695446872427,21.412199543309995,8.258989901368974,reggae
52.33934399782042,4.934449869385537,21.50671419766795,8.737741261020288,reggae
64.6636962827957,5.404721962463384,22.505957449398448,8.34192428228784,reggae
47.134096830971345,4.832788363164708,21.538663638718862,7.60303305683609,reggae
50.76985638618736,6.580003234834373,21.528529078354257,8.741916567291314,reggae
50.93257951363587,6.078863943528435,21.744952537090562,9.217555540781019,reggae
49.78673645294412,4.157032993361053,21.66472650263698,8.364796688893842,reggae
51.755261885353114,4.939624459974889,20.088609203715468,8.687883510949746,reggae
48.82219610887623,4.8923672974469365,22.073906289163165,8.36961691611372,reggae
49.63293351331444,4.957991220543198,22.121210017219028,8.134298086172837,reggae
47.57193305014348,5.552118785078291,20.207303109036488,9.088141776614805,reggae
49.79795872842115,3.452680737672029,21.1793915726527,9.205491519980741,reggae
51.94521827943732,5.291473430093412,21.062378542888194,8.945857185497902,reggae
51.9575958291675,4.978055947384389,22.13218563828012,8.192333111366617,reggae
47.48627668553455,4.667350291344482,22.222909544067832,7.758618782028553,reggae
53.33649649967576,3.660651837520131,22.047190247259536,8.245576603590827,reggae
50.749281256693955,5.569014417565077,21.193700252616107,8.434569681299015,reggae
56.62080229104605,2.614522857581542,20.922103610027854,7.944240981186206,reggae
64.30308349002874,3.372557862873708,20.912580160874565,9.020785582821155,reggae
61.67072203022285,3.249806653423064,20.76519073757969,8.650158579673562,reggae
55.69405334569442,3.743137176354409,21.91056018125813,7.883140102751682,reggae
58.04874368155118,3.7266241390856605,20.455582421476848,7.7029052335981465,reggae
61.7361644590724,2.832855960623063,21.043126965222232,8.809139863197771,reggae
51.93405818438696,5.895499979771853,21.231464859104847,7.478377176050904,reggae
60.53658947818684,2.172455184465208,20.451797950785522,8.19729292393392,reggae
61.25488389619242,4.0019854583575745,22.190717196077618,7.94484814155338,reggae
59.378565059884664,3.2122164649826876,20.20094622907827,8.116145284364537,reggae
71.53391256471588,3.548281049182334,22.531746128821073,8.298317892596694,reggae
49.32573470413486,4.357432393124914,21.71253220015375,8.089532892259617,reggae
52.29415391035817,3.9695415613608027,21.336483534932093,7.088134948776384,reggae
65.73149571747692,6.472960449648901,19.731121770135193,4.730802165240664,reggae
43.30816695630688,4.539070558068138,18.304398514306524,4.097408158855959,reggae
49.49492057747413,5.668895479833663,19.478903062082743,4.860370093316187,reggae
47.16385805966706,3.913432025264008,17.555427430226562,4.397083514250669,reggae
46.6699027885946,5.156725789757691,17.630998071174414,4.204144469436306,reggae
52.064531267756976,5.242670531024075,18.91027344653381,4.631059580818449,reggae
44.08101560592685,4.868112399964454,19.20157903203168,4.593794314390946,reggae
45.43021210472037,5.288408417529709,19.49587680534437,4.444985740817038,reggae
64.87766275135968,5.231747361971562,18.74496519731389,4.60318985880292,reggae
46.496969548778054,5.342488091866018,18.05379328184232,4.224407573155768,reggae
35.673460180192805,1.4351445551917346,15.010391040034824,3.608845386982768,reggae
39.16747590939387,5.137565046816624,16.25176563828808,3.7067515965214195,reggae
53.958555632494814,2.160239315466818,17.699402368350352,5.689622180870135,reggae
43.40753496860639,3.691324096682669,18.957181592103343,4.902732667413208,reggae
44.54227153957672,5.460379746520114,17.14655876093521,3.946494720886272,reggae
40.60589573950023,4.875247114003848,17.84531404660755,4.232268553020781,reggae
47.9487057080267,3.724400201164186,18.680597272566192,4.789136083594321,reggae
36.44888287488199,4.438104684756086,17.867795783120826,4.354635694482778,reggae
36.476542555039174,6.72464550381002,17.872258975559774,3.8558428079914044,reggae
41.03120774065333,8.171454202808643,21.52581997257978,4.26402772540788,reggae
52.85615568685641,4.806391880276115,19.347242051246706,5.275435561780348,reggae
37.28462693264146,5.112929312378302,17.757611641359073,4.130375981558613,reggae
44.06049242174743,3.8051687663041402,18.483192451082182,4.565576225911674,reggae
55.46293426965353,5.626615508811198,20.145683569370295,5.355722106837736,reggae
40.30798755995579,4.789470695133087,18.125113727843072,4.302863474434117,reggae
48.26054633957387,5.159925736112411,19.832773797366766,5.1796268119084665,reggae
46.64261876833643,3.85630127416729,17.912264281615936,4.034154857335419,reggae
46.693386447455914,5.2457405572661004,19.86113502684646,4.913249096112801,reggae
48.35459863596783,6.548328199872007,19.226458887153395,4.4685639253324005,reggae
57.1991591264854,5.69402521455591,19.811619071310428,5.814460320556308,reggae
49.656482534919604,4.321958341109623,19.582413605941248,5.461428387832832,reggae
58.24919396956565,4.183173455562573,17.97907662676122,5.21248230247293,reggae
51.702551026140554,5.025377530356212,17.979462096058562,4.793123692278204,reggae
52.78242128799745,4.878462163149165,17.95424375246241,4.798982540767529,reggae
50.05133532858336,4.877415221301109,18.135163657323485,4.433827260015108,reggae
49.00413937892936,3.4493730586582227,18.058932677751788,4.757732925621569,reggae
44.029295066531574,6.357956912202011,17.39066026384489,3.9830721673969545,reggae
39.854921829521594,4.896480511956165,18.991241505281025,3.9383246861307435,reggae
44.45201572956905,4.768787702917117,16.82262428298568,4.774504012017404,reggae
38.75491889184997,4.6682140100013765,17.456057686508576,4.502987287797232,reggae
47.12660579740768,5.198028807104246,17.748713889333853,4.6962363109350465,reggae
47.12660579740768,5.198028807104246,17.748713889333853,4.6962363109350465,reggae
44.372203821210974,7.542914788033906,21.092920977546676,5.480503440393246,reggae
38.492770162026844,4.250529811444615,18.67163117154689,4.332406084621887,reggae
48.77252598346633,4.354890273769863,19.15455653270101,5.154713809001684,reggae
47.83685832070495,3.4901348163772514,13.494408218588594,4.473717848448961,reggae
48.04847195491958,3.7583029638463534,19.530519305025024,5.644447777921562,reggae
48.632182746436456,3.0506553053063836,18.54145291039831,5.050160067102296,reggae
41.236851425361024,5.093003648652957,18.079400156225457,3.774791216662084,reggae
50.03144162574712,3.6595531989862646,18.488280268143,4.645698467481255,reggae
53.117100094410354,5.131414235737939,18.143217282717192,4.376146336164959,reggae
41.19119231866961,4.6536514852549855,17.961795904795906,4.4320222672808525,reggae
46.2303814320312,3.52238540291226,19.711283404676976,5.604461131587977,reggae
58.49284140558211,6.160854525882826,19.48537645161662,5.0994982831033004,reggae
46.85108405711982,6.065067631051941,17.600011149607955,3.8827947075733884,reggae
37.023015309749816,2.755893306304655,18.583523162432893,4.2807348510889724,reggae
39.07955396869639,6.72959229005477,19.253554922610334,4.052506768364685,reggae
44.37769711718914,4.64280322929463,17.98517738730943,4.346840945165969,reggae
52.46408721223755,4.7370685047922185,21.064794914024564,6.937427283514672,reggae
49.92064610561887,5.294665500201391,21.33358470754403,8.859645286153617,rock
54.80212781901372,1.5088329193654824,22.37664362025304,8.165294731831132,rock
53.91371783018651,4.6639825534365205,20.357185318864733,8.644424906367648,rock
51.09670979238621,3.4419585518667555,20.72541311211796,8.1412240826678,rock
58.41320684757859,6.996279637040907,21.532280793103507,8.39574711690671,rock
50.88677300458217,2.1001525822920306,21.936424888398392,8.86000183319864,rock
60.614764695823816,6.608429917785678,22.667294946976735,7.754974374132601,rock
51.702508904216614,5.301241484140241,22.54298373094294,7.584635870887359,rock
58.05942315737792,5.91258845385884,21.983795246313644,9.868225774765381,rock
54.58509644832411,2.2415969240071445,22.33371307958853,7.311543435499717,rock
50.16908672300137,5.809403814201459,22.064490085225682,8.754159849257992,rock
51.2153685703789,5.82289159538542,22.556862495736475,7.819843050085856,rock
50.58575877739325,3.8949414095508565,20.47966677178635,7.8301623611723485,rock
50.08303442748867,4.2634196087724785,22.583568554373777,8.097778743658722,rock
55.093371635008694,2.027428495199157,20.28142527917537,7.459656327515059,rock
50.356176419731725,4.3187401953183295,21.179827527935682,8.43948388828698,rock
52.294990689597014,4.665562484986375,20.20332952663943,10.553517484881166,rock
51.36014485299831,5.169523804614239,21.22661795103151,9.511225697184585,rock
49.84651703138277,4.448673089540562,19.37914082136133,9.828002218660181,rock
48.48019609245038,4.980510671526721,20.113928453509335,9.521574670408732,rock
51.59896319172826,6.19525786999796,20.208432900037348,9.706083670282359,rock
52.07663792795097,3.7496443137110926,20.63611718112792,9.631219622164814,rock
53.59762998966972,5.04662927733329,20.12079907094212,10.180540275233367,rock
53.42556736891996,6.115146893939599,22.39003665240961,9.247173915682108,rock
49.721176559497366,4.823906691007158,21.144219688385355,9.494433851958219,rock
52.74028584668848,4.531076054071034,20.743427867301985,10.040799489660637,rock
51.89046952542566,4.719088235063339,20.93910185683934,9.565974484703666,rock
40.48093680049433,5.673717958969097,17.882224378381256,3.6845452918878663,rock
43.63721570562265,5.09984775938228,18.413349496259034,3.7879504606344634,rock
35.73138914833057,5.723973921993954,17.405481619139188,3.63143665761517,rock
40.20230277844759,4.9864545204186514,18.275356171304807,4.408249662891337,rock
35.62424665706108,3.1220202337081915,17.740698771023787,4.284786279117231,rock
46.378760512799204,3.5421251409190315,18.1763665369923,3.8395448331089286,rock
37.35658971420084,5.371112258980746,18.567278829523197,4.188675205643752,rock
44.885092785424916,5.698726567930545,18.70965861399737,3.549089676290583,rock
36.90010155825591,4.44508168414056,16.73241446970553,3.522079071752106,rock
39.87559271708838,4.99320748707216,17.805919837968613,3.6234854732793442,rock
39.76272175050817,6.513020318983592,17.945248191969576,4.180276788396173,rock
39.14313424309744,4.773888659011353,17.35819629989328,3.8403263647017396,rock
61.191928082413924,4.259195289139736,18.694654421526625,5.9626354666464785,rock
67.62922087287514,3.893663173009293,18.832856365178742,6.874701609250166,rock
61.634567115977674,4.809942089205471,18.831363067371647,5.759839441017474,rock
55.50990179786547,4.037919301576908,17.174836698780727,4.4881360064385625,rock
55.150203309099226,2.9395519187179033,17.48960397756164,4.909406954059609,rock
52.219498672672046,4.895346051439324,20.254068751073877,5.1881214632912735,rock
52.69119777753234,6.0229958571022735,20.54025430724008,5.189922630942082,rock
50.06036677218289,4.654422271444329,18.94344782329679,5.342912504380774,rock
48.721461679874736,2.9638856686593416,17.45249143044631,5.2209454687769234,rock
66.65842168957747,3.6391102568818114,19.573900024070735,4.902852703696374,rock
38.009403854401896,5.9343099108283255,17.8137622773917,3.950976732901885,rock
42.48117047849351,5.961602858273861,17.254899590639546,3.872317171569937,rock
50.45118551979176,3.788190285283754,16.914102943214395,3.9108260492213,rock
44.72641458456732,3.4495112092531865,18.18799237156742,4.458451406931203,rock
47.7922678082925,5.2887976678087725,16.644171606495767,3.377478359169003,rock
44.12355390446267,3.918609672429695,20.059020352688076,4.405584203276867,rock
37.16346220499984,5.277260145712731,16.6781555636091,3.693377247370488,rock
56.57563911803348,4.624738420905101,15.724758739987678,3.194461805465824,rock
34.857508212378676,5.400266160962161,17.02508082234096,3.520093297896809,rock
41.62388098376534,6.73028237691442,19.311185957474475,4.302105033376137,rock
43.38832937320961,6.39242108471564,18.937169049610016,4.222579923582799,rock
35.30448343557786,5.548676052193722,17.063367273671375,3.7805868555361206,rock
39.12836548736612,5.830021024305027,18.432826828645968,4.646415317027537,rock
42.158968434487605,3.9658548540721723,18.920719702633992,4.622463470178395,rock
45.29871172421261,5.3362284669595805,20.75765567605389,5.280095583807267,rock
47.39161273067725,5.03664942227628,21.317183669616686,9.02627093435136,rock
50.547793873601115,4.905783803098819,21.258615853477142,9.092685926960122,rock
46.41836060505438,5.451929328045626,21.84579692669605,7.142764826149554,rock
49.58087469852723,3.8591837265445026,21.863339757189014,9.024799066154367,rock
50.18829032020366,4.463078949509715,21.543666865238855,9.234815913539745,rock
49.741670368267954,6.344646536011917,23.32516481876525,7.9195183570705785,rock
49.93521910437417,5.958252419897021,23.800955002484933,8.140285385288363,rock
48.68756127820774,4.499823397984105,19.976156662502472,9.466903815689921,rock
59.49004685850586,5.194950679678213,20.995214015847225,9.115945880911612,rock
52.42635279120022,5.338930980534902,20.53257843460572,9.786688738788055,rock
49.09337715131568,6.074521955808919,21.374457378776285,9.044192915483123,rock
49.61097265778843,4.7780486895876235,20.778405439616414,9.517506658980283,rock
49.5153192152338,5.936262081712954,22.182409365595262,8.042671995644382,rock
50.267970387836726,4.786485811610556,20.6249623234264,9.376613772109542,rock
50.556342577728365,5.020386247587602,22.270688121495645,8.457806755793431,rock
50.7686268632239,5.240284162880995,21.97313404188086,9.416853181431618,rock
60.58031742938904,5.446721866577672,22.518330768180295,9.50950146134144,rock
54.14244278235108,4.729838594787987,22.507398039983517,9.163342205488345,rock
58.21507466380282,3.357464283200386,21.786213061231866,9.784623133643086,rock
52.97508772260343,6.348068364077196,22.312492451841702,8.794048341231875,rock
50.5711640938586,3.9839066264112937,22.34150893265934,9.626687281859962,rock
56.435805345746445,6.544528722798228,24.34833043148349,7.6962723241562525,rock
51.19431668065489,4.629689199221777,20.991097299040618,8.45012916053487,rock
51.121911718331006,5.505333413945449,21.27915800269999,9.908317859257227,rock
51.20034633254343,3.0217584054633937,20.877875041938726,8.9439587012849,rock
65.78593968960405,4.815752737848591,23.683877012473996,7.684338261483373,rock
50.66498309738008,5.855931542620973,22.335223506498384,9.399768122774814,rock
52.54101823223799,5.14671178000864,22.443029351584126,9.617846839593208,rock
57.23913206592001,6.36710928924937,22.189030989529506,9.688786886434862,rock
54.27219220850668,6.122622243809327,23.072438283889365,8.352131058330784,rock
60.59829767982207,5.46313740422721,23.213802665739713,9.337301438306906,rock
55.289226563165194,5.377111355550812,22.980343363499756,8.36101332322746,rock
63.10040919090214,6.272053216318965,22.669136639724215,8.580773011941176,rock
58.64160582363175,4.903654146604071,22.317139022757615,8.413627315736012,rock
50.39042076047848,6.191971024053579,22.49342626435993,7.431975362439006,rock
56.33201352967539,5.717508003809698,24.27201231864962,7.048331421146151,rock
