flatness_max,flatness_min,flatness_mean,flatness_std,genre
0.06298923,0.000309344,0.00449778,0.0055085775,blues
0.056086246,2.4787401e-05,0.0022948887,0.004852216,blues
0.042728182,2.8348906e-05,0.0026317355,0.003349436,blues
0.021336176,5.6939875e-06,0.0009533673,0.0016317543,blues
0.045243975,0.00016509711,0.0032400058,0.0043575536,blues
0.071475595,3.664547e-05,0.0030648096,0.0065014088,blues
0.05121999,4.025645e-06,0.0009698256,0.0028713606,blues
0.052698627,1.1956591e-05,0.0014372787,0.0032158836,blues
0.02292069,0.0001913487,0.0025929958,0.0030425086,blues
0.030306181,0.0001231559,0.00271008,0.0032159884,blues
0.020992776,1.5314068e-05,0.0012475129,0.0019595379,blues
0.090992115,8.405882e-06,0.0032835575,0.008707734,blues
0.014742409,2.4521018e-05,0.00077189115,0.0010976605,blues
0.010169807,4.7400634e-05,0.0011934423,0.0012708275,blues
0.004754373,7.171084e-06,0.0004733231,0.00039985203,blues
0.010132336,3.385704e-05,0.0011015895,0.0011177304,blues
0.008610216,7.105695e-05,0.0013030026,0.0011356539,blues
0.0068206377,1.1156323e-05,0.00046110767,0.0006175141,blues
0.010643677,2.1563876e-05,0.0014817393,0.0015280241,blues
0.01514959,1.9301671e-05,0.00064221345,0.0009487258,blues
0.017011385,5.0662704e-05,0.0016534856,0.0013504702,blues
0.0059995833,1.5201034e-05,0.00039679947,0.000582546,blues
0.0049234233,1.3759089e-05,0.00042314277,0.00045426143,blues
0.005782802,5.9128288e-05,0.0005504415,0.00058368297,blues
0.0054373834,7.996387e-06,0.00032283957,0.0004095489,blues
0.0022794548,1.1472314e-05,0.00040111554,0.00031354,blues
0.0054447763,4.5124557e-06,0.00045706716,0.00052718795,blues
0.004359129,2.4392813e-05,0.00045066347,0.00044649362,blues
0.0049103736,1.2937424e-05,0.00037233817,0.0004546617,blues
0.052952997,1.4353402e-05,0.0014898343,0.0038412805,blues
0.020527536,4.6773216e-06,0.0006995825,0.0017583511,blues
0.02766305,4.6722785e-06,0.00058169436,0.0018565239,blues
0.0327093,1.5195433e-06,0.0012313232,0.0040449677,blues
0.024905745,1.7702476e-06,0.00080516946,0.0021442552,blues
0.020256042,4.688686e-06,0.00089027896,0.0017457695,blues
0.025014145,9.356882e-06,0.0009741905,0.0016914981,blues
0.015510121,3.9860597e-06,0.000449851,0.0011275864,blues
0.01592678,5.526929e-07,0.00043417222,0.0010611588,blues
0.03543301,9.441625e-06,0.001083569,0.0032550066,blues
0.06007096,2.440591e-06,0.00077788444,0.00349487,blues
0.073725685,0.0005359399,0.0057467436,0.004577318,blues
0.043622598,0.00078404736,0.0076119862,0.006534585,blues
0.029984282,8.800004e-05,0.0038952606,0.0038146563,blues
0.02755423,0.0006162764,0.006468628,0.004546788,blues
0.026719946,0.0005418734,0.005403539,0.0037931302,blues
0.010662833,0.00017044008,0.0016981729,0.0012237082,blues
0.035022385,0.00010484533,0.003205259,0.0036958477,blues
0.025741175,0.0003047767,0.0031981077,0.0031727974,blues
0.041248955,0.00073681277,0.005731392,0.005314139,blues
0.04604616,2.3432136e-05,0.0010649329,0.0030546854,blues
0.05653074,0.00019520464,0.0043359115,0.0039645364,blues
0.043516614,0.0003289704,0.0045994185,0.0047538686,blues
0.038065515,4.0080467e-06,0.0020191234,0.004255194,blues
0.06909903,0.00026272732,0.0059420704,0.0068071247,blues
0.07056102,0.00018854116,0.0058610747,0.007276192,blues
0.07270012,8.7494554e-05,0.0047706896,0.005949877,blues
0.084757715,2.1473237e-05,0.0035324413,0.006154542,blues
0.05113244,0.00014338939,0.004042061,0.0048737265,blues
0.049820423,0.00019074001,0.0050398386,0.0056153852,blues
0.049932677,0.00022792799,0.005866373,0.0061290017,blues
0.036726147,0.00032345756,0.004134195,0.0033096971,blues
0.03263765,0.000511706,0.005136724,0.0040255273,blues
0.02543558,0.0002268159,0.0031608848,0.0024085306,blues
0.06780851,0.00061941356,0.011034388,0.009338084,blues
0.055459842,0.0013008724,0.010562673,0.007883788,blues
0.050210588,0.00038402877,0.010027512,0.007367634,blues
0.03968131,0.00048435645,0.006869477,0.0065508336,blues
0.0439115,0.000422321,0.0057531837,0.004057046,blues
0.06999067,0.0008421882,0.00936534,0.008149437,blues
0.026841082,0.00018891304,0.0040933527,0.0033222416,blues
0.047748946,0.00025389282,0.0048324866,0.004671886,blues
0.048356388,0.00062609697,0.008383904,0.006092902,blues
0.047775544,0.0006507843,0.007879595,0.0077344268,blues
0.11017417,0.00049554155,0.0060502943,0.00713224,blues
0.059160233,0.00018378466,0.010985155,0.009471213,blues
0.14806838,0.00014129507,0.008920715,0.013437582,blues
0.13841528,0.00076089235,0.009513568,0.010186198,blues
0.05514141,0.00037883638,0.008242405,0.0074085984,blues
0.03371035,0.0019355939,0.010029099,0.0053528002,blues
0.048754625,0.0009590989,0.010715961,0.007301616,blues
0.039126202,7.6897006e-05,0.003935122,0.0049841274,blues
0.028534058,9.3918e-05,0.0054844143,0.0041371826,blues
0.043445032,0.00047882338,0.0064722556,0.0054418705,blues
0.045689892,0.0007208689,0.008804852,0.006958561,blues
0.08394543,0.00014363033,0.0072993627,0.0097091,blues
0.015750915,3.6317228e-06,0.00084416044,0.0014828697,blues
0.06116396,1.179465e-06,0.0026754795,0.007159871,blues
0.04310429,6.102001e-06,0.0017888022,0.004007993,blues
0.0100252675,2.8673312e-06,0.00072129216,0.0010931933,blues
0.16914678,1.2301819e-06,0.00076710124,0.006839151,blues
0.042576335,3.6388149e-06,0.0029686065,0.006051579,blues
0.084536694,2.2851686e-06,0.0024267752,0.008534388,blues
0.09169751,9.1885016e-07,0.0011272272,0.00517895,blues
0.103497714,2.757222e-06,0.00045653596,0.004869421,blues
0.026436549,4.084526e-06,0.0011159998,0.0021314102,blues
0.037358113,1.2461327e-05,0.0015969115,0.0036522069,blues
0.046220534,2.0867563e-05,0.00092743,0.0033469286,blues
0.036617693,3.507785e-06,0.0018200033,0.003906049,blues
0.093312815,0.00047505778,0.009164437,0.008554345,blues
0.050296143,9.695672e-05,0.002279843,0.0038021486,blues
0.010693143,3.2243723e-05,0.0009072869,0.00091023656,classical
0.005346398,1.4527758e-05,0.00032601468,0.00037594617,classical
0.009762178,7.028272e-05,0.0010898184,0.000900216,classical
0.012329848,1.7469347e-05,0.00045368818,0.00070309854,classical
0.007494001,7.667528e-05,0.00073848834,0.0005761189,classical
0.021902425,5.151881e-05,0.0011707263,0.001233976,classical
0.0058159665,3.1898926e-05,0.0006050109,0.00048085375,classical
0.011824746,1.9064983e-05,0.0008006391,0.00092145056,classical
0.013713981,9.666915e-05,0.001099688,0.001155953,classical
0.0073197433,4.4796663e-05,0.00054226106,0.00068047585,classical
0.011670143,3.729712e-05,0.0009878422,0.00097510347,classical
0.005032783,9.242299e-06,0.00023957346,0.00042999844,classical
0.005777107,2.1381693e-05,0.0003766756,0.00040271756,classical
0.007916669,2.3959237e-05,0.0006355263,0.00069832837,classical
0.00624259,3.6694695e-05,0.00060999015,0.00069694046,classical
0.0032551524,6.3030966e-05,0.00057500636,0.00041072536,classical
0.004006358,5.879257e-05,0.00052498956,0.00045816996,classical
0.0067930934,3.795993e-05,0.00088695105,0.00081891817,classical
0.002920817,2.0438683e-05,0.00038758962,0.00042609297,classical
0.0030823909,5.6250938e-05,0.0006568686,0.0004931517,classical
0.0072259186,2.0626725e-05,0.0005213541,0.0005715976,classical
0.0096799545,3.1203886e-05,0.0010900119,0.0011035687,classical
0.009976755,3.8594877e-05,0.000670906,0.00083137397,classical
0.00199604,4.072818e-05,0.000300235,0.00019558414,classical
0.003568824,3.150806e-05,0.0005660654,0.00051175937,classical
0.0070445472,5.4527925e-05,0.00059021066,0.0005143039,classical
0.009164888,3.0944488e-05,0.0005533449,0.00065183383,classical
0.0022145899,2.456856e-05,0.0001900085,0.00015788591,classical
0.003995686,1.544178e-05,0.0005662597,0.00051687646,classical
0.0101375505,4.0963187e-05,0.0011332998,0.0010204162,classical
0.004927094,6.8082836e-06,0.00057721266,0.0005411136,classical
0.003940335,2.3487112e-06,0.0002779127,0.00034556727,classical
0.002808647,2.4090215e-05,0.00027010043,0.0002425256,classical
0.008715692,2.3250865e-05,0.0006088997,0.0007437831,classical
0.0039160117,2.1864222e-05,0.00043146207,0.00042385413,classical
0.0049448106,3.432318e-06,0.0004912139,0.00071015273,classical
0.022681076,9.114743e-06,0.00086213613,0.001391451,classical
0.007968977,3.2656983e-05,0.0008495439,0.0008449552,classical
0.021853888,7.3679967e-06,0.0005687294,0.00081750273,classical
0.008710158,8.1608805e-06,0.0012273318,0.0010745779,classical
0.006192182,3.9794406e-05,0.0007000745,0.00055606774,classical
0.0070148585,2.9806375e-05,0.00062024116,0.0005906706,classical
0.0044398443,0.00014354207,0.0008986889,0.0005657596,classical
0.072564594,3.0002713e-05,0.001286715,0.005545173,classical
0.02169727,2.3918685e-05,0.00061439537,0.0016041308,classical
0.009520562,0.00016410743,0.0009726247,0.00090009696,classical
0.05228018,0.0013804088,0.010483792,0.006529717,classical
0.0048743244,5.9565114e-05,0.0009756483,0.0005543702,classical
0.14573054,4.503305e-05,0.010520821,0.021488814,classical
0.3463901,0.0024163574,0.039003536,0.066197485,classical
0.008900821,0.000258148,0.0014495051,0.0010143875,classical
0.09339237,0.00013121752,0.0082460465,0.013301517,classical
0.2290347,0.0011682297,0.027119244,0.027165765,classical
0.018337552,0.00015785111,0.0028226508,0.0030252333,classical
0.11265323,0.00013245527,0.0033274775,0.007542885,classical
0.008231185,6.9565517e-06,0.0007027897,0.0011902669,classical
0.16885151,0.00043143524,0.005316619,0.012060451,classical
0.39470223,6.898726e-05,0.009641581,0.03199224,classical
0.0043296563,3.8995546e-05,0.0005303027,0.00042568205,classical
0.033017702,8.7531495e-05,0.0035714281,0.0038125876,classical
0.074368015,0.00036695934,0.009377976,0.010950985,classical
0.16124609,4.6746467e-05,0.0032320605,0.010216371,classical
0.15342598,0.00010173541,0.010113843,0.02399805,classical
0.0017573776,1.1985018e-05,0.00021625421,0.00021234089,classical
0.008314228,2.1558493e-05,0.0011256037,0.0013103845,classical
0.0026133573,1.5540645e-05,0.00025285207,0.000290546,classical
0.0043790806,1.1379051e-05,0.00023831206,0.00040043425,classical
0.06866537,2.0268471e-05,0.0028856683,0.008378175,classical
0.02164374,0.00013213186,0.0022066676,0.0022771973,classical
0.011557546,7.74748e-05,0.000999744,0.0010494378,classical
0.02167368,5.3568798e-05,0.0018145761,0.0022381986,classical
0.010652483,5.018661e-05,0.0016017505,0.0014665936,classical
0.018227896,0.00011192199,0.0017389418,0.0021633888,classical
0.020126589,3.5702694e-06,0.0010802285,0.0017922523,classical
0.017982969,8.1388134e-05,0.0023205222,0.0022336952,classical
0.004148032,1.9177383e-05,0.00067225524,0.0005568146,classical
0.026067035,0.0001389353,0.0018905826,0.00183133,classical
0.016298193,6.975719e-06,0.00027975574,0.001100822,classical
0.021742964,8.643954e-06,0.00041268292,0.0019819632,classical
0.015369637,6.3478356e-06,0.00015278652,0.00072312896,classical
0.016857235,5.0759736e-05,0.0013555913,0.0016591387,classical
0.011082659,4.849357e-05,0.0013986765,0.001260083,classical
0.010160324,1.1332251e-05,0.0012643642,0.001327353,classical
0.0027648853,8.729935e-06,0.00014881554,0.00019367691,classical
0.020790901,2.0616191e-05,0.00047227732,0.0007324204,classical
0.22034012,7.849934e-05,0.006206265,0.012609944,classical
0.10386753,1.968366e-05,0.0038164982,0.0077754995,classical
0.019002825,2.1364769e-05,0.00035257178,0.001020482,classical
0.061477147,6.13e-05,0.00233767,0.0048744977,classical
0.013693039,6.983599e-05,0.0015246256,0.0012908804,classical
0.011829096,0.00016249654,0.0013360766,0.0009822152,classical
0.0128023615,7.806724e-05,0.0017705571,0.0016661179,classical
0.008754158,9.58212e-06,0.00035471743,0.00060765503,classical
0.0074211746,2.0043235e-05,0.0008014535,0.00089130545,classical
0.0081358105,0.00012624139,0.0012355387,0.00085095613,classical
0.008029013,6.3042186e-05,0.0009406668,0.0007386689,classical
0.016274462,7.93788e-05,0.0024684167,0.001787434,classical
0.0068227,2.3338045e-05,0.00085307244,0.0007439046,classical
0.018064244,0.00010904673,0.0022088622,0.0021674638,classical
0.009243709,0.00032101292,0.0013263472,0.00077095156,classical
0.23592782,0.00051766145,0.029598994,0.025257584,country
0.26631147,0.008305361,0.044131648,0.02950782,country
0.27671403,0.0009437586,0.016251111,0.03152203,country
0.31047854,0.00053973414,0.019756045,0.03716052,country
0.23212105,0.0055590477,0.043553278,0.029100493,country
0.2911012,0.0021279457,0.047790118,0.042014316,country
0.25854182,0.0023412742,0.04074184,0.03973121,country
0.15770112,0.0011228186,0.03349182,0.027809614,country
0.29730448,0.00083654764,0.02059364,0.020566344,country
0.33884886,0.008051167,0.067010745,0.03651928,country
0.22478725,0.00018310468,0.012429441,0.02499458,country
0.30963805,0.00021569969,0.027892573,0.04942288,country
0.21521856,0.00012438289,0.011799948,0.023427611,country
0.32213742,0.0027795539,0.043351267,0.04216112,country
0.328335,0.0015304241,0.04526913,0.04758211,country
0.13142854,0.00042719627,0.016924385,0.022660492,country
0.04211519,6.776034e-05,0.0038825665,0.0055023017,country
0.038165085,0.000107778986,0.0073124254,0.0071453047,country
0.27658436,0.0003745022,0.01520167,0.021531656,country
0.054081067,2.2874168e-05,0.001373895,0.0030243418,country
0.22560897,5.7785597e-05,0.021679841,0.02922911,country
0.04204643,5.5288896e-05,0.0011348765,0.00279317,country
0.12754714,0.00031179597,0.006862716,0.009061129,country
0.28541985,5.8311172e-05,0.005867297,0.02172007,country
0.15227763,9.847065e-05,0.0066514555,0.015930839,country
0.26517156,0.00015789153,0.008672549,0.022276264,country
0.11693171,6.550866e-05,0.0040547126,0.009760769,country
0.17069627,0.00047809575,0.016998839,0.017711066,country
0.062282555,0.00023172109,0.004391495,0.005794574,country
0.12254626,9.5831536e-05,0.002748709,0.00749593,country
0.15359886,2.7110078e-05,0.0023822605,0.008098042,country
0.28407392,0.00020007645,0.015338099,0.030621734,country
0.19401625,4.925525e-05,0.009258575,0.022179816,country
0.23670186,0.00041852592,0.022596162,0.030919861,country
0.36342192,0.0007763065,0.046277456,0.060346145,country
0.31530777,0.0012512974,0.026170434,0.039871123,country
0.17798902,4.497266e-05,0.008392476,0.01810078,country
0.3129098,0.0010072031,0.020540636,0.038420875,country
0.20788963,0.0018227694,0.038513377,0.03071973,country
0.39213118,0.006304259,0.093471065,0.060944505,country
0.3324563,0.00092020433,0.033841975,0.03490399,country
0.32044473,0.00062900677,0.035156086,0.042691194,country
0.20946307,0.00061365624,0.02687247,0.025667707,country
0.34098616,0.0009253564,0.045666054,0.05098903,country
0.18134087,4.23469e-05,0.008077966,0.01890884,country
0.42829683,0.0015399498,0.05188509,0.061108038,country
0.2499934,0.00041740199,0.01380325,0.024402322,country
0.08588883,0.0002593594,0.005036562,0.0068969396,country
0.31715494,9.496833e-05,0.011556103,0.020445284,country
0.17905289,0.00036857263,0.009436542,0.018137343,country
0.09504572,1.979931e-05,0.005401153,0.01042317,country
0.059341915,1.3562829e-05,0.001954177,0.0062763146,country
0.052278318,8.475838e-06,0.0008109735,0.0028827293,country
0.09019547,0.00029920577,0.009953406,0.0095165465,country
0.04223403,5.8519458e-05,0.0022859718,0.0041135666,country
0.040374253,0.00020744654,0.0052268165,0.005305467,country
0.025005125,9.463257e-06,0.0014045738,0.0023026054,country
0.24348378,3.865506e-05,0.00368024,0.010995763,country
0.05488614,2.8812996e-05,0.004486727,0.0059046578,country
0.043245733,3.6868366e-06,0.0018629773,0.0035370218,country
0.040811807,1.2677429e-05,0.0017319412,0.004253697,country
0.04193856,1.4034318e-05,0.0021063418,0.0046113497,country
0.06541032,0.0003205395,0.008693915,0.010117977,country
0.068982124,2.21675e-06,0.0023794633,0.004935426,country
0.03665889,1.0442383e-05,0.0010747481,0.0026540554,country
0.027565068,3.898965e-06,0.0003030946,0.0015458227,country
0.017646855,0.00010248558,0.0024552778,0.0024284008,country
0.05820055,4.4309695e-06,0.00065873825,0.0027817367,country
0.026235111,3.546407e-05,0.0010231581,0.0022207731,country
0.029872404,5.568788e-05,0.00083281705,0.0020428025,country
0.045738734,8.511062e-05,0.0042850343,0.0043281345,country
0.01988891,1.0024656e-05,0.0010790692,0.0019143284,country
0.031596784,0.00014683798,0.0033340387,0.004093663,country
0.032218885,5.0431943e-05,0.002459886,0.0034985011,country
0.058572687,1.3592214e-05,0.0022735228,0.0041560247,country
0.027653301,0.00034683247,0.005847759,0.0039282753,country
0.022549007,4.467813e-06,0.001219974,0.0025438892,country
0.013604618,8.780527e-05,0.001540359,0.0015902125,country
0.032969985,2.0223817e-05,0.0010673482,0.002570168,country
0.011596607,4.638165e-06,0.00049477344,0.0010513065,country
0.045958396,9.727286e-05,0.00654579,0.007957234,country
0.10168158,0.00017422493,0.009016839,0.01176855,country
0.08294654,0.00079868967,0.010725566,0.013071577,country
0.0723787,2.3319946e-05,0.0024579,0.006128187,country
0.19797203,0.00010608534,0.0066137654,0.015485227,country
0.030134946,2.9112967e-05,0.0020862191,0.0038494184,country
0.17522547,1.4778161e-05,0.0052931095,0.010517582,country
0.08724086,2.6418793e-05,0.0026836132,0.007047348,country
0.055524796,5.069258e-05,0.0030759017,0.0049579176,country
0.035747718,1.1061247e-05,0.0018612645,0.004661213,country
0.08640646,9.1346206e-05,0.005905905,0.008772696,country
0.08760813,4.661099e-05,0.002953552,0.008105186,country
0.34613088,0.0014249769,0.013571353,0.033634808,country
0.073392786,2.3144336e-05,0.0020479795,0.0073938584,country
0.026756292,5.764636e-05,0.0018258026,0.0032476936,country
0.099486865,4.3673313e-05,0.0026103668,0.007024525,country
0.06384492,9.485116e-05,0.003329612,0.005853955,country
0.07121705,3.6203062e-05,0.0025449404,0.0069875414,country
0.065386236,1.3656513e-05,0.0014156507,0.0049194004,country
0.082959674,0.00040859455,0.0075867013,0.009357476,country
0.3848777,0.00038094082,0.03373607,0.048972227,disco
0.3866233,0.0036376968,0.08126823,0.06417256,disco
0.326771,0.0022342247,0.06649465,0.049953908,disco
0.29531524,0.0005278359,0.057316028,0.058186747,disco
0.35959148,0.0048118574,0.06946733,0.056282148,disco
0.34127876,0.0010326814,0.046121377,0.045712903,disco
0.40693527,0.0049991463,0.051525924,0.031256206,disco
0.30100578,0.002852714,0.06401141,0.053905915,disco
0.4040241,0.0032711015,0.049879044,0.051837735,disco
0.43954334,0.0012095129,0.077617235,0.06681953,disco
0.41705877,0.0016628066,0.056757476,0.051716473,disco
0.35739058,0.0016607261,0.055708908,0.04968476,disco
0.3410689,0.00060438365,0.043602083,0.050957546,disco
0.31179237,0.003045651,0.08222598,0.055940278,disco
0.26794744,0.002682007,0.06962228,0.047196534,disco
0.23150177,0.00013486523,0.03278963,0.040367983,disco
0.23927441,0.0006050323,0.0373508,0.037771404,disco
0.29685855,0.00038702137,0.042971436,0.047633197,disco
0.36963007,0.0019411531,0.05837495,0.05634326,disco
0.21892922,1.9246025e-05,0.02601693,0.034717638,disco
0.17273332,9.3159455e-05,0.017684637,0.02164721,disco
0.26351783,0.0017979544,0.04984241,0.0472803,disco
0.4578407,0.0011148792,0.095978566,0.078376964,disco
0.44704223,0.00022555306,0.090955585,0.08372717,disco
0.2730727,0.0012452984,0.038269818,0.029168673,disco
0.3477692,0.00064880576,0.041420985,0.05576283,disco
0.4279184,0.000184073,0.07275967,0.07449143,disco
0.34146586,6.1045954e-05,0.04509172,0.058352172,disco
0.45015353,0.004717467,0.118380606,0.07480425,disco
0.31919193,0.0025740326,0.05861886,0.049095303,disco
0.34439465,0.0008543336,0.075350106,0.05686913,disco
0.3880347,0.006972874,0.089043476,0.06283551,disco
0.30468163,0.000102335776,0.030615086,0.038662575,disco
0.18138151,0.00043458593,0.031517662,0.029951561,disco
0.33331332,0.007190549,0.08824216,0.055149626,disco
0.4044686,0.0014397489,0.10209186,0.08438065,disco
0.3354534,0.0046634306,0.086617865,0.056144174,disco
0.49246722,0.0043079774,0.11585478,0.069813184,disco
0.41315657,0.006203317,0.08239111,0.0654075,disco
0.21467918,0.000263274,0.021316953,0.023295598,disco
0.3183663,0.0006706771,0.040864833,0.041895654,disco
0.23159477,0.000106615014,0.011974377,0.02394524,disco
0.30854768,0.00026384246,0.03795669,0.03470664,disco
0.25260165,7.8880264e-05,0.044978872,0.04618051,disco
0.26364183,0.0004009805,0.033288438,0.039139498,disco
0.36043468,0.00023630477,0.038878106,0.05576067,disco
0.09303552,0.0002704053,0.008585748,0.010391007,disco
0.08057447,4.3675784e-05,0.002157981,0.0063515985,disco
0.098031975,0.0002910778,0.011235245,0.013435556,disco
0.13163789,0.00014968122,0.013193857,0.017902587,disco
0.09253403,0.00064715586,0.0125136655,0.009349243,disco
0.112105206,0.0012302066,0.01841322,0.012476221,disco
0.09218495,0.0010158808,0.012716195,0.010348493,disco
0.05352009,2.3754834e-05,0.009866626,0.008165352,disco
0.16146116,0.00019860973,0.012306636,0.015408946,disco
0.05347548,0.00024161999,0.0064539555,0.0066821515,disco
0.05359343,3.908807e-05,0.004339478,0.0062998743,disco
0.047510926,0.0007272859,0.00641869,0.0049829544,disco
0.088767245,0.00019671021,0.00884414,0.011378981,disco
0.124630675,0.00011098972,0.014001619,0.017867675,disco
0.06111916,0.00013690957,0.0063976394,0.0075829183,disco
0.059448928,4.4353743e-05,0.009795854,0.010543247,disco
0.089779034,8.696597e-06,0.00899641,0.01032906,disco
0.11424458,2.6829493e-05,0.016214533,0.019515574,disco
0.09757162,3.2605563e-05,0.005111693,0.006322898,disco
0.11510531,7.490777e-05,0.0056983214,0.0118217105,disco
0.09054355,0.00017177344,0.013162817,0.012332552,disco
0.081757486,0.00083779945,0.01621957,0.013877374,disco
0.09706904,0.0009856343,0.021639258,0.01716718,disco
0.038589366,0.00045550597,0.006104317,0.005285026,disco
0.09713748,0.0005945298,0.014655916,0.010406216,disco
0.08882345,0.00059304066,0.019572938,0.015389653,disco
0.116097346,0.0005395355,0.019352414,0.019320583,disco
0.14468114,0.0028560287,0.021315677,0.016282408,disco
0.09675442,0.0007340629,0.016679298,0.013516113,disco
0.07901977,0.0016547389,0.0150577305,0.0103003625,disco
0.06566377,0.0003537913,0.00803431,0.0073594647,disco
0.091420755,4.873176e-05,0.009120103,0.010039149,disco
0.07723818,0.00015915312,0.007877121,0.009425389,disco
0.08055311,6.0217542e-05,0.0105972765,0.011246843,disco
0.080055185,6.446035e-05,0.0071604117,0.00876145,disco
0.11129343,4.9522052e-05,0.008518073,0.01320361,disco
0.32551765,4.7740432e-05,0.023860648,0.04240065,disco
0.08213352,7.898e-05,0.007172982,0.010334535,disco
0.12374398,0.000114158465,0.015930217,0.018642304,disco
0.106442444,0.00038157278,0.021844221,0.020995535,disco
0.045978475,8.5869324e-05,0.004331546,0.0055878293,disco
0.06546355,0.00020269772,0.008255056,0.008701806,disco
0.042238083,0.0001844119,0.0071667503,0.0054999446,disco
0.06631331,0.00027312912,0.00884599,0.00941281,disco
0.086033195,0.0002823897,0.017746491,0.01672275,disco
0.257822,2.0620295e-05,0.009162242,0.023830248,disco
0.07224785,0.000118308264,0.010792154,0.009317624,disco
0.09660679,9.1641705e-05,0.01270531,0.013525933,disco
0.032839417,0.00017406451,0.007289494,0.0059092403,disco
0.10869193,3.2679774e-05,0.0103797205,0.012830744,disco
0.066155404,0.00035952425,0.008730583,0.009540046,disco
0.13556448,0.0004729889,0.017010877,0.017152604,disco
0.089271255,0.00037318357,0.013024905,0.012508986,disco
0.089271255,0.00037318357,0.013024905,0.012508986,disco
0.13195269,0.00011927954,0.022102602,0.018602513,hiphop
0.14160058,4.6755664e-05,0.011981494,0.020440787,hiphop
0.072510876,2.966428e-05,0.0030618832,0.0061009857,hiphop
0.24096851,1.9405687e-05,0.017581366,0.02847774,hiphop
0.30207655,1.7189966e-07,0.021379799,0.044713814,hiphop
0.19389664,0.00022498451,0.018429318,0.022290194,hiphop
0.26762456,5.3108055e-05,0.026979307,0.040129434,hiphop
0.24606575,4.7836886e-05,0.012193028,0.023273835,hiphop
0.2530414,1.047433e-05,0.021132419,0.023911592,hiphop
0.19093674,4.1788768e-05,0.015278953,0.026853707,hiphop
0.055258546,0.00020155242,0.009076722,0.007869174,hiphop
0.13971949,0.00015636365,0.008219148,0.012327675,hiphop
0.06348871,0.00010266351,0.0052252766,0.005589098,hiphop
0.07598059,4.0824384e-06,0.005779685,0.009278441,hiphop
0.19580899,0.00027477072,0.011414056,0.017934626,hiphop
0.18669863,0.0003077087,0.012294731,0.0131101115,hiphop
0.21398532,4.953907e-05,0.017141314,0.030149482,hiphop
0.123714045,0.00018239378,0.008097886,0.0101998085,hiphop
0.12494324,0.00019635975,0.014578229,0.019289894,hiphop
0.22820179,4.844184e-05,0.025607511,0.04148563,hiphop
0.21523578,8.364618e-06,0.009426517,0.017631218,hiphop
0.12192248,0.000438163,0.012310798,0.014796104,hiphop
0.10016214,0.00015829466,0.0071597667,0.012198587,hiphop
0.067140155,0.00035190335,0.009593391,0.009280055,hiphop
0.20099193,0.00021077966,0.017853068,0.025749763,hiphop
0.11301174,0.00016769397,0.01086043,0.012710473,hiphop
0.3456575,0.00011466659,0.07212068,0.072223194,hiphop
0.43640307,0.00020685728,0.04145576,0.063027374,hiphop
0.31706977,0.0005608424,0.040366348,0.048481073,hiphop
0.41787073,0.00037703503,0.055371683,0.064442724,hiphop
0.2800211,0.009169879,0.092823975,0.049019385,hiphop
0.40789688,0.0014734854,0.066755846,0.06581228,hiphop
0.3946295,0.00017828072,0.026485706,0.04712913,hiphop
0.41882208,0.00048511315,0.05390101,0.05817992,hiphop
0.3832241,0.010407973,0.08496539,0.055135813,hiphop
0.42140186,8.661417e-05,0.048242547,0.06999422,hiphop
1.0000007,1.0470482e-05,0.06918775,0.1258711,hiphop
1.0000007,7.0578164e-05,0.11687488,0.124344766,hiphop
1.0000007,0.0003595783,0.11361458,0.2778735,hiphop
1.0000007,4.6151832e-05,0.041063774,0.077154554,hiphop
1.0000007,2.1276734e-05,0.022099614,0.05864587,hiphop
1.0000007,0.00014616479,0.05104071,0.07436894,hiphop
1.0000007,0.00035718942,0.03763582,0.05765834,hiphop
1.0000007,2.3349363e-05,0.017051738,0.043304343,hiphop
1.0000007,2.1372689e-05,0.034313023,0.06364715,hiphop
1.0000007,4.6151832e-05,0.041063774,0.077154554,hiphop
0.3694569,7.9424775e-05,0.04015955,0.06443392,hiphop
0.4479813,0.00036424267,0.054328527,0.07683519,hiphop
0.23358788,3.640522e-05,0.02959614,0.038127095,hiphop
0.3176283,0.000516199,0.03941423,0.038599584,hiphop
0.14090176,3.924434e-05,0.009823584,0.021348042,hiphop
0.47486442,7.094725e-05,0.031996544,0.05454568,hiphop
0.23523709,0.00025164353,0.032330103,0.04118036,hiphop
0.36706582,6.9928086e-05,0.051804308,0.0662872,hiphop
0.41362885,0.0029187019,0.060397252,0.06307762,hiphop
0.30430353,8.029517e-05,0.014800637,0.031414893,hiphop
0.15634349,0.00010843572,0.019670403,0.021671623,hiphop
0.11426275,3.458774e-05,0.012663409,0.019361721,hiphop
0.38227394,0.00047635817,0.055548523,0.0703634,hiphop
0.15752791,0.000109403845,0.013829813,0.021798918,hiphop
0.1633822,2.8173574e-05,0.007847614,0.014497806,hiphop
0.29872504,9.641704e-05,0.011340303,0.021546451,hiphop
0.42656088,5.1358115e-06,0.047989212,0.07856695,hiphop
0.4225539,2.936893e-05,0.05284236,0.07704631,hiphop
0.28097132,0.00055735715,0.027116448,0.041429013,hiphop
0.42615932,7.0206734e-05,0.03975725,0.07244042,hiphop
0.25666115,2.821068e-05,0.02858176,0.04075538,hiphop
0.4698798,0.00041731834,0.072171405,0.09468752,hiphop
0.28937408,0.00019077765,0.038890153,0.04655859,hiphop
0.43381152,0.00034698853,0.046492044,0.05301141,hiphop
0.30091706,9.0631926e-05,0.025739478,0.045830127,hiphop
0.42646706,6.4629756e-05,0.04151023,0.066393934,hiphop
0.24538845,7.2006114e-05,0.013263487,0.027745469,hiphop
0.3899302,0.00020267778,0.031165462,0.054463465,hiphop
0.2560914,0.00021980332,0.043606754,0.044373102,hiphop
0.48495865,7.410655e-05,0.0765766,0.10407682,hiphop
0.4518343,6.6461535e-06,0.04379776,0.080705896,hiphop
0.41526964,0.00042345695,0.06893674,0.07801232,hiphop
0.4518343,6.6461535e-06,0.04379776,0.080705896,hiphop
0.42955533,0.0002478224,0.084981225,0.093006946,hiphop
0.4972199,0.00054715405,0.07906356,0.07652431,hiphop
0.02710369,1.0115228e-05,0.0033430965,0.004611216,hiphop
0.084247224,0.00030840712,0.013041078,0.014681699,hiphop
0.08737009,0.00024435655,0.011665896,0.012224,hiphop
0.10245337,1.2854779e-05,0.008690237,0.012582405,hiphop
0.10880589,0.0005389626,0.014320741,0.014828047,hiphop
0.08888683,4.3605673e-05,0.006666732,0.009993686,hiphop
0.09657375,7.80026e-05,0.015280469,0.020532096,hiphop
0.11706328,0.0003117378,0.016200544,0.0129720215,hiphop
0.08659477,0.00046577657,0.016490804,0.018490972,hiphop
0.07818654,0.0004916592,0.011506832,0.010588363,hiphop
0.097743556,0.00012768664,0.013525736,0.011570049,hiphop
0.048101474,0.00012050232,0.007285436,0.0074155033,hiphop
0.097451456,0.00016463107,0.020459246,0.01832442,hiphop
0.057929486,2.0611582e-05,0.003651255,0.004406899,hiphop
0.09462241,0.0004474801,0.01801449,0.013904025,hiphop
0.03191625,0.00019434466,0.004340848,0.0046872715,hiphop
0.07158089,0.00054981164,0.012231582,0.011454104,hiphop
0.10668498,0.00014066817,0.0096553955,0.010994059,hiphop
0.098600715,5.3280528e-05,0.0083483085,0.014727274,hiphop
0.17181231,9.526969e-05,0.011639238,0.024864499,jazz
0.054212607,5.6122703e-05,0.003556251,0.0068772794,jazz
0.0023751173,4.2905194e-06,0.000108138,0.00018474268,jazz
0.0064842463,3.22158e-06,0.0003736253,0.0006651001,jazz
0.046074133,1.1005828e-05,0.0002717389,0.0017034247,jazz
0.015046955,3.1141786e-07,0.00076638395,0.0014577565,jazz
0.017781563,2.3485388e-06,0.0005368376,0.0011566987,jazz
0.00907842,6.8881745e-06,0.00018824945,0.0004829856,jazz
0.06509885,1.3668495e-06,0.00086457655,0.00247598,jazz
0.0056175017,7.3387982e-06,0.00015503092,0.00033047626,jazz
0.0024999701,7.425903e-07,0.000116377276,0.0002328919,jazz
0.064033225,0.00015460353,0.0033880298,0.004473309,jazz
0.031513117,0.0001811109,0.0027928264,0.0028666959,jazz
0.03775734,0.0003974579,0.0032610488,0.0029094238,jazz
0.013501634,7.683468e-06,0.00028755795,0.00070286205,jazz
0.032710478,0.00032331515,0.0033073558,0.0033901362,jazz
0.014816888,7.107435e-05,0.0008321808,0.0011282649,jazz
0.056164503,0.00019036401,0.006574382,0.008582862,jazz
0.027593015,0.00055001857,0.004832747,0.0035763634,jazz
0.016545434,4.708628e-05,0.0008444015,0.0011998615,jazz
0.019927371,3.5413945e-05,0.00089111266,0.0019004481,jazz
0.0627507,0.00037307042,0.018828394,0.0147495475,jazz
0.058903452,2.174854e-05,0.0012515942,0.00326872,jazz
0.056823365,9.442027e-05,0.002676319,0.003669114,jazz
0.07519509,0.00012619219,0.006012423,0.008609033,jazz
0.028350867,8.50825e-05,0.0023616604,0.0031149047,jazz
0.11092511,1.4383985e-05,0.0024518997,0.009673309,jazz
0.02993323,7.8442696e-05,0.002672866,0.0027869672,jazz
0.0401113,8.0973216e-05,0.0032614009,0.0038094795,jazz
0.04947913,0.0004089631,0.0066876276,0.0061947554,jazz
0.040735647,5.292739e-05,0.0013563626,0.003030383,jazz
0.018272158,0.0001728442,0.0026889448,0.0020318574,jazz
0.05372482,4.3797987e-05,0.0040161586,0.007844166,jazz
0.0142892515,1.829007e-05,0.0005814532,0.001138094,jazz
0.013912878,8.1136175e-05,0.0010875119,0.0010749474,jazz
0.001994265,1.8696763e-05,9.242589e-05,9.711295e-05,jazz
0.008305198,0.000112621514,0.00084289716,0.0008261766,jazz
0.02541571,2.119492e-05,0.0010263193,0.0022091528,jazz
0.03157639,8.454804e-05,0.0014911774,0.0023699794,jazz
0.0131008625,1.6893853e-05,0.0004442298,0.0005802853,jazz
0.015001916,2.5207875e-05,0.0004975983,0.001213524,jazz
0.0057871547,5.32633e-05,0.00087926077,0.00068273756,jazz
0.004897218,5.1460942e-05,0.0004976675,0.00046892444,jazz
0.034359142,2.7724509e-05,0.001852025,0.0025872036,jazz
0.0063805957,1.1029675e-05,0.00031376284,0.00053302106,jazz
0.0033655106,2.800722e-05,0.00016429399,0.00016303256,jazz
0.0072684586,1.4002855e-05,0.00057710585,0.0007428439,jazz
0.104545556,0.0003608487,0.0066402727,0.010043039,jazz
0.049035404,0.00021434622,0.0032640852,0.0040189847,jazz
0.10753545,0.00020452001,0.0067215157,0.012329441,jazz
0.10953222,0.0010060063,0.023274234,0.017201507,jazz
0.041097835,4.7618683e-05,0.0014762725,0.002999836,jazz
0.16533475,0.00029103376,0.013946599,0.016329268,jazz
0.066238,0.00023076095,0.0039442484,0.0045603216,jazz
0.23203772,0.00025695912,0.019601213,0.029729774,jazz
0.0040704305,5.0843304e-05,0.00027011713,0.0002653238,jazz
0.26011232,0.0012248526,0.040929064,0.03215655,jazz
0.11001285,3.9183575e-05,0.002445694,0.004720691,jazz
0.029674787,0.00035074397,0.0031195278,0.0031408083,jazz
0.106484115,4.4911576e-05,0.004033042,0.008675778,jazz
0.11807701,7.590126e-05,0.00462872,0.010547463,jazz
0.15476258,0.0012125176,0.02752387,0.02462521,jazz
0.15429567,0.00035808774,0.006512314,0.011006289,jazz
0.15196641,0.004664394,0.033003673,0.023999043,jazz
0.0383198,0.0004420462,0.0057051256,0.004608269,jazz
0.024804203,4.8615366e-05,0.0012526824,0.0015099023,jazz
0.017795168,0.00015529696,0.0023712253,0.0018195857,jazz
0.06481892,8.240148e-05,0.001794793,0.00499491,jazz
0.021428706,0.0001950897,0.0015504585,0.001556638,jazz
0.13460973,0.0001372964,0.0086355135,0.011772442,jazz
0.029414492,4.284023e-05,0.001368345,0.0023631048,jazz
0.006944433,8.471702e-05,0.0005188224,0.00051144697,jazz
0.02280082,4.546823e-05,0.0018646907,0.0024091117,jazz
0.3327115,0.0023471992,0.042934366,0.046535227,jazz
0.29910123,0.0003689866,0.020788122,0.037666034,jazz
0.30212408,0.001214759,0.040990837,0.04801128,jazz
0.10072831,0.0003780825,0.0052002766,0.008248581,jazz
0.2557191,0.0009640096,0.030686192,0.032806434,jazz
0.35759628,0.00044922988,0.017970508,0.032694776,jazz
0.14228037,0.00094776833,0.021905005,0.019506784,jazz
0.24698502,0.004012191,0.05063178,0.032179397,jazz
0.33224246,0.0005410798,0.033194408,0.05207583,jazz
0.34937975,0.0007550985,0.107276164,0.07553992,jazz
0.27349696,0.0038800547,0.06245796,0.04622655,jazz
0.38181192,0.002459199,0.042746753,0.05042386,jazz
0.35326836,0.0017490188,0.044367805,0.045542885,jazz
0.42346036,0.0027771646,0.08194388,0.070114866,jazz
0.23088126,3.3721986e-05,0.008282858,0.01961669,jazz
0.44549185,0.0005858598,0.012805959,0.027303467,jazz
0.09457536,3.5487003e-05,0.0035789455,0.00718298,jazz
0.123718895,0.00043296863,0.009091315,0.012473431,jazz
0.117038466,0.00020452138,0.008867726,0.01252653,jazz
0.16127943,0.00017035089,0.0071399277,0.0127741685,jazz
0.18615083,0.00072440016,0.011964632,0.013751737,jazz
0.0540801,3.151294e-06,0.0008790301,0.0033343271,jazz
0.06368439,0.00012727597,0.0025744613,0.0039529856,jazz
0.073833935,1.0896754e-05,0.0028762068,0.0055175475,jazz
0.106793866,5.1093093e-06,0.0010749974,0.0041176206,jazz
0.06581396,4.2526503e-05,0.0034173147,0.0052464064,jazz
0.029487666,1.6360733e-05,0.0016638417,0.0030216146,jazz
0.3105482,0.002042054,0.06657506,0.056161795,metal
0.26727706,0.003602716,0.029123494,0.030670876,metal
0.05910874,0.0010513538,0.00931451,0.008401247,metal
0.068288624,0.0021891082,0.018796781,0.0121423,metal
0.31989774,0.0026917807,0.06981911,0.047971368,metal
0.06600294,0.00094488956,0.012271024,0.00987443,metal
0.28408882,0.0014074226,0.037831757,0.03380586,metal
0.35851267,0.0032497465,0.031678267,0.033792213,metal
0.3576372,0.0007553147,0.04414199,0.05315995,metal
0.034943752,0.0010085301,0.00860395,0.004432937,metal
0.08397257,0.0036015094,0.025554536,0.011934579,metal
0.06393509,0.003783926,0.018242499,0.0067311632,metal
0.13888364,0.0020743404,0.018476227,0.0089399265,metal
0.091484405,0.0028815854,0.028834311,0.012425153,metal
0.065560505,0.0010827229,0.015958706,0.010406027,metal
0.07719446,0.00298031,0.022043196,0.010339517,metal
0.25702086,0.0017902196,0.02598857,0.034000233,metal
0.09423052,0.0024817903,0.018547166,0.012442665,metal
0.032957096,8.99089e-05,0.0053596557,0.004735381,metal
0.08561068,0.00095453684,0.01990418,0.012786543,metal
0.067806065,0.0005552032,0.017736988,0.010888435,metal
0.10386831,0.0017011012,0.022054695,0.012393115,metal
0.08229342,0.0005556803,0.0062126643,0.0043553817,metal
0.27812093,0.00065094687,0.013097438,0.026077049,metal
0.17365824,0.0013166374,0.009840567,0.009122729,metal
0.0785082,0.00018700631,0.008840303,0.008953446,metal
0.045600243,0.0027813811,0.013300676,0.0068579866,metal
0.06476739,0.00071217323,0.013657484,0.0070819063,metal
0.09145291,0.0031437415,0.022864167,0.013357476,metal
0.10878296,0.00084921316,0.019583413,0.012751871,metal
0.045175135,8.481372e-05,0.002190926,0.0031549595,metal
0.16316167,0.0008713136,0.016388481,0.016167093,metal
0.0626515,0.00071845716,0.012469445,0.008781942,metal
0.24024908,3.2609885e-05,0.007653022,0.019186568,metal
0.13431267,0.0015564412,0.017748125,0.018682325,metal
0.07219331,8.307795e-05,0.018831449,0.0117764305,metal
0.089732245,0.0014962124,0.020423282,0.012684969,metal
0.064553246,0.0013136222,0.0101448605,0.007977135,metal
0.066721454,7.3250405e-05,0.010447356,0.012011129,metal
0.026517889,2.6504107e-05,0.004712748,0.0041489284,metal
0.13473989,0.0019432007,0.021901736,0.01654691,metal
0.04161515,0.00060094893,0.009831944,0.00815699,metal
0.08726156,0.0015495574,0.012678848,0.009569575,metal
0.10808878,0.0007704939,0.01887445,0.018380234,metal
0.07459227,0.0023087154,0.02004407,0.012826553,metal
0.08797133,0.00010297778,0.0110573135,0.013402971,metal
0.22604974,0.0020343484,0.021009007,0.01759702,metal
0.2976882,0.002884913,0.026389692,0.029772786,metal
0.2633855,0.0052851457,0.025768584,0.029465877,metal
0.26251563,0.0045565614,0.027534151,0.029777303,metal
0.28242522,0.0041344003,0.0330897,0.035822745,metal
0.3891906,0.0040438487,0.048454247,0.062126964,metal
0.2793128,0.00021595471,0.034351792,0.048825268,metal
0.24727754,0.0022519438,0.027219342,0.026383867,metal
0.37258777,0.0044167344,0.035212,0.044957552,metal
0.31490538,0.0056454176,0.03513613,0.043380853,metal
0.27546144,0.0042472123,0.03218679,0.036620554,metal
0.249416,0.00015337653,0.021026844,0.030374687,metal
0.07370873,0.0023283467,0.014378944,0.009246314,metal
0.084487624,0.0009949078,0.013152279,0.008877194,metal
0.036463656,0.0015212566,0.011163338,0.0065848697,metal
0.13473989,0.0019432007,0.021901736,0.01654691,metal
0.04161515,0.00060094893,0.009831944,0.00815699,metal
0.08726156,0.0015495574,0.012678848,0.009569575,metal
0.10808878,0.0007704939,0.01887445,0.018380234,metal
0.07459227,0.0023087154,0.02004407,0.012826553,metal
0.08797133,0.00010297778,0.0110573135,0.013402971,metal
0.087661944,0.00015851924,0.0090732705,0.008012678,metal
0.076696895,0.0007582257,0.011563765,0.009951938,metal
0.02415564,6.959566e-05,0.0025575012,0.0026231331,metal
0.1362532,0.00027715077,0.017421328,0.013463677,metal
0.097951956,0.0011667025,0.021094045,0.014100398,metal
0.053864684,0.0012766154,0.009822633,0.0067211594,metal
0.24756469,0.0005305381,0.021271514,0.027393756,metal
0.079751894,0.00029325584,0.014874386,0.011541154,metal
0.20516002,0.00015292285,0.011258866,0.021648126,metal
0.062161934,0.0004146675,0.01564106,0.010589994,metal
0.08455345,0.0026333334,0.016794764,0.010090463,metal
0.30790308,0.00060766796,0.031813115,0.047533933,metal
0.07629245,0.0010442826,0.013674925,0.009239769,metal
0.13672191,0.00050924683,0.01654831,0.012122995,metal
0.031670526,0.00059891684,0.008269736,0.0060093114,metal
0.08507759,0.000775101,0.012320823,0.007697772,metal
0.14384352,0.00021630658,0.010907642,0.0122201415,metal
0.32054523,0.0008385641,0.02587661,0.034939665,metal
0.118280694,0.0005517471,0.014752748,0.012132876,metal
0.07729288,0.0010043309,0.016733678,0.011785969,metal
0.29447642,0.004932381,0.049654078,0.049766384,metal
0.041208982,1.4346398e-05,0.0049778363,0.006087855,metal
0.018276542,3.453811e-05,0.0012920857,0.002078044,metal
0.020782072,7.5805096e-05,0.004815759,0.0032799402,metal
0.038093608,0.00031778435,0.0070100273,0.0042972215,metal
0.056059215,0.0004438286,0.006391162,0.0067769065,metal
0.113856204,0.002313587,0.014123689,0.008989019,metal
0.13431267,0.0015564412,0.017748125,0.018682325,metal
0.19898388,0.00046742844,0.015466718,0.018782945,metal
0.1966646,2.2556225e-05,0.014305877,0.017559923,metal
0.19062586,7.060279e-05,0.007030795,0.011697578,metal
0.19169433,5.846331e-06,0.011363811,0.015619284,metal
0.22777885,0.00016353175,0.012129832,0.016957112,metal
0.34191555,8.011074e-05,0.045811903,0.057551008,pop
0.32517898,0.000101368765,0.05439254,0.057097882,pop
0.39718154,0.0004083679,0.06388492,0.07140441,pop
0.18329288,4.6423287e-05,0.009726434,0.01902699,pop
0.30190286,0.0006673235,0.046641402,0.046078086,pop
0.18957298,8.3849955e-05,0.025018077,0.025724655,pop
0.23088224,0.00042875874,0.017820925,0.025872104,pop
0.31639668,2.3283183e-05,0.00946132,0.025049312,pop
0.23902795,0.00023411085,0.0377013,0.038974714,pop
0.4099049,0.0019713906,0.09042316,0.06504144,pop
0.304739,3.2189386e-05,0.016671818,0.032295965,pop
0.21175098,0.00023728982,0.011647805,0.02480574,pop
0.39062154,0.0011512606,0.044304527,0.05355348,pop
0.2494749,0.00015590686,0.012470124,0.029240385,pop
0.23122412,0.00079836394,0.021864645,0.025567306,pop
0.32752782,0.0010300681,0.07244465,0.06729504,pop
0.42077088,0.00060458825,0.09182267,0.097506635,pop
0.2677675,0.0060719238,0.050119996,0.03804914,pop
0.29619503,0.00070788374,0.05643482,0.048565444,pop
0.39572975,0.00068898284,0.072237566,0.07093531,pop
0.44242007,0.002650916,0.11739656,0.08971118,pop
0.50159365,0.00093936943,0.1337983,0.1040216,pop
0.3836426,0.0011518355,0.072535425,0.06798283,pop
0.43063942,0.00022381489,0.09770964,0.093908094,pop
0.4383789,0.00022907622,0.06824362,0.06693511,pop
0.33667564,0.00017914195,0.0336767,0.047444195,pop
0.21705107,0.00042516692,0.030359877,0.040573467,pop
0.31812558,0.00032232908,0.047317527,0.052373286,pop
0.34157997,0.0012194203,0.05920937,0.058596358,pop
0.3022455,0.00084206945,0.04874798,0.056528013,pop
0.4373716,0.0015402641,0.07502886,0.06925467,pop
0.45020792,0.0016965437,0.07850604,0.07044606,pop
0.44999626,0.00048971985,0.12581538,0.10689538,pop
0.24988817,0.001046739,0.061366115,0.045094434,pop
0.3881252,0.00038002522,0.053775623,0.058859073,pop
0.482515,0.0008027456,0.09602811,0.0773814,pop
0.3084117,8.8162255e-05,0.04126531,0.051938433,pop
0.4264748,0.0039827814,0.09021322,0.06812455,pop
0.43540385,0.0008580799,0.08837959,0.08001089,pop
0.40895408,0.0003578552,0.068290755,0.07096675,pop
0.07726409,0.00019505502,0.011287737,0.012178615,pop
0.20234513,0.00017636463,0.009269531,0.018537696,pop
0.38893902,0.001071874,0.059814915,0.06946559,pop
0.32923195,0.00011994844,0.037685364,0.046546854,pop
0.38845664,0.00087686384,0.060971253,0.06600827,pop
0.44373953,9.839835e-06,0.046255752,0.06362381,pop
0.40296176,1.4429243e-05,0.044316936,0.059787486,pop
0.34767103,0.0008617827,0.056945488,0.0656687,pop
0.36288708,0.0026573734,0.09753903,0.07469634,pop
0.30551726,2.6731226e-05,0.011481999,0.027067257,pop
0.3692966,0.00035096443,0.043105382,0.057111926,pop
0.41928715,0.0025692377,0.11396252,0.087702125,pop
0.48644885,0.00013100976,0.07508089,0.092649855,pop
0.43770733,0.00020289993,0.02473473,0.05702836,pop
0.5785925,0.0002904483,0.06357305,0.08762637,pop
0.48933432,0.0010511912,0.08923025,0.10187767,pop
0.42883968,1.0720809e-05,0.060769066,0.08159229,pop
0.455414,0.00011723658,0.0751332,0.09253056,pop
0.45515224,0.00016018943,0.060957935,0.09193562,pop
0.4600872,1.2188534e-05,0.06671434,0.08658489,pop
0.5785925,0.0002904483,0.06357305,0.08762637,pop
0.44095337,0.00015194676,0.04559211,0.066992134,pop
0.12392825,0.0012353521,0.016099263,0.017193355,pop
0.21023405,0.00024048073,0.011084451,0.015186128,pop
0.348247,0.0010168664,0.06888793,0.059729774,pop
0.33687392,4.435188e-05,0.034119833,0.04491935,pop
0.32488656,0.00047000128,0.031416565,0.04414541,pop
0.4820978,0.0018634707,0.11164489,0.1069189,pop
0.40809792,0.0004358752,0.07289943,0.071800835,pop
0.25342095,0.0010175479,0.040176585,0.03982222,pop
0.40287918,1.5662024e-06,0.07801129,0.08519423,pop
0.4820978,0.0018634707,0.11164489,0.1069189,pop
0.40711,0.00046462612,0.06436434,0.05592569,pop
0.4463019,0.0005774533,0.08882422,0.082025714,pop
0.44503236,0.0007631282,0.039284468,0.050943643,pop
0.4088415,0.0030861672,0.0693801,0.072170824,pop
0.39697286,0.00011321907,0.06056479,0.05678544,pop
0.49111998,0.0009529218,0.11896711,0.10331367,pop
0.4371025,0.00015922035,0.07665473,0.087181285,pop
0.2648179,0.00033228632,0.015080411,0.030105405,pop
0.34511635,0.0010024325,0.057023052,0.06558666,pop
0.23060955,0.00030042406,0.026562488,0.033544715,pop
0.36529663,0.0009751466,0.044055134,0.04759275,pop
0.19776616,0.0009773732,0.022949934,0.02560393,pop
0.3890529,9.1845155e-05,0.05816165,0.08003815,pop
0.3983937,1.193778e-05,0.05369799,0.079136804,pop
0.44425443,0.010668943,0.10669565,0.0868701,pop
0.40042025,0.0013554503,0.06821086,0.06413727,pop
0.5564134,0.00033915322,0.094958,0.103940375,pop
0.4705631,8.486259e-05,0.08536103,0.0909346,pop
0.40966812,0.0014403126,0.06886831,0.064161085,pop
0.4704286,0.0012780515,0.098876305,0.082131095,pop
0.48881993,0.0002914518,0.07878929,0.07280497,pop
0.38308713,0.003151462,0.06195079,0.05483797,pop
0.40260565,0.00051880005,0.046319,0.059480783,pop
0.28410888,6.946845e-05,0.03712655,0.04482947,pop
0.33533254,0.00020436352,0.03799283,0.05213171,pop
0.41722605,2.7594197e-05,0.06364604,0.090366006,pop
0.43661675,0.0008104094,0.099317335,0.08958752,pop
0.34460714,0.00020753659,0.030059597,0.04953545,pop
0.06695002,0.00024926223,0.005494241,0.0063388124,reggae
0.08400031,2.475422e-05,0.0043711127,0.007945709,reggae
0.066757455,7.1486566e-06,0.005661514,0.008854297,reggae
0.13551809,2.1259428e-05,0.0060143266,0.013438943,reggae
0.08586769,8.881395e-06,0.0065822573,0.009875819,reggae
0.09875706,6.183829e-06,0.005196885,0.0098664,reggae
0.07023804,2.563736e-06,0.0029689549,0.0069000633,reggae
0.08492705,7.1734244e-06,0.0049568806,0.009409879,reggae
0.07626597,6.0859165e-06,0.004134099,0.008083433,reggae
0.0943606,4.47288e-06,0.0053686765,0.013868941,reggae
0.042999133,5.947603e-05,0.003604043,0.006418631,reggae
0.08403148,0.00013143833,0.0051678894,0.007462727,reggae
0.13547105,3.428662e-05,0.0129010305,0.0209989,reggae
0.08092373,9.288667e-06,0.002718695,0.0066957604,reggae
0.09942167,5.6960143e-06,0.0055346936,0.012230708,reggae
0.052645653,2.0359503e-05,0.003972599,0.005199197,reggae
0.035721995,2.8083432e-05,0.0064651943,0.0056496994,reggae
0.08100535,1.3091041e-05,0.005077228,0.010166064,reggae
0.108829714,1.0044613e-05,0.0073690796,0.011375645,reggae
0.08228788,2.3408434e-06,0.004468935,0.009045624,reggae
0.061711717,7.733513e-06,0.003117526,0.0059599075,reggae
0.078770235,0.00024709618,0.007429399,0.009118899,reggae
0.066956975,0.00012734874,0.0049812454,0.006374356,reggae
0.105151065,5.7202615e-05,0.012579643,0.016702598,reggae
0.06919053,5.3087033e-06,0.0043062195,0.008163771,reggae
0.09318267,4.8122006e-06,0.0042406847,0.009373884,reggae
0.053435657,4.0178275e-06,0.0045719175,0.007360384,reggae
0.10292689,9.337747e-06,0.008043695,0.014862109,reggae
0.13423605,3.5480093e-06,0.007131307,0.016586479,reggae
0.049933393,1.6925263e-05,0.003222078,0.005131584,reggae
0.1410473,1.1262797e-05,0.0073887366,0.014510327,reggae
0.06721795,7.042276e-06,0.0042462586,0.0073102564,reggae
0.060918886,9.7106185e-06,0.0038176994,0.006889605,reggae
0.14883843,1.6283157e-05,0.0050788415,0.0129406685,reggae
0.119733654,7.496009e-06,0.0029890793,0.007268212,reggae
0.13734287,2.4760893e-05,0.0070197857,0.013831405,reggae
0.11866575,2.4851584e-05,0.005272281,0.011143925,reggae
0.117511526,7.208589e-06,0.006030756,0.012202802,reggae
0.109078765,3.4264003e-06,0.0045086374,0.009073279,reggae
0.03474097,3.7257043e-06,0.0017658157,0.0038086188,reggae
0.1356676,4.386681e-05,0.006617459,0.013242074,reggae
0.14391066,4.9415044e-05,0.0087876385,0.014245384,reggae
0.32589725,0.00035312344,0.033881765,0.052122973,reggae
0.03995144,0.00015968789,0.0033888323,0.003978924,reggae
0.4617944,0.00032827,0.03882484,0.060944453,reggae
0.47396457,0.00041824082,0.12419759,0.099996224,reggae
0.2308846,7.579771e-05,0.023752563,0.03617088,reggae
0.35536468,0.00030937043,0.026823618,0.039536953,reggae
0.3780538,7.994899e-05,0.030755104,0.040697712,reggae
0.2299957,8.6338114e-05,0.021249969,0.025325663,reggae
0.5087286,6.506264e-05,0.09033988,0.12448704,reggae
0.49167588,4.0183964e-05,0.13181736,0.11744623,reggae
0.34922647,0.00047059878,0.06095507,0.07093147,reggae
0.32922828,2.3243078e-05,0.026613498,0.05600996,reggae
0.46109095,7.5478354e-05,0.03502111,0.071195096,reggae
0.25291887,5.0020793e-05,0.03361886,0.039774865,reggae
0.39476478,2.5199382e-05,0.027803108,0.053459164,reggae
0.31257397,6.7954634e-06,0.024308335,0.044734195,reggae
0.38984448,0.00020120585,0.032694153,0.047697324,reggae
0.46049008,0.000118516524,0.050244264,0.071431644,reggae
0.21336338,0.00035744184,0.017106896,0.031221343,reggae
0.3691391,0.00041986347,0.04913709,0.05778088,reggae
0.44953412,9.524862e-06,0.02654869,0.056642033,reggae
0.37076405,2.10175e-05,0.016122857,0.037200537,reggae
0.42190924,0.00015812686,0.032992873,0.051439412,reggae
0.31199747,8.046686e-06,0.025788575,0.04641413,reggae
0.20600358,0.00014555457,0.008884493,0.018283408,reggae
0.14762045,8.073988e-05,0.009821707,0.01402392,reggae
0.30342,3.798128e-05,0.020017391,0.042713206,reggae
0.21684362,0.00013489177,0.020456176,0.027917631,reggae
0.21059369,3.4558423e-05,0.015301114,0.02024027,reggae
0.3974762,2.0900376e-05,0.050507825,0.07168642,reggae
0.38180634,3.312665e-05,0.06553683,0.07252621,reggae
0.10571696,0.0005009466,0.012265647,0.016713142,reggae
0.10550868,0.00050797156,0.012228666,0.016669832,reggae
0.37528953,0.0011829651,0.030934576,0.039811324,reggae
0.36136103,1.9030482e-05,0.0373739,0.060032904,reggae
0.12725782,0.00025157034,0.009672846,0.012331515,reggae
0.38256893,4.620196e-05,0.022707611,0.03738258,reggae
0.2674547,0.00014805101,0.05702327,0.060453277,reggae
0.47069633,0.00012769757,0.043703057,0.07236174,reggae
0.48465502,0.000116935465,0.044300806,0.07464432,reggae
0.48465502,0.000116935465,0.044300806,0.07464432,reggae
0.12766564,2.7600767e-05,0.0027342513,0.009268082,reggae
0.16954151,0.00010867226,0.010585782,0.01686861,reggae
0.08637879,3.758638e-05,0.0043620267,0.0068504703,reggae
0.5698533,0.00017132433,0.41792133,0.23478585,reggae
0.44496003,2.672673e-06,0.059855286,0.08496525,reggae
0.40588486,0.004398853,0.103522144,0.07710278,reggae
0.037628405,8.624569e-06,0.0019430307,0.0038094171,reggae
0.4182123,0.00019144898,0.04643198,0.066408634,reggae
0.28301448,0.00095054274,0.02256862,0.027726557,reggae
0.18676534,0.0006496432,0.015149722,0.018856702,reggae
0.28370392,0.0001088061,0.017230941,0.026366387,reggae
0.29100484,0.00035638938,0.020588886,0.038989063,reggae
0.30893332,0.0020372844,0.033229597,0.032306604,reggae
0.12030736,1.7573524e-06,0.0033558942,0.0070400685,reggae
0.20737198,0.00023058757,0.011323423,0.020379549,reggae
0.19642411,4.2006854e-05,0.017831378,0.025780443,reggae
0.12625822,3.17502e-05,0.021244861,0.029674314,reggae
0.04561393,0.00016882339,0.0061413296,0.0066732033,rock
0.20784919,1.961005e-05,0.0029201137,0.008356567,rock
0.16550404,0.00011094792,0.0070066894,0.01062385,rock
0.095935546,2.6652042e-05,0.0031636613,0.00672636,rock
0.03803624,2.9820894e-05,0.0018664119,0.0041155694,rock
0.104699,5.7922312e-05,0.002414798,0.006342807,rock
0.028239464,4.587227e-05,0.0021689725,0.0030998783,rock
0.11111792,5.8593254e-05,0.0019034967,0.0062653692,rock
0.12246212,0.00033969968,0.004042715,0.004954579,rock
0.19584292,1.143995e-05,0.0023455652,0.00981898,rock
0.04355631,0.00010942109,0.0044630216,0.0050969,rock
0.04783277,1.6585238e-05,0.0023420216,0.003904912,rock
0.088609315,1.20011255e-05,0.0056486255,0.009122894,rock
0.06508751,4.56298e-06,0.0027620853,0.00584918,rock
0.1104013,4.8050315e-06,0.0068110144,0.011120156,rock
0.08440628,9.8176215e-06,0.011216343,0.014333528,rock
0.07370873,0.0023283467,0.014378944,0.009246314,rock
0.06797246,0.0008684414,0.010027339,0.009504014,rock
0.10644473,0.00070376816,0.011278968,0.012679732,rock
0.048827633,0.00063715305,0.011374853,0.00826028,rock
0.24548657,0.0007651192,0.010476573,0.016289512,rock
0.07014867,0.000907238,0.007645868,0.008261114,rock
0.24358548,0.0009477311,0.012235685,0.0154673755,rock
0.053904183,0.00036158998,0.007615491,0.0076564155,rock
0.0489675,0.0010232311,0.008175532,0.0054222657,rock
0.076565795,0.001941955,0.012434735,0.00988992,rock
0.082615025,0.0010162157,0.009447448,0.008543174,rock
0.26049498,0.0008563274,0.04023935,0.03780457,rock
0.15613966,0.00019475757,0.017838577,0.024923757,rock
0.26942587,0.0009949658,0.036804035,0.037302673,rock
0.31429404,0.0010088632,0.03820966,0.041688405,rock
0.5034206,0.0010732074,0.046952322,0.05753397,rock
0.27403176,0.0011338168,0.027206633,0.027914355,rock
0.095431186,0.00024092477,0.009537732,0.012668499,rock
0.19095232,0.0051970365,0.043095004,0.032795306,rock
0.13470033,0.00027298243,0.014874322,0.019268764,rock
0.4003641,0.0014112174,0.056148376,0.045626648,rock
0.36777952,0.00296419,0.048821144,0.048979934,rock
0.21105681,0.000761677,0.04881451,0.034773424,rock
0.2688745,0.0034625707,0.038456943,0.030888543,rock
0.3924846,0.0031769902,0.061027832,0.05920107,rock
0.36097956,0.0059025795,0.05274251,0.044640727,rock
0.4177298,0.0023378744,0.06588427,0.06457197,rock
0.43172947,0.001509313,0.057601053,0.058424685,rock
0.057974353,0.000116944524,0.007312937,0.007874516,rock
0.012204124,0.00010628834,0.0018446161,0.0013178703,rock
0.25292504,0.001248853,0.034248624,0.035805445,rock
0.344615,0.0029401188,0.06241967,0.052749056,rock
0.041576758,0.00021587963,0.0056580496,0.004854261,rock
0.25146428,0.00017464426,0.032380886,0.04679859,rock
0.23122682,1.8630219e-05,0.012275062,0.021508947,rock
0.4223876,0.0016644119,0.06321082,0.070696585,rock
0.4082467,5.443389e-06,0.03337216,0.06671283,rock
0.40520218,0.014097835,0.117473215,0.08583109,rock
0.38553068,0.00012308422,0.03917555,0.061130274,rock
0.24717489,0.0004448261,0.0147768585,0.02611884,rock
0.40203795,0.0035793488,0.11315316,0.07848792,rock
0.3418557,0.004954508,0.08653525,0.060530268,rock
0.25461006,0.00044209836,0.024311455,0.036360916,rock
0.22395426,0.0002622037,0.0210557,0.02884496,rock
0.321862,0.002739882,0.05480707,0.0516937,rock
0.16784249,0.00016819742,0.015471224,0.025588099,rock
0.43621895,0.00094766123,0.03104328,0.05366131,rock
0.26462156,5.9990425e-06,0.010124923,0.027179925,rock
0.054217715,0.0006176297,0.006941667,0.0069876574,rock
0.034862548,0.00045100707,0.006956669,0.00525197,rock
0.08362841,0.00012126588,0.00746675,0.009240474,rock
0.106037274,0.00026086366,0.010054654,0.010731069,rock
0.056435175,0.0003348314,0.009931662,0.008068859,rock
0.07495832,0.00034948782,0.009978161,0.0119621465,rock
0.05174546,7.057181e-05,0.006722773,0.0076037124,rock
0.050539523,0.0002753231,0.0070368033,0.0063946955,rock
0.063157976,0.00024878618,0.0060700756,0.008190435,rock
0.07099084,0.0007683611,0.009687433,0.009691191,rock
0.059059255,0.0007190138,0.006660344,0.00689876,rock
0.075610794,0.00012589767,0.009288458,0.009730862,rock
0.0497284,9.427608e-05,0.0031350655,0.005541181,rock
0.06894317,0.00033432018,0.008978427,0.008673263,rock
0.06420663,8.540733e-05,0.004372578,0.0073662763,rock
0.050903942,0.00033045872,0.008464632,0.0078079095,rock
0.07563034,0.0014102329,0.0130387265,0.010594184,rock
0.11632069,0.00029320605,0.013277724,0.015272334,rock
0.09982097,0.0009145705,0.021065837,0.014869232,rock
0.04034687,0.00035709442,0.006530496,0.0048688455,rock
0.12867615,0.0007872116,0.014393777,0.014525281,rock
0.09593354,0.00015921608,0.006205679,0.010377125,rock
0.1331329,0.00013070779,0.015126441,0.0196283,rock
0.18765134,0.0012156841,0.0095095355,0.010228797,rock
0.10639767,0.00043421309,0.01611609,0.01670671,rock
0.0632898,6.4660766e-05,0.0031758195,0.006863822,rock
0.05392974,0.00032713736,0.0062317797,0.0060158153,rock
0.06563392,0.000694524,0.014297642,0.012188823,rock
0.07272321,0.0022125407,0.014634995,0.009665381,rock
0.043267015,0.00033622325,0.00479514,0.005172289,rock
0.07575777,0.0019696334,0.012722485,0.008440482,rock
0.05925467,0.00014713472,0.0065578693,0.0077701644,rock
0.041317362,0.00017733687,0.0064552976,0.005755427,rock
0.06915518,0.0002341216,0.0075128637,0.009234955,rock
0.03806219,4.138176e-05,0.0017148957,0.0028993413,rock
0.028920854,1.4431808e-05,0.0025918775,0.003829438,rock
