flux_max,flux_min,flux_mean,flux_std,genre
10.981944,0.0,1.3923483,1.4819182,blues
17.791128,0.0,1.4457797,2.0035162,blues
14.719387,0.0,1.6393421,1.950413,blues
14.619913,0.0,1.2485352,1.7503386,blues
12.954987,0.0,1.6463543,1.964184,blues
15.215706,0.0,1.518878,2.252575,blues
16.464622,0.0,1.6391699,2.3836448,blues
14.933286,0.0,1.5441257,1.943684,blues
9.737999,0.0,1.4520382,1.5701604,blues
10.543845,0.0,1.2488515,1.1855046,blues
25.721796,0.0,1.8907701,3.2418017,blues
13.903318,0.0,1.4503832,1.881342,blues
14.593171,0.0,1.5192202,1.9145677,blues
8.609831,0.0,1.3769192,1.4276712,blues
10.899676,0.0,1.3879123,1.4333823,blues
9.138925,0.0,1.4600526,1.4099792,blues
12.5332,0.0,1.4060416,1.330973,blues
11.600145,0.0,1.5879235,1.7393849,blues
8.342714,0.0,1.2213365,1.2161913,blues
11.243209,0.0,1.5633832,1.715462,blues
10.567723,0.0,1.3927286,1.3979126,blues
9.679326,0.0,1.4752905,1.646078,blues
11.2145195,0.0,1.5298611,1.7900813,blues
9.399484,0.0,1.4324831,1.5029356,blues
11.745819,0.0,1.6101758,1.7331858,blues
10.319412,0.0,1.4705613,1.6874781,blues
16.735926,0.0,1.4346746,1.8854318,blues
9.123614,0.0,1.3228462,1.1941018,blues
12.061539,0.0,1.5144081,1.6027536,blues
16.244598,0.0,1.5408299,1.6165099,blues
9.632882,0.0,1.3661249,1.1930101,blues
10.989115,0.0,1.3479307,1.3122354,blues
11.562636,0.0,1.1745156,1.4736704,blues
9.009939,0.0,1.374117,1.3604143,blues
13.964139,0.0,1.5094657,1.5956122,blues
8.533005,0.0,1.3036361,1.266133,blues
9.224252,0.0,1.4616082,1.3699034,blues
22.24942,0.0,1.486868,2.3297088,blues
11.671629,0.0,1.3940227,1.4688294,blues
13.768804,0.0,1.177532,1.5561242,blues
7.8767815,0.0,1.4296681,1.411551,blues
7.346329,0.0,1.2484454,1.0669336,blues
10.230261,0.0,1.2092315,1.2495208,blues
8.650656,0.0,1.3089197,1.2869891,blues
7.920386,0.0,1.3241507,1.1923358,blues
5.6224875,0.0,1.2800529,1.0559138,blues
12.358534,0.0,1.2496381,1.6443081,blues
9.943086,0.0,1.0733408,1.0487562,blues
7.7595706,0.0,1.2431817,1.0902025,blues
19.460062,0.0,1.1155993,1.5876551,blues
11.824595,0.0,1.3924007,1.4838059,blues
7.5469255,0.0,1.3068802,1.1338639,blues
24.17374,0.0,1.3648511,2.2953582,blues
14.749587,0.0,1.4454232,1.6233916,blues
7.4040937,0.0,1.4019332,1.2073469,blues
9.07575,0.0,1.3883146,1.3962005,blues
17.729208,0.0,1.2090086,1.751516,blues
16.87744,0.0,1.5027691,1.8384684,blues
13.298038,0.0,1.4016151,1.6668276,blues
11.699936,0.0,1.4253905,1.7411997,blues
7.1878643,0.0,1.3481166,1.1851742,blues
9.159065,0.0,1.336787,1.0896878,blues
11.026493,0.0,1.4604185,1.5236573,blues
9.177367,0.0,1.3271736,1.2479784,blues
7.139411,0.0,1.2703137,1.0546173,blues
7.3527265,0.0,1.3104562,1.0635394,blues
9.093451,0.0,1.5086118,1.4397149,blues
5.6398783,0.0,1.3784529,0.9846442,blues
7.7095623,0.0,1.3600086,1.2756306,blues
6.558189,0.0,1.266088,0.93667704,blues
10.477312,0.0,1.6756498,1.7488272,blues
6.4679976,0.0,1.2382052,0.8797312,blues
9.590811,0.0,1.0663245,1.0154703,blues
7.1464643,0.0,1.2677407,1.092556,blues
17.346634,0.0,1.419108,1.4858363,blues
24.23558,0.0,1.7875369,2.6780696,blues
8.052459,0.0,1.2887467,1.1952462,blues
10.035057,0.0,1.5248443,1.619519,blues
6.146051,0.0,1.4806217,1.2156712,blues
6.3337026,0.0,1.29141,1.1505986,blues
11.555594,0.0,1.4849778,1.7587813,blues
17.792337,0.0,1.3109783,1.1593997,blues
13.039564,0.0,1.4553994,1.2717289,blues
7.1844664,0.0,1.4689578,1.3254702,blues
15.326978,0.0,1.4643718,1.829648,blues
10.88818,0.0,1.4295541,1.288825,blues
17.92386,0.0,1.613113,2.3739402,blues
15.125031,0.0,1.436503,1.6291834,blues
10.63589,0.0,1.5155618,1.5684844,blues
19.10078,0.0,1.0905155,1.5259981,blues
14.850361,0.0,1.520675,1.8260767,blues
22.074821,0.0,1.5431571,2.485652,blues
9.720446,0.0,1.1765021,1.500557,blues
18.117476,0.0,0.81341743,1.3586625,blues
12.74951,0.0,1.2398009,1.3259164,blues
10.862326,0.0,1.3573153,1.1884902,blues
12.231086,0.0,1.1097538,1.1997166,blues
9.888046,0.0,1.6136866,1.6355138,blues
11.457373,0.0,1.3286052,1.5304291,blues
12.411774,0.0,1.1247537,1.2293699,blues
5.739889,0.0,1.0789278,0.72818726,classical
4.2055645,0.0,0.91294545,0.4835758,classical
5.661504,0.0,1.1293687,0.7859948,classical
4.6496143,0.0,0.8855959,0.4973465,classical
3.6697464,0.0,1.0717067,0.5311244,classical
7.9044995,0.0,1.0622927,0.7782074,classical
3.3954582,0.0,0.87004936,0.3779177,classical
7.5095506,0.0,1.004335,0.7652062,classical
5.060723,0.0,1.0303148,0.6022545,classical
4.722806,0.0,0.80324286,0.33830392,classical
5.915265,0.0,1.0817971,0.82962763,classical
4.5291634,0.0,0.8558567,0.43650234,classical
3.0030274,0.0,0.89892143,0.37669882,classical
8.406471,0.0,1.0487318,0.8626073,classical
7.563013,0.0,1.0380945,0.73124105,classical
2.8396564,0.0,0.91258574,0.27198198,classical
4.6412416,0.0,0.9914052,0.6386415,classical
9.330853,0.0,1.1059648,0.7759302,classical
4.5176487,0.0,0.803881,0.37517643,classical
4.177877,0.0,0.92490727,0.3962524,classical
6.0383754,0.0,1.1060334,0.90512806,classical
6.976985,0.0,1.1045601,0.78118587,classical
4.660896,0.0,1.0268126,0.6192103,classical
4.2699866,0.0,0.8724198,0.30381858,classical
5.761427,0.0,1.1131068,0.96005636,classical
5.0204644,0.0,1.138559,0.7820818,classical
9.372704,0.0,1.0165795,0.7854998,classical
2.629442,0.0,0.8675618,0.2759014,classical
5.155473,0.0,0.99959314,0.63164794,classical
8.001485,0.0,1.0570076,0.63018537,classical
3.1239145,0.0,1.0781248,0.4592578,classical
14.699449,0.0,1.2984767,1.4873456,classical
2.2603195,0.0,0.8578271,0.2793919,classical
3.9732373,0.0,0.7707877,0.40788242,classical
2.938537,0.0,1.0185299,0.36293915,classical
10.524764,0.0,1.2028524,1.2697821,classical
5.878376,0.0,1.0048974,0.4056344,classical
5.704636,0.0,1.084215,0.65188956,classical
19.109877,0.0,0.9211836,0.8496293,classical
10.416682,0.0,1.04962,0.62712955,classical
10.854246,0.0,0.92808795,0.49553344,classical
7.57877,0.0,0.81132996,0.45400023,classical
6.9682655,0.0,1.0694416,0.8845463,classical
8.825074,0.0,0.8518812,0.825562,classical
9.703501,0.0,0.95547825,0.6662735,classical
10.823729,0.0,1.1093276,1.3607006,classical
4.498457,0.0,0.9631619,0.4584664,classical
2.9929197,0.0,0.80421734,0.22812818,classical
5.928661,0.0,0.94829077,0.6912849,classical
5.8753176,0.0,1.0325812,0.65368265,classical
1.6712198,0.0,0.82762635,0.1648422,classical
15.39777,0.0,0.9830274,0.7676195,classical
9.749097,0.0,1.3239689,1.3212566,classical
13.147537,0.0,1.1050535,1.2370036,classical
4.0040164,0.0,1.1718589,0.5096351,classical
3.283388,0.0,0.7629183,0.32748795,classical
5.3601775,0.0,0.9161776,0.47804162,classical
11.983169,0.0,1.1959455,1.1825929,classical
3.7942877,0.0,0.8440287,0.31663772,classical
8.833736,0.0,1.2489313,1.2686837,classical
7.26818,0.0,1.2672911,1.2321393,classical
9.239922,0.0,1.1777713,1.1841538,classical
15.578481,0.0,1.1011362,1.2595055,classical
4.8220367,0.0,0.6089032,0.5885839,classical
13.320952,0.0,0.79041207,0.99366266,classical
8.32056,0.0,0.90878135,1.1275918,classical
8.913985,0.0,0.8072657,1.0161383,classical
12.371777,0.0,0.65714294,1.1562868,classical
5.3721952,0.0,1.1384953,0.86247844,classical
4.7317324,0.0,0.88202167,0.4073256,classical
9.330154,0.0,1.0782255,1.1368215,classical
5.7854314,0.0,1.0357311,0.68181133,classical
8.159002,0.0,1.0432849,1.1209658,classical
7.1167293,0.0,1.0745752,1.0621154,classical
10.893369,0.0,1.194873,1.2016584,classical
2.8899953,0.0,0.87567055,0.32144514,classical
6.9402757,0.0,1.148475,0.92819685,classical
12.081558,0.0,0.67251754,1.1220114,classical
8.503827,0.0,0.694164,0.793052,classical
7.750062,0.0,0.8850356,0.8782241,classical
2.4304445,0.0,0.77384967,0.2026808,classical
3.5723321,0.0,0.9829426,0.3889794,classical
5.8816237,0.0,0.9709096,0.5505313,classical
2.4146676,0.0,0.7363695,0.22355805,classical
7.0745687,0.0,0.91497076,0.87606484,classical
8.391261,0.0,1.1484277,1.057021,classical
11.440415,0.0,1.2659044,1.2842256,classical
2.7360647,0.0,0.78238076,0.30193904,classical
9.53373,0.0,1.2072396,0.9243548,classical
7.040927,0.0,1.3302262,0.9756401,classical
4.9421263,0.0,1.1621362,0.56933594,classical
7.113487,0.0,1.1299428,0.7367997,classical
4.5353003,0.0,1.0087531,0.5440415,classical
7.767471,0.0,1.2523385,1.1128272,classical
6.4474473,0.0,0.8941189,0.5031161,classical
6.3063855,0.0,1.0685654,0.6654044,classical
8.607508,0.0,1.1377418,0.621897,classical
4.331751,0.0,1.1179781,0.71652764,classical
12.01906,0.0,1.1854569,1.2680955,classical
5.494604,0.0,0.8760605,0.5443624,classical
7.9673667,0.0,1.1169304,0.7931847,country
6.0167017,0.0,1.0826635,0.69114465,country
9.042503,0.0,1.2851226,1.2496598,country
9.367042,0.0,1.2073426,1.1714538,country
5.679057,0.0,1.0842422,0.7115527,country
8.901788,0.0,1.1968341,0.9646144,country
6.088816,0.0,1.1290458,0.7672702,country
5.7081985,0.0,1.0212467,0.7808337,country
5.6231713,0.0,1.0284542,0.77705824,country
3.6197395,0.0,1.0406808,0.4920198,country
11.037099,0.0,1.3067297,1.3916783,country
12.477267,0.0,1.4322888,1.5227873,country
9.700081,0.0,1.3916006,1.3858944,country
7.2121696,0.0,1.393215,1.3358848,country
10.817912,0.0,1.3679245,1.3646181,country
10.513288,0.0,1.2917018,1.2422482,country
11.143694,0.0,1.7599659,1.9830627,country
12.344853,0.0,1.2036741,1.5074973,country
8.538566,0.0,1.2594115,1.2216566,country
9.527302,0.0,1.1760175,1.2572138,country
12.766193,0.0,1.5355614,1.6530173,country
8.217347,0.0,1.2446705,1.195879,country
10.501162,0.0,1.3539667,1.2616011,country
12.213956,0.0,1.2101331,1.3353945,country
14.415359,0.0,1.4175382,2.0063722,country
15.662374,0.0,1.192959,1.3644043,country
10.542213,0.0,1.3474334,1.654445,country
7.6523066,0.0,1.3487117,1.1513087,country
9.0061,0.0,1.1098084,0.96851826,country
8.281803,0.0,1.2780226,1.1478407,country
10.472578,0.0,0.9950775,1.1921382,country
8.524375,0.0,1.1210914,1.2181715,country
8.142318,0.0,1.172732,1.2214969,country
11.9711075,0.0,1.4447497,1.6833891,country
9.183802,0.0,1.7739038,1.8856834,country
9.322759,0.0,1.2839017,1.3027809,country
12.412727,0.0,1.2067175,1.56407,country
8.788548,0.0,1.1441352,1.124116,country
9.119775,0.0,1.3169466,1.3205018,country
10.522489,0.0,1.5808513,1.7121387,country
11.36053,0.0,1.4869738,1.7530686,country
11.221598,0.0,1.3438363,1.4656615,country
9.890775,0.0,1.3454828,1.5246625,country
13.894014,0.0,1.2972835,1.6345795,country
12.291442,0.0,1.164133,1.3252126,country
12.78463,0.0,1.3653562,1.5125953,country
10.825373,0.0,1.4014131,1.4088042,country
8.469393,0.0,1.3188833,1.2031032,country
19.93597,0.0,1.5080283,1.6015072,country
10.850811,0.0,1.4814354,1.5882951,country
14.343894,0.0,1.2335202,1.7469507,country
9.437352,0.0,1.0764419,1.132962,country
8.914907,0.0,1.0867921,1.1008731,country
10.892313,0.0,1.2786107,1.3829745,country
11.169684,0.0,1.0204892,1.1398485,country
9.163178,0.0,1.1980474,1.3440062,country
9.855536,0.0,1.0334482,1.0532818,country
10.930217,0.0,1.1213288,1.0291072,country
13.18791,0.0,1.2671162,1.8241676,country
26.11209,0.0,1.3016797,1.7946438,country
15.538395,0.0,1.0945443,1.536859,country
12.8393,0.0,1.0847771,1.2947044,country
9.950822,0.0,1.4377383,1.522705,country
19.606735,0.0,1.402993,2.1664288,country
8.745088,0.0,1.0349311,0.89371383,country
12.1104765,0.0,1.1372577,1.3258584,country
10.874733,0.0,1.3939052,1.6724534,country
14.485261,0.0,1.2064651,1.5372795,country
9.783007,0.0,1.2994155,1.3767275,country
8.409399,0.0,1.117002,0.9141167,country
10.282711,0.0,1.3773239,1.4082466,country
8.69,0.0,1.0083792,0.9458307,country
10.281593,0.0,1.263305,1.2248398,country
9.179326,0.0,1.1931695,1.2646794,country
8.029893,0.0,1.1188257,1.0218219,country
7.840452,0.0,1.3028247,1.2291323,country
13.193376,0.0,1.5353825,1.9770397,country
7.5313463,0.0,1.2575971,1.1158797,country
10.02409,0.0,0.9948222,0.9026248,country
11.814924,0.0,1.1671258,1.2903242,country
12.840586,0.0,1.5219606,1.7917463,country
14.030664,0.0,1.3584155,1.6376847,country
10.37467,0.0,1.3804276,1.463041,country
10.209854,0.0,1.19034,1.1338017,country
10.527969,0.0,1.3873335,1.4817245,country
11.273713,0.0,1.1975383,1.3181915,country
12.098473,0.0,1.5552661,1.7247279,country
8.964102,0.0,1.1325818,1.0265365,country
10.3943,0.0,1.2588285,1.4591576,country
9.755158,0.0,1.2076049,1.2857128,country
8.8921175,0.0,1.17187,1.3666894,country
9.285772,0.0,1.1306301,1.2174591,country
8.272368,0.0,1.2474899,1.305776,country
9.213221,0.0,1.0779048,0.955839,country
8.9935665,0.0,1.3298283,1.3748428,country
11.8337965,0.0,1.2456642,1.597512,country
8.450335,0.0,1.1684902,1.1659871,country
8.845354,0.0,1.1621621,1.2350602,country
9.232357,0.0,1.155357,1.2056073,country
10.588627,0.0,1.3544577,1.4489603,country
17.56735,0.0,1.8591747,2.506494,disco
8.513542,0.0,1.6216546,1.3925993,disco
9.801452,0.0,1.4750043,1.527362,disco
12.533114,0.0,1.6843469,1.7784051,disco
9.303512,0.0,1.3178185,1.3200892,disco
8.471952,0.0,1.4635342,1.3740188,disco
9.5441675,0.0,1.3598493,1.1679561,disco
12.188879,0.0,1.6247371,1.8670511,disco
11.484066,0.0,1.4546338,1.4554327,disco
14.096666,0.0,1.8064466,2.3224971,disco
8.351874,0.0,1.3285202,1.115415,disco
9.035554,0.0,1.5166886,1.5517346,disco
16.255003,0.0,1.5646214,1.6770682,disco
13.417342,0.0,1.303845,1.3851919,disco
8.827343,0.0,1.3620007,1.2223547,disco
13.917913,0.0,1.3998872,1.7274702,disco
9.540012,0.0,1.5028082,1.5353929,disco
12.6988325,0.0,1.7025853,2.0472224,disco
20.355062,0.0,1.8485395,2.6339622,disco
20.481306,0.0,1.6291962,2.4714684,disco
10.979004,0.0,1.5553879,1.6071864,disco
12.409929,0.0,1.6785076,2.0636187,disco
10.616616,0.0,1.4526852,1.6167189,disco
16.666828,0.0,1.4784243,1.9075283,disco
9.997954,0.0,1.53037,1.5942936,disco
13.300155,0.0,2.0041983,2.860187,disco
15.297791,0.0,1.719535,2.0353115,disco
19.546518,0.0,2.1558723,2.6852946,disco
10.574652,0.0,1.4996914,1.5754099,disco
11.480019,0.0,1.5235605,1.5623326,disco
11.911723,0.0,1.4062798,1.5084765,disco
11.63155,0.0,1.4024109,1.547444,disco
21.435278,0.0,1.8050715,2.7598388,disco
12.180595,0.0,1.4006525,1.5053278,disco
7.689479,0.0,1.2235537,0.90958023,disco
10.82751,0.0,1.5824453,1.6658008,disco
10.355244,0.0,1.5065902,1.7168986,disco
11.4855385,0.0,1.3927178,1.4230492,disco
10.248967,0.0,1.459195,1.3933455,disco
12.158867,0.0,1.4972578,1.6898129,disco
15.932522,0.0,1.6585202,1.982269,disco
15.959764,0.0,1.2882984,1.7632543,disco
11.036718,0.0,1.2955147,1.3952746,disco
18.057274,0.0,1.4770049,1.776228,disco
12.567908,0.0,1.7082703,2.0948904,disco
11.68056,0.0,1.5788149,1.8738612,disco
16.0874,0.0,1.7634861,2.1427207,disco
6.2179084,0.0,1.1688777,0.64716244,disco
11.308543,0.0,1.601194,1.7641275,disco
15.07329,0.0,1.5022047,1.9799075,disco
9.837954,0.0,1.3852993,1.382036,disco
9.18033,0.0,1.4061745,1.5268462,disco
9.810069,0.0,1.3991343,1.2887462,disco
19.441057,0.0,1.6890265,2.427272,disco
16.387293,0.0,1.8881494,2.1848195,disco
11.721376,0.0,1.4806596,1.7176337,disco
12.338004,0.0,1.7655287,2.1316862,disco
12.050403,0.0,1.3417839,1.6567787,disco
12.953221,0.0,1.699437,2.1939654,disco
16.301065,0.0,1.6461462,2.424905,disco
12.479419,0.0,1.5673912,1.9401783,disco
17.94632,0.0,2.039081,2.729299,disco
14.8008375,0.0,1.7926574,2.2836876,disco
12.848336,0.0,1.7540665,2.2287602,disco
23.761845,0.0,2.4067466,3.9120724,disco
15.316764,0.0,1.7778434,2.2762907,disco
15.781346,0.0,1.7569716,2.126833,disco
11.969504,0.0,1.3159178,1.2410102,disco
10.525434,0.0,1.4252594,1.4410049,disco
9.570322,0.0,1.2739748,1.0790921,disco
10.130857,0.0,1.4101683,1.5320935,disco
8.7517805,0.0,1.327296,1.3319696,disco
12.58545,0.0,1.5119522,1.8981348,disco
18.718307,0.0,1.4794861,1.7944305,disco
8.917754,0.0,1.3192958,1.3731912,disco
11.215746,0.0,1.3930011,1.327909,disco
13.032444,0.0,1.3572966,1.346355,disco
13.557545,0.0,1.5007992,1.689681,disco
14.681139,0.0,1.4012328,1.6325606,disco
17.604208,0.0,1.8873043,2.6620147,disco
15.293266,0.0,1.6764853,2.3126366,disco
25.021545,0.0,1.8188767,2.7145944,disco
16.443958,0.0,1.7224989,2.238298,disco
20.2752,0.0,1.6634059,2.0601306,disco
27.471455,0.0,2.023376,3.4912038,disco
20.643745,0.0,2.4111724,3.1732485,disco
12.288214,0.0,1.6114005,1.7798496,disco
9.044583,0.0,1.4413719,1.3826373,disco
8.342875,0.0,1.2657377,1.1965259,disco
11.99581,0.0,1.5324999,1.8039184,disco
12.125207,0.0,1.5170755,1.7767646,disco
24.47232,0.0,1.7867568,3.0189612,disco
14.367545,0.0,1.4999416,1.8126228,disco
18.066824,0.0,1.725202,2.1245224,disco
9.515316,0.0,1.3663515,1.5668437,disco
20.465797,0.0,1.9358801,2.553733,disco
11.998766,0.0,1.7872188,2.009215,disco
14.059616,0.0,1.8646824,2.503304,disco
10.580238,0.0,1.8649545,2.152733,disco
10.580238,0.0,1.8649545,2.152733,disco
26.783203,0.0,2.044944,2.8135157,hiphop
13.463842,0.0,2.132392,1.850818,hiphop
16.399662,0.0,2.011037,2.3333235,hiphop
15.393635,0.0,1.8946021,2.2534642,hiphop
29.13503,0.0,2.4031491,3.8026545,hiphop
9.444221,0.0,1.4241807,1.2595059,hiphop
22.995287,0.0,2.3425128,3.2444084,hiphop
11.317278,0.0,1.7374328,1.8565751,hiphop
20.139309,0.0,1.7832674,2.2182698,hiphop
18.205791,0.0,1.8996339,2.7863727,hiphop
9.859243,0.0,1.5110416,1.4792581,hiphop
15.714567,0.0,1.7607509,1.9626675,hiphop
8.903228,0.0,1.4187822,1.1882851,hiphop
12.43048,0.0,1.7890406,1.9249619,hiphop
17.31649,0.0,1.2228581,1.3154482,hiphop
10.579666,0.0,1.5566016,1.6230534,hiphop
16.860586,0.0,1.9524413,2.4036767,hiphop
12.941097,0.0,1.5575845,1.8352984,hiphop
12.881458,0.0,2.1398215,2.2708426,hiphop
18.275932,0.0,2.370781,3.1524224,hiphop
17.216795,0.0,2.0448895,2.3468614,hiphop
7.631996,0.0,1.4828527,1.2169123,hiphop
16.227785,0.0,1.7344596,1.951937,hiphop
6.9848676,0.0,1.1960782,1.0198878,hiphop
16.454782,0.0,2.0440133,2.3762054,hiphop
10.2729225,0.0,1.4352529,1.3195759,hiphop
15.659752,0.0,2.110145,2.4410663,hiphop
19.442936,0.0,2.074787,2.3430097,hiphop
11.505844,0.0,1.825585,1.4799937,hiphop
11.457957,0.0,1.7233645,1.9098997,hiphop
10.971297,0.0,1.4504391,1.5821534,hiphop
11.507676,0.0,1.4570973,1.413595,hiphop
12.908238,0.0,1.8762861,2.205304,hiphop
13.352737,0.0,1.4827518,1.6406657,hiphop
7.4330244,0.0,1.3958117,1.0524637,hiphop
13.755734,0.0,1.8684014,1.885462,hiphop
26.394257,0.0,2.0646005,3.0429685,hiphop
25.469727,0.0,2.229426,2.6952162,hiphop
24.026196,0.0,1.6986096,2.350791,hiphop
32.054024,0.0,2.1259754,2.710835,hiphop
17.806091,0.0,1.4959769,1.7382402,hiphop
27.918219,0.0,1.737409,1.8241925,hiphop
18.216227,0.0,1.9242944,1.7709268,hiphop
14.481479,0.0,1.8194,2.214158,hiphop
11.775847,0.0,1.6666237,1.806015,hiphop
32.054024,0.0,2.1259754,2.710835,hiphop
20.239904,0.0,1.9613267,2.5636742,hiphop
15.981277,0.0,1.8118019,2.132931,hiphop
20.258553,0.0,1.7300086,2.231734,hiphop
12.803288,0.0,1.8276458,1.9863081,hiphop
17.78778,0.0,2.0091772,2.267613,hiphop
17.813578,0.0,1.8085989,2.2031002,hiphop
17.594885,0.0,2.1084864,2.8536222,hiphop
25.339914,0.0,2.3154047,3.4402573,hiphop
13.0141735,0.0,1.9589263,2.2335799,hiphop
13.187873,0.0,1.5635961,2.0660758,hiphop
17.131685,0.0,1.7938727,2.3822105,hiphop
11.746736,0.0,1.689952,1.950845,hiphop
15.924797,0.0,1.9179294,2.3902013,hiphop
14.656313,0.0,1.7509966,2.0895238,hiphop
16.40795,0.0,1.8858427,2.3038292,hiphop
12.351348,0.0,1.784275,1.9295781,hiphop
21.955345,0.0,2.4244926,2.9895031,hiphop
19.145525,0.0,1.9301516,1.9452497,hiphop
15.752688,0.0,1.9934804,2.272678,hiphop
21.736275,0.0,2.3341625,3.2545056,hiphop
26.233528,0.0,1.8924425,2.8407526,hiphop
14.530986,0.0,1.7956263,2.1281302,hiphop
21.30794,0.0,1.8664079,2.3493447,hiphop
11.701106,0.0,1.794454,1.9678458,hiphop
19.351892,0.0,1.8830423,2.473911,hiphop
18.71345,0.0,1.595586,1.761255,hiphop
18.226088,0.0,1.880543,2.177369,hiphop
14.472624,0.0,1.7831018,2.022095,hiphop
14.136555,0.0,1.7924017,2.13583,hiphop
15.921313,0.0,2.0239182,2.0560718,hiphop
17.72781,0.0,2.1843178,2.5692072,hiphop
14.903133,0.0,1.9565271,2.0582485,hiphop
17.72781,0.0,2.1843178,2.5692072,hiphop
18.441956,0.0,2.3060966,2.611006,hiphop
15.115489,0.0,1.9205723,1.7526213,hiphop
18.12206,0.0,1.6272305,2.145096,hiphop
6.9574356,0.0,1.4172869,1.1052623,hiphop
9.995541,0.0,1.7441778,1.5432525,hiphop
21.308905,0.0,1.8314005,2.0960116,hiphop
9.402365,0.0,1.4620973,1.2771361,hiphop
11.308073,0.0,1.6796327,1.8385229,hiphop
12.279799,0.0,1.9015751,2.5031457,hiphop
9.5221405,0.0,1.5556542,1.2783933,hiphop
11.733514,0.0,1.7018472,1.6516188,hiphop
6.4723067,0.0,1.4692047,1.041675,hiphop
12.48273,0.0,1.5378828,1.372305,hiphop
10.387293,0.0,1.6952227,1.6649667,hiphop
13.923929,0.0,1.8794905,2.0693913,hiphop
12.984021,0.0,1.8638767,1.7870082,hiphop
6.80156,0.0,1.3064537,1.164033,hiphop
11.000886,0.0,1.7743521,1.5651274,hiphop
6.793721,0.0,1.4611459,1.0964571,hiphop
9.960894,0.0,1.674536,1.7274091,hiphop
17.201706,0.0,1.8943818,2.2319844,hiphop
10.38073,0.0,1.1777718,1.2435633,jazz
13.895887,0.0,1.1070613,1.1356746,jazz
17.42599,0.0,0.934166,1.0905389,jazz
5.2957473,0.0,0.6785455,0.6081063,jazz
10.265337,0.0,1.0677543,0.9859637,jazz
14.315345,0.0,1.4753265,1.7449151,jazz
18.191292,0.0,1.3710674,1.5671424,jazz
9.028964,0.0,1.0558547,1.0748376,jazz
12.337614,0.0,1.3011078,1.4479512,jazz
7.920851,0.0,0.8913159,0.8036201,jazz
21.175722,0.0,0.97519135,1.3876337,jazz
7.2231903,0.0,1.18826,1.1545798,jazz
8.995268,0.0,1.1205739,1.290524,jazz
7.093522,0.0,1.2493745,1.1249573,jazz
8.926511,0.0,0.92874503,1.0543629,jazz
10.090964,0.0,1.3525463,1.1971105,jazz
8.955272,0.0,0.9075852,0.873899,jazz
13.464795,0.0,1.4090562,1.8438612,jazz
7.2590895,0.0,1.032194,0.66071594,jazz
10.886429,0.0,1.0624547,0.92153984,jazz
19.522242,0.0,1.1581433,1.234149,jazz
9.108023,0.0,1.1782935,0.8925672,jazz
9.526248,0.0,1.0163717,1.0011775,jazz
10.717788,0.0,1.0959793,1.1260118,jazz
12.456918,0.0,1.281681,1.3618759,jazz
12.999487,0.0,1.2013755,1.2629268,jazz
7.3588924,0.0,0.8453337,0.7027196,jazz
8.830009,0.0,1.3975023,1.1934975,jazz
14.116202,0.0,1.207868,1.1271137,jazz
8.669188,0.0,1.3115873,1.1217332,jazz
7.665851,0.0,0.86749685,0.69996595,jazz
8.965495,0.0,1.4116209,1.1547852,jazz
16.65189,0.0,1.4115999,2.0868835,jazz
10.859549,0.0,1.3975554,1.5301542,jazz
12.979077,0.0,1.6156545,1.840945,jazz
7.3207965,0.0,1.0877857,0.9237497,jazz
11.186259,0.0,1.4985296,1.6438326,jazz
8.861779,0.0,1.2753794,1.3741,jazz
8.250977,0.0,1.2359804,1.1000577,jazz
14.004507,0.0,1.6823385,2.5176036,jazz
6.8503933,0.0,1.2970073,0.9186702,jazz
15.864608,0.0,1.5845832,1.8687409,jazz
12.093779,0.0,1.2509081,1.3075026,jazz
11.423913,0.0,1.3484987,1.3522002,jazz
14.273025,0.0,1.3568183,1.3480238,jazz
6.7780366,0.0,1.11269,0.8580049,jazz
12.982178,0.0,1.5242778,2.0243042,jazz
9.577674,0.0,1.1101005,1.1250248,jazz
6.9421406,0.0,1.0756271,1.0597442,jazz
9.273432,0.0,1.2531968,1.0057118,jazz
6.8307548,0.0,1.2529927,1.1465043,jazz
10.943901,0.0,1.405341,1.5416836,jazz
10.287352,0.0,1.1110637,1.2903295,jazz
13.637719,0.0,1.6637267,1.9096525,jazz
8.389703,0.0,1.2873008,1.3562336,jazz
7.3309283,0.0,1.1062101,0.9264505,jazz
7.50231,0.0,1.2153912,1.1769879,jazz
9.114917,0.0,1.1247177,0.86119515,jazz
11.481624,0.0,1.5361323,1.6872523,jazz
12.98601,0.0,1.3320736,1.7144566,jazz
9.333323,0.0,1.3283232,1.4578638,jazz
9.453824,0.0,1.0808568,1.1963148,jazz
8.55242,0.0,1.2730839,1.1414165,jazz
5.4657073,0.0,1.1927514,0.96039355,jazz
8.902339,0.0,1.1626371,1.4319983,jazz
14.03141,0.0,1.7058412,2.5457006,jazz
8.011671,0.0,1.1284932,1.014922,jazz
6.976289,0.0,1.321769,0.93643224,jazz
12.318924,0.0,1.2716901,1.33381,jazz
11.656191,0.0,1.3811203,1.3880827,jazz
14.274132,0.0,1.3921877,1.3797672,jazz
6.793118,0.0,1.1408356,0.8766258,jazz
12.934843,0.0,1.5455192,2.0383527,jazz
8.353774,0.0,1.3113997,1.2855525,jazz
10.561729,0.0,1.2635602,1.5538478,jazz
9.133487,0.0,1.1944222,1.123443,jazz
11.385206,0.0,1.0330533,1.1336379,jazz
8.288844,0.0,1.2423631,1.2390019,jazz
12.94157,0.0,1.4068769,1.6508477,jazz
9.007929,0.0,1.2197313,1.2506315,jazz
7.736758,0.0,1.2923682,1.2847984,jazz
10.28452,0.0,1.3766875,1.9285849,jazz
11.238407,0.0,1.286122,1.6153823,jazz
7.603698,0.0,1.1317253,1.1740235,jazz
9.447624,0.0,1.0780414,1.2165934,jazz
9.852051,0.0,1.1022314,1.1307262,jazz
8.976774,0.0,1.059133,1.117935,jazz
11.015496,0.0,1.0735903,1.2908652,jazz
10.984697,0.0,1.0995542,1.380967,jazz
6.947382,0.0,0.85074496,0.5994469,jazz
8.838857,0.0,1.1607308,1.230934,jazz
9.989617,0.0,0.8826543,0.7034886,jazz
5.946063,0.0,0.8227384,0.62360376,jazz
7.448931,0.0,1.0232087,0.98991597,jazz
18.501192,0.0,1.3455527,1.7646551,jazz
6.9575744,0.0,1.1665661,1.1769018,jazz
12.354297,0.0,1.2543386,1.4791259,jazz
11.517733,0.0,0.9568173,0.96216077,jazz
12.295723,0.0,1.2598962,1.3914809,jazz
13.059126,0.0,1.232252,1.3623289,jazz
4.7414527,0.0,1.1327122,0.6403342,metal
5.5544214,0.0,1.1070467,0.69320154,metal
6.812581,0.0,1.1575466,0.80189085,metal
6.1618986,0.0,1.1673216,0.6739134,metal
8.187311,0.0,1.2645189,0.848895,metal
6.5799994,0.0,1.167831,0.99820966,metal
7.4164,0.0,1.1963913,0.8631448,metal
5.24255,0.0,1.119899,0.6170749,metal
9.403617,0.0,1.1759143,1.1969626,metal
5.8798537,0.0,1.087527,0.654157,metal
6.812277,0.0,1.0955174,0.7223274,metal
4.330936,0.0,1.0122235,0.40114146,metal
5.2155313,0.0,1.1039784,0.73732996,metal
7.015906,0.0,1.149974,0.74210733,metal
6.5482826,0.0,1.0251919,0.7427627,metal
4.2653837,0.0,1.0779933,0.65598506,metal
5.732922,0.0,1.146558,0.67136383,metal
5.0828085,0.0,1.1841502,0.83444804,metal
7.062317,0.0,1.1161205,0.76576144,metal
11.709852,0.0,1.2150046,1.0375028,metal
8.393027,0.0,1.1500762,0.91228443,metal
5.0517616,0.0,1.0741372,0.6782349,metal
6.1232777,0.0,1.1441592,0.8918215,metal
8.223735,0.0,1.1485074,1.0373769,metal
3.9663923,0.0,1.1166278,0.5020806,metal
13.318243,0.0,1.3384575,1.5871004,metal
5.9991837,0.0,1.1219902,0.6896131,metal
9.472956,0.0,1.1954558,0.9123761,metal
3.8710148,0.0,1.0470732,0.49599668,metal
9.430929,0.0,1.2737869,1.34026,metal
6.658729,0.0,1.2327669,1.255822,metal
7.304198,0.0,1.1820915,1.0662506,metal
7.0380645,0.0,1.1381068,0.86464375,metal
7.414045,0.0,1.1767806,1.0849029,metal
8.984129,0.0,1.4004533,1.1585171,metal
16.430077,0.0,1.0434481,0.7870781,metal
5.7632,0.0,1.1925725,0.9336473,metal
4.619342,0.0,1.0755378,0.58756196,metal
28.52877,0.0,1.2912958,1.7891389,metal
6.085484,0.0,0.9160368,0.64317536,metal
8.601146,0.0,1.2378387,1.0536032,metal
8.765209,0.0,1.2014251,1.2249283,metal
6.8068852,0.0,1.1274222,0.9962921,metal
22.899254,0.0,1.3024795,1.5709792,metal
6.7357407,0.0,1.0930716,0.87293375,metal
28.01153,0.0,1.2369562,1.659143,metal
6.4890985,0.0,1.0830594,0.6572304,metal
5.5455666,0.0,1.1560831,0.7347817,metal
5.1955028,0.0,1.098602,0.70796573,metal
4.7539196,0.0,1.0562296,0.6263031,metal
5.2126493,0.0,1.1431355,0.7741683,metal
5.6832967,0.0,1.126274,0.8591949,metal
15.139745,0.0,1.3429873,1.5108181,metal
5.4387937,0.0,1.1021922,0.71434885,metal
5.913694,0.0,1.1022028,0.7675683,metal
5.668827,0.0,1.159557,0.8329517,metal
5.474483,0.0,1.1358985,0.80740035,metal
13.364481,0.0,1.2925855,1.3540761,metal
4.5710707,0.0,1.06721,0.54759437,metal
4.9455323,0.0,0.99434716,0.46653026,metal
5.242168,0.0,1.0031192,0.6865897,metal
8.601146,0.0,1.2378387,1.0536032,metal
8.765209,0.0,1.2014251,1.2249283,metal
6.8068852,0.0,1.1274222,0.9962921,metal
22.899254,0.0,1.3024795,1.5709792,metal
6.7357407,0.0,1.0930716,0.87293375,metal
28.01153,0.0,1.2369562,1.659143,metal
11.448744,0.0,1.2676934,1.4034294,metal
16.388203,0.0,1.2937305,1.4560443,metal
9.481298,0.0,1.2794397,1.113919,metal
13.950721,0.0,1.4013038,1.4865482,metal
18.720943,0.0,1.161202,1.3530314,metal
3.9998403,0.0,1.0730135,0.5328232,metal
8.325215,0.0,1.2264202,1.1668012,metal
8.796798,0.0,1.2344444,1.2305603,metal
6.7433815,0.0,1.1512599,1.1189834,metal
6.0813255,0.0,1.1409715,0.8580731,metal
6.476314,0.0,1.0881826,0.77544194,metal
11.448821,0.0,1.3353984,1.4049423,metal
10.451333,0.0,1.1444094,1.0848414,metal
10.819651,0.0,1.3130648,1.4068093,metal
7.003701,0.0,1.0551718,0.7753104,metal
7.4460993,0.0,1.1312572,0.8865842,metal
9.310154,0.0,1.0373435,0.9386522,metal
10.0612545,0.0,1.2438134,1.2925057,metal
8.276735,0.0,1.3114773,1.065067,metal
10.722127,0.0,1.1937944,1.1047565,metal
6.6877313,0.0,1.2561005,1.0512354,metal
14.762245,0.0,1.5691473,2.0859895,metal
9.733511,0.0,1.0012357,1.057469,metal
7.840128,0.0,1.1978829,0.92866194,metal
7.2114573,0.0,1.1223887,0.85371524,metal
5.857403,0.0,1.2250098,0.8954933,metal
5.5781546,0.0,1.1604325,0.8377527,metal
8.984129,0.0,1.4004533,1.1585171,metal
12.495276,0.0,1.1191924,1.0712268,metal
12.141199,0.0,1.2749023,1.568159,metal
8.469693,0.0,1.0704979,1.0491323,metal
22.910847,0.0,1.2739031,2.1325388,metal
14.65511,0.0,1.320849,1.7020199,metal
12.652902,0.0,1.4487383,1.6547799,pop
14.695319,0.0,2.035476,2.1301365,pop
11.184161,0.0,1.5659183,2.0511956,pop
12.679404,0.0,1.3859048,1.4512832,pop
11.880423,0.0,1.1991725,0.9559925,pop
10.69167,0.0,1.24298,1.1620748,pop
10.8751745,0.0,1.236216,1.4078617,pop
7.822806,0.0,1.1668416,1.0241511,pop
8.943311,0.0,1.2137873,1.0182171,pop
17.474136,0.0,1.4114795,1.4915931,pop
20.163568,0.0,1.3359395,1.9462707,pop
7.2054586,0.0,1.0701638,0.6882889,pop
7.5423207,0.0,1.238839,0.9346628,pop
18.620602,0.0,1.5027528,2.102436,pop
8.206042,0.0,1.2689664,1.0774022,pop
21.72116,0.0,1.6998627,2.45408,pop
21.448313,0.0,1.5917379,2.5210743,pop
4.930527,0.0,1.0178236,0.5394031,pop
13.316171,0.0,1.5306562,1.7677068,pop
15.267272,0.0,1.5185275,1.8011445,pop
14.827598,0.0,1.6297898,2.1622176,pop
18.578232,0.0,1.4430599,2.2654903,pop
19.74415,0.0,1.6966428,2.4372983,pop
19.452934,0.0,1.9251935,2.6056266,pop
14.157544,0.0,1.6394372,2.1236198,pop
19.210096,0.0,1.5979782,2.2839825,pop
18.194073,0.0,1.4690655,1.808064,pop
16.536379,0.0,1.9309031,2.5345533,pop
16.940292,0.0,1.7394407,2.2789307,pop
15.283887,0.0,1.5993104,2.0622141,pop
11.72446,0.0,1.34816,1.6409245,pop
11.253659,0.0,1.4056187,1.5972048,pop
23.6492,0.0,1.739004,2.3655293,pop
30.10198,0.0,1.3150232,1.7620522,pop
14.92906,0.0,1.5434365,2.051666,pop
12.01246,0.0,1.4171883,1.5281051,pop
18.389082,0.0,1.682746,2.0423348,pop
15.677869,0.0,1.6484889,2.0159457,pop
19.30417,0.0,1.5686249,2.2768672,pop
14.457413,0.0,1.4235035,1.574647,pop
7.025647,0.0,1.2034156,0.87737983,pop
10.583491,0.0,1.4170032,1.2201173,pop
11.845084,0.0,1.6896943,1.9797618,pop
10.154594,0.0,1.6620051,1.7265942,pop
18.236105,0.0,1.8284876,2.3921404,pop
30.6031,0.0,1.8911878,2.4381478,pop
25.138203,0.0,1.8928187,2.3636954,pop
15.712991,0.0,1.5370194,1.7488728,pop
14.017591,0.0,1.6648085,1.8042345,pop
22.868631,0.0,1.6243494,2.084278,pop
15.968604,0.0,1.793964,2.047423,pop
16.031214,0.0,1.4612521,1.3557738,pop
16.783043,0.0,2.2226062,2.4313972,pop
9.343231,0.0,1.6338481,1.1712482,pop
21.254866,0.0,1.9940416,2.3916,pop
21.5909,0.0,2.0965006,2.89308,pop
23.08315,0.0,2.3430738,3.2091086,pop
17.421339,0.0,2.207252,2.4956698,pop
17.975073,0.0,2.0392144,2.4883122,pop
23.918888,0.0,2.323022,3.2894163,pop
21.254866,0.0,1.9940416,2.3916,pop
16.745256,0.0,1.9705042,2.1503532,pop
8.75959,0.0,1.897054,1.2535598,pop
11.45122,0.0,1.2690977,1.115083,pop
24.554195,0.0,1.7508855,2.0609381,pop
19.417244,0.0,1.4173017,1.9853956,pop
12.516642,0.0,1.6049646,1.6888461,pop
12.3164625,0.0,1.7194699,1.8731178,pop
16.617418,0.0,1.9735415,2.3189504,pop
12.900616,0.0,1.4790498,1.8548123,pop
23.144331,0.0,1.7227615,2.379153,pop
12.3164625,0.0,1.7194699,1.8731178,pop
13.985875,0.0,1.2752362,1.4079127,pop
11.835578,0.0,1.6230394,1.7911353,pop
15.759743,0.0,1.6461276,1.894221,pop
16.772055,0.0,1.7244731,2.2219725,pop
20.73111,0.0,1.7277008,2.2740161,pop
19.584896,0.0,2.0384862,2.901792,pop
14.42617,0.0,1.9465139,2.3660402,pop
15.632701,0.0,1.3908257,1.9079244,pop
13.219446,0.0,1.5458162,1.7656991,pop
14.330114,0.0,1.5522338,2.1133714,pop
9.982819,0.0,1.5922264,1.8849318,pop
12.648997,0.0,1.5135373,1.7682663,pop
16.33361,0.0,1.9734907,2.4953833,pop
25.822433,0.0,1.9913765,2.8070765,pop
11.37591,0.0,1.4764725,1.8200617,pop
9.673064,0.0,1.516599,1.5511429,pop
22.954926,0.0,2.051367,2.9606593,pop
20.610977,0.0,1.8676529,2.7159405,pop
9.899707,0.0,1.502662,1.5813649,pop
14.10089,0.0,1.6475317,1.9768578,pop
11.661864,0.0,1.6291459,1.737325,pop
9.862257,0.0,1.5162939,1.7169693,pop
14.875653,0.0,1.3339926,1.439837,pop
16.059525,0.0,1.5498892,1.9526199,pop
13.141807,0.0,1.508298,1.8785832,pop
21.365005,0.0,1.891303,2.7155447,pop
16.787334,0.0,1.6832883,2.3799593,pop
23.625877,0.0,1.5038819,2.113724,pop
14.131083,0.0,1.6339179,1.9471062,reggae
15.949974,0.0,1.2932307,1.8223019,reggae
20.697882,0.0,2.3392076,3.294488,reggae
17.86751,0.0,1.7578923,2.687248,reggae
22.776787,0.0,1.9581707,2.8336015,reggae
16.967506,0.0,2.019265,2.4527383,reggae
14.998798,0.0,1.7193701,2.3792078,reggae
17.228142,0.0,1.7669338,2.235965,reggae
24.861046,0.0,1.9231677,2.4766324,reggae
18.839952,0.0,2.1343422,2.9322298,reggae
13.068877,0.0,1.2782784,1.3658743,reggae
16.672337,0.0,1.6999792,2.40802,reggae
14.356758,0.0,1.8817952,2.3775702,reggae
17.46081,0.0,2.0817263,2.6656911,reggae
20.372402,0.0,1.783425,2.6462045,reggae
17.38941,0.0,1.6945587,2.102721,reggae
14.996691,0.0,1.5269378,2.1377544,reggae
18.682772,0.0,1.8019135,2.3469136,reggae
16.036777,0.0,1.9897503,2.696488,reggae
20.277227,0.0,2.0359628,2.900805,reggae
16.276537,0.0,1.9333148,2.510852,reggae
7.8286314,0.0,1.2622309,1.1496272,reggae
15.499432,0.0,1.5485905,2.0962949,reggae
15.767305,0.0,1.558188,2.2267227,reggae
20.764034,0.0,1.8243128,2.717097,reggae
22.738272,0.0,1.9226682,2.7816875,reggae
17.122644,0.0,1.8395547,2.4936028,reggae
21.089178,0.0,2.0400052,2.8975897,reggae
23.919765,0.0,1.949418,3.2702951,reggae
27.621191,0.0,2.0678961,3.1729653,reggae
25.033787,0.0,2.245095,3.616974,reggae
20.2488,0.0,2.0665305,3.203351,reggae
23.186295,0.0,1.6832592,2.4438403,reggae
24.917847,0.0,2.1499448,3.5360215,reggae
18.019064,0.0,2.0441105,3.2880247,reggae
22.301317,0.0,2.1924498,3.482662,reggae
26.24586,0.0,1.7625493,2.766102,reggae
30.511692,0.0,2.4200764,4.3611436,reggae
29.06259,0.0,1.7302873,2.8953898,reggae
27.631327,0.0,2.1345196,3.8162591,reggae
20.510916,0.0,1.4832324,1.9574698,reggae
18.275803,0.0,1.9186275,2.431881,reggae
14.804287,0.0,1.5966536,1.9972197,reggae
9.127022,0.0,1.6163602,1.8622553,reggae
20.556454,0.0,1.902377,2.6166308,reggae
21.841713,0.0,1.8684657,2.63349,reggae
13.803002,0.0,1.5213829,1.589879,reggae
15.30919,0.0,1.8990724,2.160886,reggae
15.295114,0.0,1.9237884,2.2697375,reggae
14.866151,0.0,1.5170162,2.1202395,reggae
18.908352,0.0,2.0853744,2.9118094,reggae
23.836271,0.0,2.4509199,3.458105,reggae
17.839766,0.0,1.9548287,2.2046757,reggae
21.662853,0.0,2.0018213,2.9653068,reggae
19.402716,0.0,1.9051468,2.8436968,reggae
11.911235,0.0,2.0612032,2.2808568,reggae
18.807264,0.0,2.1461582,2.6339037,reggae
27.115995,0.0,2.01917,2.6421309,reggae
19.904099,0.0,2.1052742,2.9182646,reggae
15.201669,0.0,1.6164403,1.9784045,reggae
13.600673,0.0,1.3149233,1.4080569,reggae
15.545491,0.0,1.9223748,2.1222467,reggae
23.69837,0.0,2.1258924,3.0983598,reggae
17.385674,0.0,1.753875,2.1581595,reggae
17.377079,0.0,1.723671,2.039993,reggae
16.648247,0.0,1.9692457,2.7639353,reggae
15.748849,0.0,1.8055087,2.3699958,reggae
10.798672,0.0,1.5125972,1.7793587,reggae
21.90738,0.0,1.9281714,2.4878595,reggae
15.0310335,0.0,1.8962518,2.387881,reggae
16.649145,0.0,1.7762864,1.9990077,reggae
27.935072,0.0,1.9478323,2.8128927,reggae
27.504103,0.0,1.8531078,2.6393104,reggae
9.980688,0.0,1.5371445,1.4445498,reggae
9.949195,0.0,1.535908,1.4436486,reggae
10.777654,0.0,1.4504678,1.4703437,reggae
24.741634,0.0,2.0599434,3.2763982,reggae
12.817069,0.0,1.4577262,1.748559,reggae
19.615568,0.0,2.062783,2.676163,reggae
13.5464325,0.0,1.6443907,1.9385836,reggae
18.695234,0.0,1.9018487,2.52789,reggae
17.2474,0.0,1.9566776,2.5565357,reggae
17.2474,0.0,1.9566776,2.5565357,reggae
12.642834,0.0,1.3663301,1.2481276,reggae
17.227825,0.0,1.9279838,2.297491,reggae
11.541299,0.0,1.5978943,2.0533082,reggae
18.625267,0.0,2.2805932,2.4375255,reggae
22.054956,0.0,2.1030505,3.0209963,reggae
12.650437,0.0,1.8490351,2.239869,reggae
18.3745,0.0,2.0852237,3.1067636,reggae
16.624704,0.0,2.0254238,2.6140757,reggae
12.643576,0.0,1.5187826,1.5819801,reggae
12.45636,0.0,1.5503632,1.5742961,reggae
18.490847,0.0,1.8200687,2.186568,reggae
11.479307,0.0,1.4503987,1.3541034,reggae
8.927669,0.0,1.5119518,1.7578981,reggae
12.709977,0.0,1.6678361,2.0500891,reggae
9.498229,0.0,1.2128344,0.9823196,reggae
14.69631,0.0,1.8943821,2.6283896,reggae
13.178963,0.0,1.6322534,1.8419785,reggae
11.122492,0.0,1.066705,1.0705144,rock
11.939971,0.0,1.0886351,1.1534843,rock
29.500868,0.0,1.5246739,3.0116858,rock
16.768742,0.0,1.4716266,2.156138,rock
17.205812,0.0,1.1654981,1.6704968,rock
16.727053,0.0,1.0503379,0.99793667,rock
13.453405,0.0,1.1783332,1.175748,rock
10.516986,0.0,1.0903709,1.2192476,rock
4.8888955,0.0,0.9769102,0.48848867,rock
22.498516,0.0,1.3661556,2.2601044,rock
11.747069,0.0,1.3818763,1.6862459,rock
17.338375,0.0,1.3879066,1.6670506,rock
19.829197,0.0,1.7364181,2.4641693,rock
17.22273,0.0,1.5501441,1.8827024,rock
20.076614,0.0,1.7796469,2.561149,rock
15.268198,0.0,1.8548532,2.242588,rock
4.5710707,0.0,1.06721,0.54759437,rock
7.0425453,0.0,1.1250556,0.8906144,rock
10.571239,0.0,1.2132849,1.1393824,rock
11.551976,0.0,1.141224,1.1701869,rock
7.513299,0.0,1.2287388,0.96735215,rock
7.871685,0.0,1.1947001,0.83444846,rock
12.697568,0.0,1.2335728,0.9868993,rock
8.7675705,0.0,1.004827,0.9131876,rock
7.0832562,0.0,1.0889517,0.91814184,rock
5.7412095,0.0,1.0490484,0.60237396,rock
8.652973,0.0,1.1142838,0.8950528,rock
8.830677,0.0,1.2401679,0.9630306,rock
10.974244,0.0,1.3182522,1.5426172,rock
9.125205,0.0,1.2730544,1.3140634,rock
10.042263,0.0,1.8947757,1.8685417,rock
16.434149,0.0,1.587953,2.0417092,rock
11.042656,0.0,1.1599414,1.0679847,rock
12.309416,0.0,1.4031718,1.6899016,rock
5.9867268,0.0,1.1539662,0.7189772,rock
10.277828,0.0,1.3901545,1.5976964,rock
10.16315,0.0,1.2623712,1.1897546,rock
9.892983,0.0,1.3889427,1.3631638,rock
8.163433,0.0,1.2124977,0.9722617,rock
6.5351562,0.0,1.045334,0.79891145,rock
14.528417,0.0,1.4504069,1.5645132,rock
9.192318,0.0,1.177737,1.1013495,rock
15.393496,0.0,1.3827602,1.7601373,rock
15.344511,0.0,1.3798922,1.718093,rock
10.101428,0.0,1.2540809,1.4225439,rock
10.399616,0.0,1.0197738,0.95613396,rock
14.783789,0.0,1.26893,1.3030221,rock
11.42107,0.0,1.1905712,1.1485536,rock
9.923912,0.0,1.1979027,1.1843781,rock
11.590226,0.0,1.1727709,1.235654,rock
17.459406,0.0,1.4513417,2.2097814,rock
13.577658,0.0,1.3971493,1.6652383,rock
19.987665,0.0,1.6574937,2.3246632,rock
8.568411,0.0,1.1109331,0.9832192,rock
12.296538,0.0,1.1946421,0.9700024,rock
9.55568,0.0,1.5774876,1.8169355,rock
13.624673,0.0,1.1731297,1.5173688,rock
10.513622,0.0,1.2805784,1.3061951,rock
7.1090245,0.0,1.2178819,0.67873424,rock
11.8269825,0.0,1.2284871,1.3945037,rock
8.020462,0.0,1.3471996,1.2285101,rock
18.930662,0.0,1.4157928,2.1586094,rock
16.336056,0.0,1.3390491,1.6991022,rock
13.971525,0.0,1.415088,1.542755,rock
12.471345,0.0,1.4688218,1.7568207,rock
8.873747,0.0,1.1593473,1.00655,rock
17.13748,0.0,1.3087941,1.7187101,rock
14.138008,0.0,1.3330369,1.4982151,rock
9.482542,0.0,1.2228326,1.0664414,rock
11.270617,0.0,1.2696701,1.1891792,rock
14.900509,0.0,1.5303636,1.6699528,rock
13.943626,0.0,1.5566937,1.9614502,rock
12.259627,0.0,1.4602257,1.9347972,rock
11.435104,0.0,1.4267,1.7882019,rock
10.7536125,0.0,1.1301275,1.3004621,rock
13.9776535,0.0,1.6769816,2.1961544,rock
11.018595,0.0,1.2476319,1.3717674,rock
17.130215,0.0,1.5482051,2.1095226,rock
12.26357,0.0,1.3296956,1.5955215,rock
12.374115,0.0,1.3235625,1.4504892,rock
9.15728,0.0,1.2084479,1.2141529,rock
18.487597,0.0,1.3302464,1.7649297,rock
12.098325,0.0,1.1618271,1.1593306,rock
11.680739,0.0,1.1878316,1.4279654,rock
12.283978,0.0,1.191955,1.2412995,rock
9.261371,0.0,1.1477478,1.1511718,rock
13.441139,0.0,1.4487828,1.663123,rock
6.7708607,0.0,1.0477796,0.8871379,rock
13.926271,0.0,1.2803206,1.4662143,rock
13.886754,0.0,1.3676876,1.8625555,rock
6.804705,0.0,1.3095915,1.0477324,rock
7.6097627,0.0,1.1181948,0.9065314,rock
6.2246575,0.0,1.1326514,0.96126366,rock
4.630625,0.0,1.0499752,0.7269688,rock
5.379141,0.0,1.0197561,0.6590835,rock
9.018944,0.0,1.1748312,1.2113718,rock
12.319146,0.0,1.0852114,0.92599183,rock
9.953552,0.0,1.058164,0.8457676,rock
8.862421,0.0,1.1529967,1.043449,rock
14.156814,0.0,1.0170324,1.0354918,rock
