rmse_max,rmse_min,rmse_mean,rmse_std,genre
0.32401443,0.019080387,0.130192,0.053201236,blues
0.27168676,0.0043613184,0.095891684,0.04872404,blues
0.3265906,0.039753497,0.17549369,0.052465174,blues
0.38371503,0.009309824,0.14113921,0.079623215,blues
0.28839296,0.007671018,0.0915404,0.04801099,blues
0.45972845,0.0043800697,0.10343772,0.063116826,blues
0.54481196,0.0028511093,0.1416879,0.09371678,blues
0.40518692,0.008340701,0.13174523,0.07439894,blues
0.25835073,0.047362413,0.14236063,0.038767237,blues
0.32053873,0.0075687217,0.08132098,0.06593492,blues
0.518649,0.0028473125,0.14286481,0.09589651,blues
0.26861718,0.003204682,0.065684564,0.050005443,blues
0.3234385,0.018674543,0.11902389,0.0636934,blues
0.39793068,0.026391696,0.11318897,0.064741395,blues
0.3111607,0.010834454,0.06693625,0.05204608,blues
0.36125842,0.008459944,0.080638945,0.05321031,blues
0.2727681,0.014198597,0.08141902,0.051397182,blues
0.27092633,0.019267619,0.09325911,0.046387743,blues
0.4043266,0.014899182,0.07964064,0.054376032,blues
0.3188255,0.017791739,0.09763429,0.050781094,blues
0.34144375,0.015321372,0.07535405,0.04988359,blues
0.3259335,0.022233538,0.101118095,0.05685033,blues
0.4206443,0.01710568,0.1134315,0.060719416,blues
0.2959028,0.016889783,0.101914905,0.059668284,blues
0.30437914,0.0138515,0.08696161,0.05012074,blues
0.4239281,0.02366804,0.089179605,0.055826195,blues
0.56240535,0.01094937,0.076938555,0.07693016,blues
0.27600828,0.018333893,0.09572528,0.04683949,blues
0.38327485,0.013095881,0.09958247,0.0640708,blues
0.36569557,0.008034383,0.124669306,0.069402546,blues
0.36087257,0.04688006,0.17003015,0.056516208,blues
0.364836,0.034356073,0.1515323,0.05651747,blues
0.31318465,0.0015190063,0.101156905,0.062732466,blues
0.28239334,0.03843693,0.13312429,0.047443505,blues
0.30537727,0.014421032,0.13591798,0.05681256,blues
0.3248184,0.04186578,0.17330876,0.057787284,blues
0.43660584,0.027771788,0.19774859,0.06866755,blues
0.23083663,0.004776881,0.069129966,0.047238857,blues
0.38085675,0.023895625,0.1680856,0.062646054,blues
0.3760914,0.006328876,0.08583747,0.05129097,blues
0.22524567,0.077445164,0.13483502,0.027908027,blues
0.22323658,0.066260904,0.12912002,0.029550284,blues
0.20632835,0.0632157,0.11095126,0.022970853,blues
0.25110266,0.058031127,0.12724723,0.036236584,blues
0.21271732,0.07294631,0.136178,0.021601217,blues
0.23061086,0.08255059,0.14830446,0.026622588,blues
0.2020967,0.011235185,0.1025371,0.030762052,blues
0.21663547,0.057905816,0.11219596,0.022986155,blues
0.2171427,0.058725934,0.12392563,0.030320479,blues
0.15502964,0.028809879,0.08856345,0.02138667,blues
0.35924545,0.039847862,0.18233933,0.06304518,blues
0.3052955,0.0906691,0.19665055,0.041328505,blues
0.308979,0.0038792272,0.098878264,0.05475379,blues
0.34647748,0.028868886,0.16826628,0.060638655,blues
0.3789663,0.060735352,0.20081738,0.05973566,blues
0.33267608,0.017969308,0.15775262,0.06557126,blues
0.354812,0.022787746,0.13766219,0.057110447,blues
0.34504822,0.0118986415,0.17587894,0.05973548,blues
0.39069167,0.0214964,0.16195586,0.06921854,blues
0.36333668,0.032196622,0.16994148,0.06523968,blues
0.35730314,0.05406325,0.19614176,0.05874354,blues
0.20595318,0.074475676,0.14170721,0.024906576,blues
0.17237453,0.026953878,0.10619286,0.029403226,blues
0.18292268,0.020489106,0.096282795,0.04163391,blues
0.16813543,0.04258859,0.11736054,0.023370555,blues
0.16288312,0.035469946,0.10030478,0.029393932,blues
0.18500622,0.03248226,0.11046952,0.02652226,blues
0.18265699,0.057634745,0.12903935,0.023658618,blues
0.18268587,0.033703785,0.103048086,0.031367052,blues
0.2052274,0.042528678,0.11654019,0.031051956,blues
0.2047265,0.030229744,0.10612649,0.033264417,blues
0.1607153,0.053569157,0.12049466,0.018094737,blues
0.15009773,0.049470816,0.10387338,0.021147737,blues
0.456085,0.07100672,0.2596552,0.07407714,blues
0.44402817,0.013360335,0.19690311,0.065450355,blues
0.4380673,0.019018527,0.19203044,0.08954655,blues
0.3831764,0.05488624,0.2189702,0.068146445,blues
0.39499834,0.057630587,0.24310125,0.07141665,blues
0.4011554,0.11134879,0.25794896,0.052249998,blues
0.38484445,0.12583372,0.2707483,0.043554246,blues
0.4443939,0.051724784,0.24234188,0.08673091,blues
0.39189807,0.00882608,0.24817622,0.07354899,blues
0.39031935,0.053752344,0.25125322,0.061178267,blues
0.40594175,0.10398134,0.25118035,0.05892491,blues
0.39156643,0.013651778,0.23509325,0.08429818,blues
0.38483495,0.016456595,0.15017585,0.05984866,blues
0.3427368,0.012139548,0.12492373,0.060568705,blues
0.3755669,0.027231794,0.15801172,0.05213325,blues
0.38590726,0.024692556,0.14201057,0.058977254,blues
0.2753805,0.004913157,0.052771624,0.042149816,blues
0.34159854,0.02487689,0.13184188,0.04624496,blues
0.25654915,0.029527865,0.09938009,0.03585715,blues
0.2715611,0.0060583986,0.06304374,0.039157264,blues
0.2448315,0.010989595,0.06589097,0.04247525,blues
0.39379036,0.011867951,0.14092092,0.07328608,blues
0.35439196,0.06927347,0.18706326,0.046427954,blues
0.16313615,0.005246734,0.05132765,0.029231315,blues
0.36790007,0.06103015,0.19820397,0.05434358,blues
0.22857344,0.039029572,0.12533903,0.041297097,blues
0.28398797,0.0054982915,0.10503796,0.07313375,blues
0.10998225,0.007741629,0.03624397,0.014866893,classical
0.085240476,0.007220646,0.030614555,0.012694834,classical
0.10320414,0.016973598,0.043840673,0.013845316,classical
0.11844444,0.0027230158,0.029436052,0.018885167,classical
0.108448364,0.01166849,0.04228822,0.014470085,classical
0.12122002,0.002027709,0.04325064,0.024179827,classical
0.11968338,0.0030914617,0.03322204,0.018671239,classical
0.13582622,0.003159835,0.040846772,0.027783822,classical
0.100936264,0.003864672,0.034031406,0.021452498,classical
0.07794455,0.0029702336,0.023789303,0.01414114,classical
0.10857378,0.002612722,0.029503612,0.020237366,classical
0.07217503,0.0025935518,0.02149812,0.008829223,classical
0.10754363,0.0019133644,0.03140695,0.02480204,classical
0.12666442,0.0020581037,0.031721637,0.026149638,classical
0.12955227,0.0046103536,0.03160188,0.024393825,classical
0.04545919,0.0022735782,0.011429043,0.009404383,classical
0.023851207,0.001161863,0.008008791,0.0042155506,classical
0.14456177,0.003282366,0.03737135,0.03211843,classical
0.12450435,0.002342772,0.018668028,0.017893154,classical
0.03654965,0.0011591795,0.007990337,0.0054650214,classical
0.10739002,0.0019869274,0.0384091,0.0227037,classical
0.16443314,0.004533769,0.045445524,0.03885161,classical
0.12434792,0.000758601,0.047890313,0.029766062,classical
0.04141621,0.00378738,0.017124044,0.006708359,classical
0.14510016,0.008452863,0.0666634,0.023640914,classical
0.1250122,0.016522367,0.06411321,0.022784222,classical
0.18060397,0.0021971322,0.038869526,0.03529014,classical
0.06577525,0.004426596,0.028412972,0.014405327,classical
0.19409217,0.0048773573,0.06258049,0.025580762,classical
0.152866,0.0023699154,0.041575287,0.034915194,classical
0.099159494,0.003438973,0.029729722,0.016558243,classical
0.10924517,0.0023480623,0.026797185,0.018498948,classical
0.027338453,0.0016149505,0.008043457,0.0045761047,classical
0.12601139,0.0004146663,0.012357474,0.013662231,classical
0.16881776,0.0042216713,0.038916074,0.025942003,classical
0.15419762,0.004231193,0.040571712,0.025305733,classical
0.08786858,0.0014585904,0.016008371,0.013771899,classical
0.20605531,0.0022889932,0.04150091,0.030249873,classical
0.17992671,0.0053854617,0.04430227,0.033056352,classical
0.11058558,0.0014702607,0.012813881,0.014808692,classical
0.0980199,0.002273918,0.01974107,0.012951961,classical
0.15541893,0.0024807649,0.021296714,0.02427693,classical
0.28993168,0.022290824,0.13462317,0.052068528,classical
0.26321548,0.0037084133,0.11537952,0.054005258,classical
0.04487658,0.0033978994,0.017927846,0.0066885287,classical
0.28355774,0.033058763,0.13858975,0.041810084,classical
0.19231372,0.028573811,0.115102775,0.018945396,classical
0.030227209,0.0020023738,0.009494158,0.0052696806,classical
0.30071595,0.02504434,0.16088608,0.05636726,classical
0.2538646,0.010347652,0.12373418,0.063526124,classical
0.02122311,0.0006319062,0.007965068,0.004078957,classical
0.21698965,0.003942859,0.08052824,0.05630094,classical
0.16669498,0.0016613563,0.05548111,0.035853125,classical
0.27933103,0.015446087,0.13980983,0.054742787,classical
0.27459678,0.024030318,0.17533353,0.04645984,classical
0.05901385,0.0010559737,0.0130498,0.010620829,classical
0.30374807,0.016868884,0.1898476,0.060378224,classical
0.062418867,0.00095919275,0.016770324,0.009566412,classical
0.07287988,0.004992712,0.029987613,0.011119149,classical
0.19365034,0.009874782,0.069151305,0.035854626,classical
0.15099144,0.011177737,0.0687404,0.026964271,classical
0.18344225,0.007575536,0.048178677,0.030193407,classical
0.21841712,0.00026985697,0.0389268,0.03617834,classical
0.102676146,0.0033628964,0.020152481,0.013462424,classical
0.07640329,0.0016424069,0.012561125,0.013867905,classical
0.14565825,0.004119562,0.029191138,0.02243356,classical
0.13174173,0.0021763297,0.03171597,0.023293355,classical
0.19572298,0.00043522878,0.031677265,0.03648887,classical
0.13781828,0.009195744,0.057378534,0.029722208,classical
0.10538977,0.0066948235,0.029149206,0.012187736,classical
0.13887584,0.0016407446,0.031904,0.02620659,classical
0.21292318,0.0027006606,0.05169907,0.039893553,classical
0.08261913,0.0033603346,0.020721398,0.01419566,classical
0.11655116,0.0040702987,0.043812327,0.023809152,classical
0.15776674,0.004939187,0.037271157,0.026768878,classical
0.0735369,0.0025743737,0.016478458,0.009989277,classical
0.16704503,0.0059842346,0.05884206,0.03754213,classical
0.09088691,0.00035328645,0.016752148,0.017732562,classical
0.030440895,0.00026764968,0.006631079,0.004403584,classical
0.09204217,0.00028015632,0.01884352,0.012051326,classical
0.025300683,0.0004424787,0.0052696657,0.0054506175,classical
0.041289184,0.0027547556,0.016512703,0.0070088822,classical
0.08782909,0.011268598,0.04296314,0.0147623,classical
0.11095297,0.0025441968,0.041872445,0.021725154,classical
0.07542476,0.0018113122,0.021968717,0.013925985,classical
0.12241231,0.007004093,0.038878046,0.020150715,classical
0.14273216,0.008579032,0.031511255,0.018902013,classical
0.05271727,0.0005552027,0.021436756,0.011239038,classical
0.08755235,0.0049533565,0.028229875,0.01521646,classical
0.08294689,0.0068688085,0.03511974,0.014913139,classical
0.0707363,0.00603267,0.023853911,0.010360611,classical
0.11940812,0.0053512617,0.04471866,0.019870678,classical
0.1914248,0.005542761,0.08413399,0.037969958,classical
0.34892085,0.015818974,0.08248694,0.042354744,classical
0.052015208,0.0019629986,0.013991359,0.009005173,classical
0.087341525,0.0016884233,0.0135638025,0.015148959,classical
0.17427869,0.009665693,0.05697671,0.028042825,classical
0.21795677,0.010023345,0.036704183,0.021552127,classical
0.089618735,0.0029727858,0.029099641,0.01821975,classical
0.019860681,0.005999687,0.010497971,0.0020694968,classical
0.33033386,0.13296402,0.24838431,0.026706675,country
0.2841111,0.12740149,0.23043084,0.021256268,country
0.2663757,0.02989821,0.14610802,0.039308127,country
0.3542258,0.08360978,0.2042707,0.043812517,country
0.3240539,0.12811354,0.2093933,0.028376399,country
0.30146682,0.058344275,0.20384075,0.038177334,country
0.33988866,0.10894997,0.21448013,0.03988313,country
0.3214725,0.15463428,0.24406008,0.025491852,country
0.37949747,0.09656652,0.27419725,0.032056443,country
0.3355274,0.12996784,0.23653284,0.036675133,country
0.2291596,0.0115669295,0.07468149,0.0334638,country
0.20367481,0.006671286,0.07848472,0.042720094,country
0.22813995,0.036295623,0.12687828,0.044439998,country
0.2160048,0.029111447,0.080029346,0.033342574,country
0.18530045,0.031928334,0.09264681,0.032391056,country
0.1511035,0.008813752,0.104739495,0.025843909,country
0.16110307,0.015240044,0.07976905,0.027494837,country
0.14704992,0.036657307,0.08870292,0.018607125,country
0.19976577,0.020605978,0.09677969,0.031800702,country
0.23672986,0.014917606,0.08205686,0.056474607,country
0.19306916,0.016523473,0.10520261,0.031466242,country
0.20264672,0.018880548,0.1098368,0.040925745,country
0.21791466,0.020714357,0.07503542,0.03203377,country
0.1059896,0.0022881061,0.038845718,0.021642508,country
0.24876715,0.013302724,0.09660107,0.040946785,country
0.20950408,0.018210268,0.07990662,0.03366538,country
0.19257346,0.027095674,0.10049913,0.03617824,country
0.23072238,0.037314933,0.116559245,0.03205674,country
0.2155287,0.030307254,0.09411102,0.030844996,country
0.26936087,0.03545171,0.11707953,0.045045525,country
0.28395355,0.020203594,0.079619266,0.046542067,country
0.1913755,0.02325239,0.10080858,0.03520171,country
0.19911994,0.008899428,0.06050447,0.03489639,country
0.2304791,0.014349724,0.10454683,0.048030794,country
0.2241017,0.014103088,0.07824791,0.039893165,country
0.20194887,0.02858624,0.0999719,0.033862937,country
0.09286452,0.0026288435,0.022713259,0.015918665,country
0.15215349,0.01922251,0.07204185,0.028474186,country
0.19503878,0.024458239,0.09092475,0.030441727,country
0.21252887,0.033103112,0.0963117,0.027604178,country
0.217096,0.019657556,0.10899377,0.038945425,country
0.18451871,0.046977554,0.11318445,0.024162082,country
0.1736162,0.04262709,0.117697,0.02226733,country
0.21530731,0.03331046,0.09496325,0.038297474,country
0.25396824,0.028267108,0.11366553,0.037615314,country
0.27886918,0.031064035,0.14661238,0.042221416,country
0.1842439,0.03385243,0.10333062,0.033249024,country
0.18287842,0.028397124,0.09065509,0.031277463,country
0.2733713,0.0049605463,0.116934404,0.045800347,country
0.25150892,0.058061782,0.14357977,0.041051704,country
0.17897329,0.033583578,0.10938402,0.031495847,country
0.16708982,0.017435681,0.09027794,0.02876961,country
0.13808939,0.015345506,0.069503844,0.019812722,country
0.22810878,0.05630549,0.13353112,0.033600483,country
0.1920533,0.0274478,0.104260966,0.029991493,country
0.25676996,0.06891055,0.15497614,0.038564447,country
0.23995306,0.052936323,0.13618691,0.045048676,country
0.27513102,0.01972681,0.13006444,0.04855231,country
0.29990765,0.0519843,0.16375947,0.04991638,country
0.2682413,0.037097473,0.14543544,0.048814792,country
0.27850103,0.053872712,0.14100803,0.04144423,country
0.23544134,0.025359046,0.10717965,0.037722252,country
0.22987789,0.024807174,0.1301793,0.03795233,country
0.30126527,0.012536943,0.13140647,0.04925543,country
0.16694063,0.0152950855,0.082580954,0.031749062,country
0.29771623,0.019675247,0.11056769,0.062339116,country
0.28637996,0.06622881,0.13643475,0.03817725,country
0.18982428,0.008712079,0.055430457,0.035105597,country
0.21427894,0.015529445,0.08349272,0.040145256,country
0.29398334,0.014065746,0.0871251,0.046953782,country
0.3345997,0.036298696,0.1442469,0.05290317,country
0.34085542,0.025616039,0.11840969,0.06270744,country
0.28769553,0.013714854,0.1565894,0.048743367,country
0.23094791,0.03296613,0.09581227,0.038134295,country
0.26521385,0.007565081,0.082314834,0.054394685,country
0.36310777,0.04009891,0.17973058,0.05374876,country
0.2769278,0.023104448,0.12832628,0.05277878,country
0.2456612,0.042320654,0.13140137,0.040512234,country
0.25069168,0.0048022135,0.043252815,0.032864917,country
0.25008196,0.03732782,0.11523083,0.039838884,country
0.28350672,0.050608315,0.15323907,0.04634807,country
0.30452752,0.05413216,0.16790287,0.057332803,country
0.2954919,0.03078986,0.1664755,0.048545144,country
0.27252114,0.042354833,0.13104534,0.04272267,country
0.3856605,0.051303353,0.18059872,0.058629815,country
0.2530625,0.061287697,0.13540749,0.043378245,country
0.261332,0.017578136,0.1335073,0.041700263,country
0.2935876,0.020767769,0.10860429,0.052365407,country
0.32601982,0.029779442,0.15263915,0.05218848,country
0.25647685,0.019224068,0.10459916,0.04758657,country
0.31217346,0.031154387,0.14735453,0.048840377,country
0.24636823,0.015166552,0.08943178,0.042048275,country
0.26107678,0.07176529,0.17646493,0.029970152,country
0.19731833,0.010353404,0.092549935,0.041848134,country
0.38567582,0.07799602,0.20664184,0.05497841,country
0.35251462,0.038048957,0.17533581,0.07036883,country
0.37673247,0.077853024,0.2179833,0.058796052,country
0.30139953,0.039447565,0.15299171,0.053277474,country
0.35308078,0.041683614,0.17611368,0.0602844,country
0.3916586,0.07075236,0.22073805,0.06506852,country
0.2695881,0.01356204,0.14226125,0.06436499,disco
0.30205235,0.07991727,0.1770407,0.051041674,disco
0.28576982,0.04988686,0.16131842,0.04676909,disco
0.28501272,0.067347825,0.19658779,0.045571957,disco
0.26425645,0.0200757,0.114560604,0.056612868,disco
0.335658,0.055173278,0.20725702,0.053770594,disco
0.30609882,0.044504534,0.19194463,0.045976,disco
0.3304655,0.042180434,0.15960243,0.07000463,disco
0.3791646,0.030928882,0.19060382,0.07515676,disco
0.2389491,0.026943637,0.11894808,0.04340286,disco
0.36443123,0.0553664,0.23285034,0.05503045,disco
0.36310917,0.054206233,0.18885729,0.045492128,disco
0.28967637,0.031704687,0.1758003,0.060560875,disco
0.27194792,0.032102767,0.1707804,0.048790105,disco
0.2624224,0.09647414,0.17372327,0.034415472,disco
0.34163144,0.07103472,0.2158627,0.0460096,disco
0.31046683,0.066604055,0.20560874,0.044032417,disco
0.27155408,0.042303987,0.11607086,0.05913387,disco
0.27709755,0.018582396,0.1386678,0.047658473,disco
0.31760463,0.023145922,0.14695053,0.05662692,disco
0.19695479,0.030588245,0.124615744,0.028856877,disco
0.2601395,0.033497814,0.11133677,0.04504295,disco
0.30514252,0.03218678,0.13689657,0.0655788,disco
0.32584202,0.017507197,0.1782089,0.044355083,disco
0.30305707,0.03800075,0.14297517,0.06291434,disco
0.2717513,0.020009268,0.10787619,0.05843976,disco
0.24425255,0.028875945,0.14301582,0.039181884,disco
0.2718559,0.005917899,0.115593135,0.05900569,disco
0.32301435,0.07481419,0.17252432,0.05814367,disco
0.29333386,0.02327428,0.1475287,0.05644487,disco
0.3291663,0.043636844,0.1699541,0.068125546,disco
0.28465977,0.01932423,0.11574833,0.050128408,disco
0.3154734,0.011878291,0.111132905,0.0663372,disco
0.2510233,0.048508707,0.15696204,0.032111328,disco
0.26256514,0.030559612,0.12288418,0.04483668,disco
0.34165928,0.034708653,0.15231217,0.06610048,disco
0.31055394,0.06722343,0.17306745,0.055034023,disco
0.31973606,0.044912033,0.16388439,0.060269676,disco
0.22538052,0.02243064,0.11312769,0.043425605,disco
0.23214087,0.037388008,0.124338545,0.03609328,disco
0.33070537,0.02344791,0.14515093,0.07560162,disco
0.34659994,0.051867463,0.1753704,0.058544144,disco
0.23949458,0.031346824,0.13598101,0.043712735,disco
0.28779516,0.034769595,0.1736528,0.049412414,disco
0.2867166,0.038408715,0.1489569,0.054441072,disco
0.26270324,0.05511107,0.13541684,0.053014245,disco
0.24437097,0.023137731,0.11299214,0.054818656,disco
0.17434506,0.005792986,0.0469848,0.032791935,disco
0.21812822,0.012573921,0.112305515,0.04087081,disco
0.42823744,0.0159544,0.20951693,0.085005485,disco
0.2648496,0.05477287,0.1589932,0.042340536,disco
0.21523365,0.034407992,0.10635126,0.035141136,disco
0.28255308,0.034337506,0.12529388,0.044816535,disco
0.36805174,0.012888992,0.1725675,0.073028,disco
0.11666409,0.004595179,0.052156653,0.025798459,disco
0.24651252,0.03933796,0.121490456,0.04312023,disco
0.16520622,0.009622488,0.0762048,0.029741868,disco
0.1353255,0.016550953,0.07617443,0.023165235,disco
0.27645305,0.02343221,0.12223055,0.04814953,disco
0.26168278,0.019720616,0.1169598,0.053529397,disco
0.21380326,0.031589072,0.11449887,0.040757403,disco
0.44146538,0.027468342,0.18443452,0.09845568,disco
0.43576494,0.011892484,0.15116338,0.09200442,disco
0.55241495,0.11988302,0.29373863,0.11063007,disco
0.1999742,0.00957766,0.09222451,0.031128166,disco
0.39284146,0.045730192,0.18535407,0.07458196,disco
0.29988042,0.015074986,0.16957618,0.06250937,disco
0.18539272,0.021355586,0.09135411,0.030665537,disco
0.23825465,0.02764858,0.106793314,0.04098909,disco
0.24780223,0.042761076,0.11158227,0.041622937,disco
0.22416344,0.03451642,0.11101833,0.03728014,disco
0.21441978,0.029721972,0.09814837,0.039542776,disco
0.22130127,0.007390521,0.08449773,0.039807845,disco
0.23560509,0.007464401,0.09553592,0.041574873,disco
0.3670786,0.051647663,0.17761214,0.069489755,disco
0.21201117,0.033107437,0.110856615,0.035716746,disco
0.2785623,0.01863773,0.12425735,0.0513244,disco
0.3897903,0.036350004,0.20663263,0.07055028,disco
0.16533677,0.0067447564,0.068242274,0.037738483,disco
0.20802893,0.013476075,0.084769994,0.04214742,disco
0.14225501,0.01378938,0.059198096,0.032279827,disco
0.21889378,0.0011430058,0.07870453,0.048032887,disco
0.39110807,0.01921172,0.1809062,0.08565347,disco
0.17445616,0.006472635,0.087620184,0.032949243,disco
0.19558531,0.0025654454,0.06203172,0.048151568,disco
0.23966467,0.011487257,0.08925272,0.055083197,disco
0.29184437,0.026847715,0.16525841,0.053891078,disco
0.20388971,0.033190563,0.119228035,0.02925557,disco
0.26013055,0.02862266,0.1190426,0.054267414,disco
0.1693698,0.031366523,0.10027614,0.03169638,disco
0.25177842,0.0212069,0.09060021,0.05367054,disco
0.45518994,0.019106913,0.17351265,0.101285264,disco
0.2465977,0.042881303,0.1067002,0.037122898,disco
0.3465228,0.017458517,0.15334107,0.060240146,disco
0.19051757,0.04409948,0.099305406,0.030424766,disco
0.23974353,0.0017376959,0.09841011,0.05286628,disco
0.25755197,0.025107592,0.09199635,0.040929575,disco
0.21821778,0.02746817,0.10807372,0.047261983,disco
0.22009578,0.036965135,0.12268789,0.03947119,disco
0.22009578,0.036965135,0.12268789,0.03947119,disco
0.2445381,0.0274326,0.12524042,0.049682405,hiphop
0.49206144,0.013584845,0.28558367,0.08268809,hiphop
0.215545,0.009561199,0.09350616,0.03353568,hiphop
0.5549862,0.054467708,0.26646084,0.11605782,hiphop
0.51496804,0.002658093,0.20048167,0.124075845,hiphop
0.48256126,0.0637046,0.26167372,0.073403575,hiphop
0.5373311,0.014281505,0.27048802,0.12675545,hiphop
0.5054858,0.033078164,0.26401678,0.09710807,hiphop
0.4061584,0.0052376473,0.14187486,0.08862002,hiphop
0.4984577,0.013890013,0.21563886,0.09999058,hiphop
0.38497916,0.036706004,0.1716394,0.076671325,hiphop
0.46818852,0.021124834,0.20375179,0.081293724,hiphop
0.39548832,0.079423144,0.19889054,0.06462422,hiphop
0.22070105,0.041335043,0.13660018,0.03243331,hiphop
0.34304905,0.0037738902,0.18516475,0.061277144,hiphop
0.37371117,0.031159073,0.14017272,0.063792855,hiphop
0.523048,0.024243392,0.20763418,0.10585967,hiphop
0.45194814,0.039072078,0.19142626,0.07137046,hiphop
0.37353677,0.005072832,0.16556409,0.08453144,hiphop
0.56783795,0.027135735,0.22598088,0.10856282,hiphop
0.3732523,0.021129921,0.1759158,0.07527184,hiphop
0.42672014,0.05034892,0.24188346,0.073273085,hiphop
0.41095865,0.00042751903,0.1735269,0.07911714,hiphop
0.38929746,0.08845443,0.19052872,0.055666666,hiphop
0.44167635,0.026528997,0.17865911,0.08735754,hiphop
0.41816625,0.061554227,0.25156936,0.08563646,hiphop
0.34366575,0.017518139,0.1641434,0.07931353,hiphop
0.23190817,0.008553197,0.13497086,0.042410493,hiphop
0.2700679,0.033643976,0.15452561,0.035400257,hiphop
0.3429058,0.019053243,0.16638106,0.055529628,hiphop
0.2603552,0.092968,0.19396807,0.029408649,hiphop
0.34890252,0.053457115,0.21307458,0.059878297,hiphop
0.32386062,0.0101044085,0.13448663,0.07220633,hiphop
0.32957068,0.042851508,0.21436137,0.055545572,hiphop
0.35056216,0.07154406,0.22781995,0.052785654,hiphop
0.37922364,0.013865015,0.19127107,0.09198521,hiphop
0.22938363,0.0,0.08916087,0.06418156,hiphop
0.59461015,0.0,0.15945259,0.1313063,hiphop
0.6289663,0.0,0.2692118,0.13875258,hiphop
0.4832734,0.0,0.18296981,0.094229,hiphop
0.5057873,0.0,0.13060717,0.104413696,hiphop
0.61752415,0.0,0.18603957,0.10656504,hiphop
0.48831472,0.0,0.24808368,0.091053896,hiphop
0.42207146,0.0,0.13564475,0.0889286,hiphop
0.16441086,0.0,0.038039632,0.03186978,hiphop
0.4832734,0.0,0.18296981,0.094229,hiphop
0.59134775,0.017603643,0.2280169,0.13402128,hiphop
0.61061335,0.01648686,0.24710079,0.1208832,hiphop
0.51188487,0.01007779,0.23021632,0.111451894,hiphop
0.49384308,0.11203839,0.28883296,0.07705596,hiphop
0.58835715,0.0762411,0.27364036,0.1028743,hiphop
0.41870543,0.014854312,0.24401791,0.08709159,hiphop
0.21473268,0.031160295,0.10996669,0.040237013,hiphop
0.20683137,0.022435974,0.10891584,0.037407216,hiphop
0.23800969,0.028265486,0.124151625,0.04310353,hiphop
0.35538697,0.017424496,0.1337594,0.07005619,hiphop
0.2878256,0.08218316,0.16661067,0.041790657,hiphop
0.36839363,0.07990364,0.22475857,0.06414906,hiphop
0.38004678,0.01309552,0.13039982,0.06643223,hiphop
0.30349314,0.040355697,0.15126342,0.051931437,hiphop
0.30766892,0.009108802,0.18021107,0.06272854,hiphop
0.31485778,0.020051258,0.15561001,0.056644015,hiphop
0.57819325,0.004286692,0.19092278,0.14563152,hiphop
0.5650874,0.004691335,0.18616363,0.13190763,hiphop
0.6075613,0.01468762,0.23596337,0.11903664,hiphop
0.59248567,0.011133335,0.20674568,0.13688642,hiphop
0.48811203,0.00664639,0.18986075,0.12274705,hiphop
0.59359384,0.020730518,0.21792412,0.13911241,hiphop
0.5057196,0.026579402,0.22879635,0.10945791,hiphop
0.45340014,0.010779417,0.27176604,0.08286679,hiphop
0.46364135,0.07767661,0.2787715,0.07466477,hiphop
0.51455534,0.0131422505,0.2470289,0.09063139,hiphop
0.5724532,0.02954474,0.25294384,0.11673583,hiphop
0.554783,0.00017725905,0.30033332,0.1181736,hiphop
0.5299696,0.046557017,0.2083498,0.1016799,hiphop
0.59729624,0.011205131,0.19167505,0.122510776,hiphop
0.65104735,0.005463999,0.23721823,0.1664575,hiphop
0.49922514,0.018046478,0.23842552,0.08487874,hiphop
0.65104735,0.005463999,0.23721823,0.1664575,hiphop
0.36398533,0.00032236803,0.15468617,0.068735406,hiphop
0.18788022,0.02899737,0.14134684,0.025478497,hiphop
0.28729936,0.013136192,0.08638297,0.05822854,hiphop
0.21544388,0.02301961,0.10228207,0.046146013,hiphop
0.27314028,0.016972154,0.11063568,0.0520417,hiphop
0.17001851,0.0014026675,0.065886386,0.044810835,hiphop
0.24338898,0.02084536,0.1062111,0.044128634,hiphop
0.19413738,0.007109461,0.07905022,0.042461634,hiphop
0.21393272,0.015235008,0.10804736,0.052359212,hiphop
0.2459728,0.005131035,0.118590504,0.041931268,hiphop
0.25500447,0.023600377,0.12070812,0.044218782,hiphop
0.25480887,0.033165652,0.109101996,0.042227626,hiphop
0.27010283,0.0087007675,0.11357303,0.043359824,hiphop
0.23093343,0.04576631,0.12256441,0.03985091,hiphop
0.23806682,0.009469785,0.06723458,0.044226043,hiphop
0.25066578,0.025482303,0.110711865,0.03650249,hiphop
0.28082412,0.02208714,0.10348285,0.04232817,hiphop
0.27946383,0.0287637,0.11082602,0.03707976,hiphop
0.24186845,0.033705927,0.11850105,0.04175105,hiphop
0.253272,0.02707748,0.118977465,0.046459913,hiphop
0.5037131,0.011198716,0.15373959,0.12210288,hiphop
0.19000901,0.006441147,0.046762493,0.039286356,jazz
0.083681606,0.0015802791,0.022791114,0.015462553,jazz
0.17159763,0.007800521,0.080827355,0.031509887,jazz
0.15336445,0.0075761587,0.05947569,0.03603388,jazz
0.23825543,0.01410435,0.1087248,0.046665467,jazz
0.3078937,0.0056829965,0.1074972,0.04726898,jazz
0.22819832,0.014797298,0.098557666,0.03685718,jazz
0.25227228,0.010704084,0.093731664,0.047307834,jazz
0.24939391,0.027251935,0.11859105,0.037474282,jazz
0.18908758,0.021754764,0.085357636,0.027148549,jazz
0.1765899,0.008295322,0.064137496,0.040642947,jazz
0.2095599,0.009760349,0.07116985,0.03199497,jazz
0.11077548,0.007889637,0.0375109,0.01654663,jazz
0.14639188,0.014974633,0.055481903,0.0176271,jazz
0.149659,0.0026942876,0.039293658,0.03197367,jazz
0.17892015,0.012664972,0.062368374,0.024967894,jazz
0.20361789,0.0075602666,0.060589816,0.03571416,jazz
0.1921848,0.003759395,0.049848225,0.030662378,jazz
0.15318862,0.018923638,0.05222462,0.017741768,jazz
0.10897254,0.008388664,0.050200842,0.016495796,jazz
0.120838925,0.004217175,0.027123563,0.016731685,jazz
0.12757201,0.010165944,0.047963757,0.020291056,jazz
0.1650396,0.003221212,0.050492767,0.027137207,jazz
0.22536173,0.014566584,0.08783356,0.029748106,jazz
0.17068432,0.0033645486,0.058850657,0.028914437,jazz
0.20681934,0.0056738644,0.06936076,0.038081534,jazz
0.06287237,0.0010319228,0.03192383,0.017736925,jazz
0.103913,0.010219669,0.04059718,0.01584568,jazz
0.19887063,0.001428568,0.048769686,0.02467407,jazz
0.106941454,0.0048201294,0.036303554,0.013136529,jazz
0.06975205,0.0017890225,0.029602116,0.013239757,jazz
0.083748445,0.014318194,0.043587964,0.012984338,jazz
0.11512097,0.0020773145,0.04050316,0.023867823,jazz
0.24986707,0.0061890846,0.06975041,0.04318438,jazz
0.22599638,0.02153225,0.12998866,0.03993758,jazz
0.18240356,0.018343234,0.09149953,0.035104938,jazz
0.23329365,0.012877883,0.08055791,0.034158155,jazz
0.29350606,0.021258302,0.106601134,0.04553051,jazz
0.19218338,0.008835264,0.097780414,0.033796128,jazz
0.24042936,0.011004068,0.082262956,0.03996414,jazz
0.25958866,0.017569372,0.13803996,0.036043637,jazz
0.23501967,0.0065942556,0.07821867,0.040809825,jazz
0.29051605,0.016656805,0.09952182,0.062769234,jazz
0.21611798,0.019488439,0.11171224,0.03793245,jazz
0.23478566,0.020334648,0.08642742,0.036635004,jazz
0.18390264,0.01605594,0.100316875,0.035321653,jazz
0.28117603,0.00927067,0.11051244,0.059103955,jazz
0.12593812,0.0056890664,0.05388066,0.023595426,jazz
0.14682235,0.0134401545,0.05864249,0.01998443,jazz
0.36158285,0.017294928,0.18441704,0.090602525,jazz
0.2650051,0.098425426,0.19042452,0.028103214,jazz
0.24986513,0.0061999224,0.06975202,0.043183833,jazz
0.34378508,0.035306875,0.18859367,0.06745076,jazz
0.22645748,0.021533193,0.1300118,0.03995832,jazz
0.22889528,0.0052311714,0.048151776,0.03476901,jazz
0.18241276,0.018337905,0.09149874,0.035104275,jazz
0.32256672,0.06788241,0.19823949,0.04644267,jazz
0.2319568,0.005187868,0.07812967,0.04779489,jazz
0.23329131,0.012885107,0.08056084,0.034157574,jazz
0.36906716,0.027809255,0.18266174,0.07040805,jazz
0.2935096,0.02126399,0.106615424,0.04552915,jazz
0.33316165,0.042379167,0.23234327,0.037607085,jazz
0.19219092,0.008836953,0.09780148,0.033794496,jazz
0.26148593,0.053509682,0.16229047,0.039159276,jazz
0.30629724,0.07206118,0.21197514,0.045687884,jazz
0.2404345,0.0110121025,0.08226342,0.039963868,jazz
0.26343918,0.040925268,0.17267226,0.03940552,jazz
0.25958836,0.017547244,0.1380443,0.036039393,jazz
0.29052523,0.016662203,0.099523455,0.062770024,jazz
0.21612981,0.019504864,0.11175289,0.03792877,jazz
0.23505989,0.020334791,0.08643475,0.036649115,jazz
0.18391107,0.016061055,0.10031754,0.035322137,jazz
0.28117687,0.009279391,0.11051283,0.059103493,jazz
0.3008734,0.031794306,0.13311215,0.057108838,jazz
0.33629206,0.0105138635,0.112695016,0.07020984,jazz
0.30693036,0.027040433,0.14682163,0.064306974,jazz
0.27975082,0.014766398,0.119166136,0.05486709,jazz
0.25805286,0.023124428,0.14569664,0.05533127,jazz
0.28746653,0.012802788,0.11916368,0.06588009,jazz
0.14733258,0.019821472,0.06984886,0.019650148,jazz
0.14644806,0.031924095,0.0757338,0.019160625,jazz
0.12122307,0.008128163,0.043215886,0.015516095,jazz
0.12914018,0.0073900027,0.047840312,0.019113017,jazz
0.12349057,0.01587375,0.074288204,0.023502482,jazz
0.11764182,0.0104255555,0.051637337,0.02152692,jazz
0.17158645,0.017602973,0.07136117,0.028194612,jazz
0.10822034,0.009003654,0.052408926,0.020316938,jazz
0.17356807,0.0025062014,0.04579199,0.03449992,jazz
0.2005084,0.0110823875,0.09153846,0.03877003,jazz
0.16506957,0.004474494,0.04502918,0.028519806,jazz
0.1420246,0.014674503,0.061363127,0.02040664,jazz
0.13018629,0.003512574,0.0409175,0.025247367,jazz
0.14747071,0.005823298,0.05349315,0.036340684,jazz
0.0770718,0.010568319,0.045294043,0.01228079,jazz
0.117584616,0.001105396,0.03977746,0.02023387,jazz
0.17822811,0.00769,0.06815898,0.026396923,jazz
0.14123471,0.0041602137,0.044368494,0.021491097,jazz
0.121617846,0.0012959949,0.021187648,0.013560481,jazz
0.13479753,0.009781143,0.06013178,0.021344997,jazz
0.1185105,0.0033531128,0.039259337,0.020571617,jazz
0.18088645,0.07784662,0.11609076,0.017463047,metal
0.1396008,0.057792734,0.09726957,0.014733924,metal
0.20369689,0.051706072,0.13275112,0.025318023,metal
0.22207147,0.08129905,0.15017863,0.029228942,metal
0.08729003,0.0032979252,0.06345061,0.010376535,metal
0.23890643,0.060926776,0.1216955,0.03543684,metal
0.0809264,0.026223635,0.0504414,0.010146348,metal
0.10629775,0.045603514,0.06947105,0.012545502,metal
0.10072793,0.027710836,0.05838335,0.014258379,metal
0.40031978,0.16526143,0.31272745,0.032300077,metal
0.15690857,0.04584575,0.1181039,0.012321673,metal
0.30420306,0.14637224,0.23063754,0.015965285,metal
0.14314538,0.06839314,0.11428379,0.009896035,metal
0.116777025,0.005222817,0.086293176,0.012431555,metal
0.11696565,0.003475786,0.07755839,0.015288491,metal
0.14961635,0.06797274,0.11093488,0.013557114,metal
0.38246614,0.13279857,0.2696991,0.042693943,metal
0.1802548,0.06160133,0.11375342,0.020002628,metal
0.15888965,0.07420343,0.11838973,0.011677324,metal
0.17031014,0.0063084755,0.10085454,0.031078428,metal
0.20246969,0.014142626,0.1172756,0.029440805,metal
0.1920409,0.043082457,0.108446255,0.028488038,metal
0.34646472,0.08240823,0.19878227,0.051174685,metal
0.31245622,0.09998371,0.19530222,0.035606135,metal
0.31094533,0.11814656,0.23138711,0.028643627,metal
0.15739591,0.036742967,0.10044173,0.022281507,metal
0.1839735,0.035012983,0.13824102,0.022387616,metal
0.25302166,0.04775916,0.1650778,0.030382726,metal
0.19226113,0.073039524,0.1440742,0.015956234,metal
0.14585224,0.033237666,0.08899233,0.020741325,metal
0.36426798,0.1135293,0.23020585,0.042998165,metal
0.31960934,0.13097928,0.22038391,0.03953137,metal
0.20818868,0.011552023,0.13647573,0.03179901,metal
0.41623685,0.16441533,0.2567308,0.035430405,metal
0.16498742,0.010169626,0.09048659,0.024815362,metal
0.48241282,0.020339431,0.27074897,0.062462587,metal
0.17268035,0.04681514,0.11219081,0.028802315,metal
0.17348467,0.0729498,0.11197951,0.01817151,metal
0.32131785,0.0015144969,0.14581424,0.08357978,metal
0.36217463,0.03937595,0.15433325,0.05809088,metal
0.17538135,0.054244954,0.10460098,0.02387412,metal
0.15526514,0.04153353,0.097560614,0.019056369,metal
0.15214753,0.044951227,0.09364971,0.019671932,metal
0.17106576,0.004660411,0.09044781,0.033403013,metal
0.16400084,0.043167852,0.0953466,0.024279466,metal
0.17286234,0.0024548213,0.08803666,0.031601723,metal
0.2703769,0.14136247,0.21233073,0.02380621,metal
0.32085797,0.108332895,0.21744712,0.03508007,metal
0.31393355,0.14157426,0.22445607,0.031985536,metal
0.30001745,0.1471174,0.21750559,0.025615223,metal
0.36265177,0.169621,0.2489358,0.035917826,metal
0.35794348,0.12930477,0.22617772,0.035457,metal
0.3804617,0.08253212,0.2398198,0.052572466,metal
0.36350894,0.14108603,0.22735067,0.044516433,metal
0.31547633,0.13422571,0.20699105,0.02738856,metal
0.3355536,0.112890795,0.23245998,0.033581816,metal
0.35969698,0.15537336,0.24290091,0.036821663,metal
0.3257395,0.0803724,0.20718965,0.038255684,metal
0.28371802,0.10547511,0.18442486,0.032006573,metal
0.27418938,0.090824425,0.18227965,0.030084321,metal
0.20312467,0.06523808,0.12572911,0.02527246,metal
0.17538135,0.054244954,0.10460098,0.02387412,metal
0.15526514,0.04153353,0.097560614,0.019056369,metal
0.15214753,0.044951227,0.09364971,0.019671932,metal
0.17106576,0.004660411,0.09044781,0.033403013,metal
0.16400084,0.043167852,0.0953466,0.024279466,metal
0.17286234,0.0024548213,0.08803666,0.031601723,metal
0.24261223,0.06593945,0.13624883,0.037760217,metal
0.18926148,0.0018368424,0.09832205,0.03207351,metal
0.23649879,0.08290715,0.17355335,0.024823107,metal
0.12420285,0.0058287047,0.048858766,0.0274496,metal
0.21114878,0.0055313995,0.11531483,0.043909356,metal
0.26766074,0.11237142,0.19427228,0.027740791,metal
0.45208803,0.1619259,0.2933537,0.047151286,metal
0.06702137,0.020813098,0.040842734,0.008877005,metal
0.49095747,0.072130814,0.24473605,0.0812171,metal
0.21739082,0.031517703,0.09692568,0.038130745,metal
0.21722773,0.06659781,0.14909758,0.025035711,metal
0.38930115,0.15545039,0.26945254,0.041785333,metal
0.22754034,0.01090842,0.12730838,0.042055517,metal
0.2887535,0.035178166,0.13986295,0.05509969,metal
0.3275495,0.05526869,0.19039944,0.033330154,metal
0.26461443,0.06494209,0.13158989,0.038606588,metal
0.2998236,0.10740737,0.20863253,0.032678287,metal
0.40723848,0.047156762,0.22978404,0.06490369,metal
0.29789606,0.04511199,0.1519097,0.04644907,metal
0.14270525,0.034664106,0.08828784,0.0184696,metal
0.3667134,0.161395,0.26716456,0.033988945,metal
0.31726474,0.018766649,0.13326412,0.05790108,metal
0.46380174,0.10468101,0.26598838,0.06465005,metal
0.21787132,0.095607504,0.14660068,0.019317577,metal
0.23038548,0.044974096,0.11596696,0.032396138,metal
0.26860443,0.07293591,0.16628256,0.0377508,metal
0.17747004,0.04118772,0.09202425,0.020598114,metal
0.16498742,0.010169626,0.09048659,0.024815362,metal
0.36360097,0.0459181,0.18551446,0.061395895,metal
0.3588415,0.008783321,0.18819803,0.05618646,metal
0.33210924,0.09047461,0.18607971,0.05198461,metal
0.34448427,0.025759406,0.13900022,0.06697174,metal
0.3411591,0.020922747,0.170098,0.061338373,metal
0.49250823,0.02324867,0.18582647,0.08670984,pop
0.5684005,0.02125578,0.26218614,0.121851824,pop
0.39302623,0.045357864,0.215166,0.081188366,pop
0.33551577,0.04955519,0.12935476,0.04256635,pop
0.3700688,0.08596232,0.21116544,0.05067156,pop
0.2974888,0.007990812,0.13953836,0.07726442,pop
0.23558325,0.010496888,0.09395813,0.038234957,pop
0.28108948,0.00933539,0.08428382,0.048815344,pop
0.319897,0.07559308,0.19541194,0.0435261,pop
0.3285859,0.022103768,0.15964586,0.057400856,pop
0.33677688,0.036447797,0.18398008,0.05640239,pop
0.24539167,0.014418988,0.055772327,0.035183422,pop
0.2956957,0.033469435,0.16416128,0.051409636,pop
0.39016262,0.06898843,0.17306519,0.05223403,pop
0.120704025,0.031090206,0.07802102,0.016500289,pop
0.43657255,0.022017108,0.1961825,0.07892445,pop
0.43579867,0.013012606,0.14658915,0.10215594,pop
0.25680223,0.04733713,0.14308856,0.03269124,pop
0.41033214,0.04631773,0.20742075,0.06118442,pop
0.4497581,0.056521624,0.2108711,0.07619817,pop
0.47442904,0.03265486,0.24811077,0.08623803,pop
0.47651827,0.006425346,0.19348684,0.102173984,pop
0.435542,0.02183405,0.1961218,0.07903552,pop
0.42631054,0.024687562,0.21067363,0.085181795,pop
0.47718674,0.016926559,0.20751022,0.09429661,pop
0.42590055,0.0027058104,0.1896258,0.08071181,pop
0.4249649,0.028514225,0.1956684,0.08865435,pop
0.32631317,0.038303565,0.15791942,0.052353084,pop
0.40357044,0.029410485,0.19456434,0.06957141,pop
0.45456943,0.03344663,0.23414308,0.07935418,pop
0.47678074,0.020614723,0.20310587,0.07963953,pop
0.46759647,0.01947961,0.19834772,0.07783123,pop
0.24058785,0.004710683,0.097890966,0.04633424,pop
0.24026594,0.0012385458,0.139912,0.050008796,pop
0.39845395,0.014866232,0.18744317,0.06826979,pop
0.53519934,0.048881646,0.28261182,0.09794556,pop
0.46572313,0.022744816,0.25645226,0.0844243,pop
0.5367781,0.007908873,0.24089603,0.089719206,pop
0.44409332,0.041398637,0.22182827,0.07853155,pop
0.58610386,0.08031801,0.27970567,0.10362971,pop
0.45737904,0.028731443,0.19927946,0.075112365,pop
0.21400896,0.024011057,0.08329674,0.0351989,pop
0.4400217,0.027324202,0.22344245,0.08487153,pop
0.42182407,0.032135837,0.25419882,0.07047601,pop
0.43532768,0.018345691,0.22276354,0.092974156,pop
0.42118606,0.02174817,0.2022946,0.07428934,pop
0.41627127,0.023852462,0.20336604,0.07455644,pop
0.51600504,0.04226255,0.21580054,0.090983115,pop
0.5949783,0.055302702,0.1564599,0.06469113,pop
0.3571454,0.023637854,0.14744551,0.061382707,pop
0.4502939,0.0064752903,0.20836434,0.08127359,pop
0.36970896,0.048769027,0.21318002,0.06526785,pop
0.6496607,0.027954035,0.32143492,0.14283347,pop
0.48943633,0.0043680263,0.17211172,0.0963643,pop
0.6203981,0.025346681,0.27360487,0.12332197,pop
0.5481481,0.014406969,0.24087685,0.13041553,pop
0.56654704,0.005425732,0.24994287,0.12312224,pop
0.6565806,0.025133768,0.3293133,0.14713779,pop
0.3646835,0.0113639785,0.16742225,0.07983135,pop
0.5710368,0.0053592734,0.25179002,0.12356319,pop
0.6203981,0.025346681,0.27360487,0.12332197,pop
0.5514241,0.011301794,0.22080922,0.08771479,pop
0.58043116,0.1190242,0.39785087,0.08474579,pop
0.24893673,0.046265382,0.12609246,0.03565272,pop
0.56914055,0.006929608,0.16902655,0.11092298,pop
0.37104097,0.015648589,0.13348536,0.07795899,pop
0.49736592,0.03419631,0.24325013,0.081651755,pop
0.374407,0.028535027,0.19137336,0.088422254,pop
0.63383406,0.0507155,0.24570654,0.11650278,pop
0.40890256,0.084432065,0.21555631,0.06711796,pop
0.49362582,0.014286501,0.1678202,0.11190055,pop
0.374407,0.028535027,0.19137336,0.088422254,pop
0.41472092,0.042690393,0.23445223,0.0697762,pop
0.48481965,0.05016773,0.2598068,0.09610067,pop
0.67869943,0.015467469,0.21037216,0.14509207,pop
0.4724075,0.024717458,0.18560503,0.09238667,pop
0.5133669,0.0035928504,0.24529977,0.09136549,pop
0.5570287,0.016403858,0.23102272,0.12739554,pop
0.52215123,0.03907708,0.22333701,0.114091,pop
0.10003672,0.000659326,0.037560895,0.019951338,pop
0.50803816,0.042651232,0.2157003,0.09080833,pop
0.19543546,0.02122876,0.09215401,0.03490546,pop
0.49073204,0.028214484,0.20798877,0.0852514,pop
0.27364564,0.052412573,0.14298287,0.04445537,pop
0.41640928,0.016157737,0.17935272,0.097115465,pop
0.38298094,0.011069728,0.19525385,0.06699531,pop
0.23732603,0.04095793,0.1324763,0.038686164,pop
0.30966118,0.06968536,0.19091529,0.046747196,pop
0.55429757,0.006493413,0.23498306,0.13003686,pop
0.5234384,0.010035921,0.22054978,0.10774679,pop
0.31963918,0.07104417,0.19408727,0.04728341,pop
0.49206048,0.026210338,0.2653083,0.09270406,pop
0.47268406,0.04440054,0.22711194,0.091210596,pop
0.45229328,0.07752266,0.24578635,0.08660694,pop
0.41636863,0.046742674,0.19856702,0.083767265,pop
0.5700563,0.09402363,0.3037274,0.09865164,pop
0.5012079,0.030893777,0.25115368,0.06999668,pop
0.5434464,0.007865479,0.20417361,0.1400683,pop
0.42875764,0.016811252,0.21293947,0.07502681,pop
0.33116317,0.021584895,0.13814604,0.0503288,pop
0.2165723,0.014917629,0.09414241,0.042095684,reggae
0.22982389,0.01548442,0.08202816,0.040169694,reggae
0.21584797,0.011784533,0.092480436,0.04284489,reggae
0.23623183,0.0067102294,0.094160885,0.04642554,reggae
0.23373143,0.0028721194,0.10106945,0.05232611,reggae
0.21871588,0.011864602,0.1003339,0.050014418,reggae
0.25165203,0.010884578,0.10510129,0.050817244,reggae
0.21983828,0.011357889,0.09057761,0.03905056,reggae
0.27101108,0.004702851,0.10185106,0.047887698,reggae
0.22236216,0.003633856,0.08663683,0.04325848,reggae
0.2419929,0.0026532419,0.061662752,0.041984536,reggae
0.2275608,0.007642293,0.07841224,0.042676162,reggae
0.1892271,0.0023133021,0.075578645,0.042568274,reggae
0.2861233,0.0073933364,0.11165976,0.051021628,reggae
0.38220045,0.0060662315,0.11409616,0.06342325,reggae
0.28510222,0.0158024,0.13193196,0.05458763,reggae
0.3372109,0.075995326,0.18559653,0.0487323,reggae
0.32631192,0.0066145826,0.13965924,0.059971727,reggae
0.31666738,0.013201577,0.10636914,0.05186345,reggae
0.3696089,0.007414263,0.13875468,0.06816056,reggae
0.27100053,0.01292501,0.13927479,0.05313525,reggae
0.36850497,0.03823483,0.15503213,0.06251937,reggae
0.3061016,0.023722794,0.18218318,0.046521153,reggae
0.22347364,0.007536421,0.1078041,0.0524487,reggae
0.27712345,0.014888534,0.12365177,0.053080305,reggae
0.34936297,0.004782772,0.1267832,0.05457451,reggae
0.30082765,0.009535727,0.13427873,0.059198074,reggae
0.31859574,0.007861104,0.12768055,0.071653925,reggae
0.1773019,0.0047419243,0.07285961,0.041966025,reggae
0.22346954,0.0153711075,0.103837006,0.04281005,reggae
0.19143176,0.007798556,0.080515176,0.036926456,reggae
0.2221539,0.0104252,0.0919936,0.043216787,reggae
0.19333535,0.005572116,0.063896276,0.039923437,reggae
0.1943223,0.0024392982,0.074202016,0.036538325,reggae
0.19877256,0.00786659,0.082489036,0.04310359,reggae
0.20487769,0.0027480887,0.073211916,0.043467525,reggae
0.25472566,0.00762076,0.07998149,0.05635073,reggae
0.21513817,0.0020687494,0.08624027,0.052455164,reggae
0.19075163,0.0041105766,0.07575375,0.03767506,reggae
0.29889992,0.0038329083,0.10385959,0.061126765,reggae
0.122239344,0.0003417216,0.03906876,0.029960416,reggae
0.23174061,0.015896624,0.11992645,0.031211628,reggae
0.21208026,0.0077679907,0.071250305,0.038430676,reggae
0.29277217,0.012460956,0.11061871,0.04219457,reggae
0.33297867,0.0145541355,0.15244086,0.058071367,reggae
0.18911372,0.006129392,0.09121401,0.036325816,reggae
0.17391607,0.01925828,0.09348249,0.03347087,reggae
0.25818452,0.0063973614,0.10929273,0.04615178,reggae
0.22626686,0.0278172,0.12016339,0.03935106,reggae
0.2379838,0.0168287,0.13286576,0.047211315,reggae
0.31122568,0.017012913,0.13106836,0.063469715,reggae
0.22560759,0.010823183,0.117365755,0.057277128,reggae
0.43694475,0.027094502,0.1900278,0.091506794,reggae
0.22251156,0.002121619,0.063052826,0.04292454,reggae
0.24017054,0.01121798,0.09687516,0.046674952,reggae
0.19331466,0.053368848,0.112905614,0.025733143,reggae
0.22090407,0.014576796,0.10052799,0.049716722,reggae
0.26969802,0.0092285145,0.10334067,0.04792136,reggae
0.25155395,0.0044548083,0.09115262,0.039449923,reggae
0.2386311,0.018357566,0.12639175,0.044365726,reggae
0.094648406,0.001969186,0.025837054,0.018483683,reggae
0.2955594,0.008511937,0.18103953,0.05409057,reggae
0.15340526,0.0043211426,0.057322286,0.030636976,reggae
0.22749609,0.007892583,0.097581275,0.047118206,reggae
0.42724767,0.042330217,0.26777142,0.08550898,reggae
0.5853644,0.02932759,0.29808503,0.120830074,reggae
0.29856437,0.011990293,0.12912783,0.051514022,reggae
0.25827873,0.041556265,0.14007322,0.04437385,reggae
0.23822123,0.020206552,0.095324196,0.042288855,reggae
0.2659367,0.014203464,0.12575796,0.038681094,reggae
0.26257613,0.01936355,0.14901283,0.042362005,reggae
0.38960207,0.010801861,0.15084101,0.06998157,reggae
0.3311994,0.009213092,0.14293236,0.06894711,reggae
0.297479,0.04162791,0.19222166,0.03613924,reggae
0.297479,0.040711746,0.19221866,0.03615637,reggae
0.4050119,0.026117291,0.17095791,0.08145701,reggae
0.41682786,0.014896574,0.21068911,0.081474684,reggae
0.22130743,0.022041023,0.11652951,0.038973723,reggae
0.18132381,0.010715766,0.09433407,0.031337388,reggae
0.24636357,0.010275302,0.08061355,0.051384825,reggae
0.47205687,0.008935566,0.19575419,0.10297495,reggae
0.45261434,0.007671229,0.17930914,0.099637896,reggae
0.45261434,0.007671229,0.17930914,0.099637896,reggae
0.18910983,0.009909758,0.0567255,0.032753885,reggae
0.23271179,0.025069624,0.1142016,0.036047895,reggae
0.2991715,0.008115635,0.11948926,0.05977037,reggae
0.41621476,0.043681286,0.35094303,0.12005413,reggae
0.50803614,0.012179911,0.20783828,0.11355698,reggae
0.24999493,0.02138885,0.12002136,0.041697733,reggae
0.27624452,0.021974292,0.15138194,0.06290868,reggae
0.46558428,0.0115723675,0.1442626,0.09096025,reggae
0.16294543,0.010613849,0.0688135,0.030584881,reggae
0.21795861,0.015425707,0.0921382,0.04132403,reggae
0.22835107,0.013682103,0.107127175,0.04196894,reggae
0.24238852,0.041060816,0.13470538,0.036216013,reggae
0.33869103,0.056095798,0.16228151,0.064256966,reggae
0.3293063,0.016425313,0.16214606,0.07133423,reggae
0.28462672,0.016634146,0.110719286,0.051044982,reggae
0.29053676,0.033985022,0.13910417,0.046858415,reggae
0.30198553,0.053409904,0.18010452,0.038568363,reggae
0.36306256,0.020671101,0.12913728,0.071991,rock
0.34245694,0.008098571,0.1804532,0.0701067,rock
0.35592142,0.011479482,0.14855237,0.08097607,rock
0.3427797,0.016324144,0.15116914,0.063112296,rock
0.31663272,0.06461156,0.20868327,0.04268563,rock
0.35839957,0.045058347,0.20368445,0.05564927,rock
0.29407743,0.012494907,0.180115,0.05979728,rock
0.34641218,0.053710084,0.15703405,0.060326744,rock
0.36670816,0.16753721,0.26079556,0.03035895,rock
0.35265163,0.045117673,0.12820888,0.061624885,rock
0.30689,0.032010972,0.15343888,0.05189988,rock
0.25154206,0.04972181,0.12337732,0.030746937,rock
0.17924398,0.013518559,0.07588579,0.03612932,rock
0.26914334,0.033420864,0.13374001,0.044163357,rock
0.17580669,0.00076063495,0.053521454,0.033535693,rock
0.36447805,0.012875573,0.08229963,0.0556795,rock
0.28371802,0.10547511,0.18442486,0.032006573,rock
0.2823466,0.07234827,0.16596873,0.034751005,rock
0.29162025,0.032705415,0.14070792,0.046685457,rock
0.2199654,0.024657914,0.11218207,0.03821396,rock
0.30681893,0.059154335,0.15241936,0.045143668,rock
0.30713877,0.05390265,0.16148923,0.05040263,rock
0.30337426,0.03538658,0.17382123,0.047589466,rock
0.2347316,0.044831585,0.13574292,0.040883273,rock
0.26847267,0.038699187,0.15652086,0.040173106,rock
0.25037387,0.06045956,0.14910567,0.039253347,rock
0.24395846,0.06761927,0.15269838,0.034311343,rock
0.10821818,0.019972693,0.07916758,0.01575516,rock
0.20366648,0.04042599,0.13879743,0.029674638,rock
0.29043522,0.076805376,0.18004598,0.03508329,rock
0.15632415,0.040028214,0.09645353,0.022310095,rock
0.29892585,0.004464841,0.12612896,0.055544443,rock
0.35383785,0.06373871,0.22213958,0.049472556,rock
0.27037114,0.044339165,0.12781934,0.03722968,rock
0.25370723,0.10785601,0.19107996,0.02802973,rock
0.19258676,0.06058433,0.124116,0.021461869,rock
0.31220043,0.05951432,0.21663715,0.03808234,rock
0.19934471,0.036636263,0.11332251,0.03135394,rock
0.38256165,0.048194677,0.21929601,0.06543529,rock
0.2631794,0.029751496,0.14427856,0.03841627,rock
0.27605775,0.017638624,0.14280498,0.05609977,rock
0.27501765,0.023362115,0.16064365,0.045297857,rock
0.24659589,0.029464124,0.118928455,0.04419747,rock
0.29447904,0.0068089403,0.13984786,0.058295,rock
0.29208773,0.05547687,0.14432807,0.035136662,rock
0.17753683,0.022352124,0.096998475,0.028578226,rock
0.24559477,0.01270117,0.12062349,0.037010446,rock
0.27645934,0.026414314,0.13890298,0.044473328,rock
0.21983719,0.06965613,0.14556131,0.023994682,rock
0.24951202,0.019631002,0.10099384,0.04814723,rock
0.39454123,0.03851709,0.14123225,0.07133214,rock
0.30481726,0.057973098,0.16165073,0.046805386,rock
0.3191315,0.008227978,0.11328633,0.07461903,rock
0.31181744,0.10201667,0.19013545,0.043481354,rock
0.17520411,0.017365184,0.06547274,0.025220275,rock
0.29164547,0.039752338,0.14718625,0.04794189,rock
0.3801561,0.06339108,0.17569767,0.045361653,rock
0.20873761,0.042280767,0.122580044,0.031727612,rock
0.12619911,0.045362104,0.08744087,0.01416918,rock
0.08852129,0.025046568,0.051181402,0.013552532,rock
0.17724508,0.037034072,0.10329776,0.024485411,rock
0.14389893,0.03348451,0.088340685,0.02100368,rock
0.14797223,0.013063483,0.060440347,0.028140185,rock
0.1119453,0.012048234,0.05309907,0.019103916,rock
0.22077453,0.012588452,0.107048035,0.040649295,rock
0.22860247,0.022493238,0.114652164,0.03605105,rock
0.14719312,0.0023810698,0.042979974,0.028778063,rock
0.23206793,0.0094648,0.10014721,0.03924972,rock
0.14715858,0.017673852,0.09121902,0.023548199,rock
0.11742409,0.007253225,0.04701054,0.016519219,rock
0.1587229,0.010585676,0.05409812,0.025430888,rock
0.2808628,0.03527594,0.16090843,0.050112337,rock
0.30117774,0.02682352,0.16546212,0.048510417,rock
0.30521616,0.046417437,0.16931798,0.04645632,rock
0.2997369,0.05519441,0.15381563,0.04436295,rock
0.24415375,0.025151702,0.12686443,0.042229928,rock
0.29531264,0.020098185,0.14587216,0.048076477,rock
0.24441269,0.025666878,0.12869976,0.04373941,rock
0.2772944,0.023138208,0.14438899,0.04575005,rock
0.20392227,0.050914086,0.11669326,0.028076034,rock
0.18627508,0.033269756,0.10433086,0.029668791,rock
0.19690293,0.0021418133,0.09363885,0.038313136,rock
0.18041965,0.0073433793,0.09327282,0.032134183,rock
0.17419621,0.044638857,0.10167485,0.022780668,rock
0.16597171,0.037025627,0.106816106,0.028050434,rock
0.14075242,0.007743114,0.063018024,0.02960881,rock
0.19537103,0.002636249,0.076273166,0.04788148,rock
0.26123133,0.0852128,0.16569988,0.032079473,rock
0.17664418,0.004857202,0.089476675,0.03840714,rock
0.21986462,0.021673521,0.10521845,0.037214153,rock
0.23204078,0.054795485,0.1546425,0.038554817,rock
0.13635743,0.05752775,0.10825303,0.012780053,rock
0.14585537,0.061264303,0.10687875,0.014712857,rock
0.16460855,0.044439547,0.1057426,0.021932373,rock
0.17532222,0.051826257,0.101931095,0.019278236,rock
0.14135824,0.03881365,0.07944141,0.018598795,rock
0.14504652,0.023600789,0.076425396,0.024282128,rock
0.13297357,0.03734277,0.08158259,0.017962335,rock
0.15649754,0.0028458775,0.08383445,0.034732975,rock
0.12077535,0.02123225,0.05444213,0.018348562,rock
