rolloff_max,rolloff_min,rolloff_mean,rolloff_std,genre
7644.287109375,1830.322265625,3806.4186497738488,949.3838319123846,blues
8085.7177734375,333.7646484375,3548.9868730952494,1725.3383493061522,blues
6556.8603515625,441.4306640625,3041.0899442784926,884.8426541198174,blues
7611.9873046875,387.59765625,2185.0617872303114,1222.3723095329324,blues
7084.423828125,1152.0263671875,3581.003346162684,1253.8472082559008,blues
7698.1201171875,775.1953125,3480.8539517523704,1810.097358189528,blues
6761.42578125,441.4306640625,2795.67476160386,1273.8488337810736,blues
7095.1904296875,592.1630859375,2955.7654602239745,1276.9357186257082,blues
6707.5927734375,1787.255859375,3781.5188003398316,1123.830736936971,blues
6686.0595703125,1238.1591796875,3944.584480970637,1169.2472363386128,blues
6707.5927734375,516.796875,2767.5082652561437,1194.0923722471903,blues
6815.2587890625,215.33203125,2882.31590436339,1712.5018145222573,blues
6503.02734375,376.8310546875,2739.791766187355,976.0043854573764,blues
5792.431640625,581.396484375,2710.3669441152283,1037.1194677358196,blues
5254.1015625,247.6318359375,2345.777482071159,936.497139040366,blues
6147.7294921875,592.1630859375,2930.240614569224,836.9628042321557,blues
5867.7978515625,667.529296875,3009.9651324859715,1005.4885183924602,blues
5135.6689453125,333.7646484375,2134.7537581027477,1040.1175624181956,blues
6589.16015625,516.796875,3495.4621967516446,1352.6626778846232,blues
5803.1982421875,441.4306640625,2235.2114839819565,1099.3750886750324,blues
6513.7939453125,645.99609375,3005.7401580338137,972.856996829294,blues
5189.501953125,258.3984375,1831.1222607875386,1161.5990322554355,blues
5673.9990234375,247.6318359375,2170.511875211639,1153.7443478601008,blues
5092.6025390625,495.263671875,2522.5430798604393,781.1815275234986,blues
5221.8017578125,269.1650390625,2325.127606938129,1067.2899656487189,blues
4974.169921875,355.2978515625,2243.744765715702,915.8907256851093,blues
5673.9990234375,398.3642578125,2478.8266775408765,995.8270323101638,blues
5103.369140625,667.529296875,2811.1413347462753,735.6703511002595,blues
4489.6728515625,376.8310546875,2290.3194840847523,798.9420886424391,blues
8204.150390625,215.33203125,3761.610587388738,2039.7830928171659,blues
7795.01953125,398.3642578125,3015.0567683642125,2139.362055292999,blues
8042.6513671875,430.6640625,2900.174129710478,1926.053370980482,blues
7891.9189453125,204.5654296875,2765.658276442773,2165.6504450058424,blues
7967.28515625,258.3984375,3246.7553673144835,2360.3217720791267,blues
8064.1845703125,226.0986328125,3600.91989239672,1927.3072014806512,blues
7644.287109375,796.728515625,3405.4127412683824,2045.7335105485793,blues
7644.287109375,419.8974609375,2621.5758143563758,1739.8818684653004,blues
6879.8583984375,139.9658203125,2339.3941873367357,1730.8508732075327,blues
8171.8505859375,506.0302734375,3449.8458059210525,2057.28726714078,blues
8031.884765625,269.1650390625,2312.5276831281444,1980.6383071910088,blues
8333.349609375,2400.9521484375,5108.277444278493,762.7345013131381,blues
8484.08203125,3359.1796875,5403.758990875339,976.8830958780043,blues
7213.623046875,1744.189453125,5188.535292303599,749.9595597932391,blues
7762.7197265625,2379.4189453125,5011.978026587896,968.9260287287233,blues
7170.556640625,3240.7470703125,5198.476898854731,755.0914133861111,blues
6599.9267578125,1765.72265625,4551.180812965606,905.7070860611025,blues
8193.3837890625,1270.458984375,4776.687782689145,1135.2819127349276,blues
7256.689453125,2400.9521484375,4849.570675309597,762.0562738864305,blues
7773.486328125,2487.0849609375,4673.621739248742,905.8536942445713,blues
7062.890625,312.2314453125,3046.8565760751258,1752.1408511833672,blues
7611.9873046875,2067.1875,4175.766416378435,898.2229020662336,blues
7536.62109375,2583.984375,3942.8761579672987,834.209234345384,blues
6621.4599609375,204.5654296875,3069.306440323868,1443.4119232810701,blues
7762.7197265625,2196.38671875,4237.0993788397345,863.9152045781502,blues
7364.35546875,2013.3544921875,4062.6921001233554,920.8232293326361,blues
8031.884765625,1851.85546875,4023.509003724845,879.0448638646468,blues
7827.3193359375,409.130859375,3927.2429191660217,1231.3315034909467,blues
7353.5888671875,1690.3564453125,3828.0685188600523,1117.112217395679,blues
7256.689453125,1948.7548828125,4231.51607926785,1063.8712928617733,blues
7202.8564453125,2228.6865234375,4390.048453977603,850.8177194651106,blues
6513.7939453125,2357.8857421875,3955.776079963235,799.9113808803812,blues
7224.3896484375,3068.4814453125,5077.135965920085,630.3619881738924,blues
7396.6552734375,2217.919921875,4732.271384602361,883.8977883955886,blues
7590.4541015625,3326.8798828125,5710.907133592541,690.0803817298515,blues
7245.9228515625,4059.0087890625,5148.04387048302,525.9242194108207,blues
7805.7861328125,3951.3427734375,5614.507716506628,785.3509586715169,blues
7482.7880859375,2583.984375,4972.26993336397,857.0153623584257,blues
7375.1220703125,2691.650390625,4755.35457835478,831.3704934981387,blues
7579.6875,3596.044921875,5247.468269277283,687.598034997615,blues
6965.9912109375,2659.3505859375,5004.08640764077,696.192153206146,blues
7558.154296875,1787.255859375,4685.038336880805,1036.7165589095857,blues
7192.08984375,3897.509765625,5065.152705047891,481.85747263527605,blues
7601.220703125,3811.376953125,5660.282439713139,740.6599720847397,blues
7687.353515625,2670.1171875,4482.2562297431305,704.1613658976624,blues
7870.3857421875,1625.7568359375,5771.615099833108,999.0489814240641,blues
8559.4482421875,968.994140625,4703.588224712171,1362.2821307432253,blues
7988.818359375,2960.8154296875,5611.974398491921,761.5883041826203,blues
7579.6875,2347.119140625,4657.321837812016,1044.391298035268,blues
6933.69140625,3143.84765625,4942.928444121275,694.0909006284389,blues
7579.6875,3380.712890625,5267.559814453125,644.0596092191854,blues
7579.6875,1259.6923828125,3743.635696080447,877.4676997909273,blues
5943.1640625,2056.4208984375,4195.97462751548,661.3751381137191,blues
7827.3193359375,2594.7509765625,4627.63035068571,986.1523116868941,blues
7902.685546875,3090.0146484375,5036.269546367066,666.8892318188173,blues
7655.0537109375,2336.3525390625,4221.307807662539,1108.3765127164813,blues
7149.0234375,204.5654296875,2637.734049983069,1438.3285703860097,blues
7708.88671875,290.6982421875,2517.6097763581174,1879.8946696917412,blues
7924.21875,290.6982421875,3083.26468925358,1482.085456508031,blues
7267.4560546875,226.0986328125,2075.0707856641834,1007.6709715616672,blues
7310.5224609375,172.265625,1455.816196878628,1035.2206174365929,blues
7773.486328125,355.2978515625,3470.72901297649,1899.939300528872,blues
7278.22265625,258.3984375,1943.2882492018189,1509.6491652922746,blues
8074.951171875,215.33203125,1601.531982421875,1512.6972956557938,blues
7601.220703125,258.3984375,928.8527166880322,707.1282770342528,blues
6998.291015625,312.2314453125,2519.0431010243324,1681.0021073537857,blues
7827.3193359375,506.0302734375,2754.6166765431503,1470.3694163962273,blues
7967.28515625,516.796875,2066.2458390274282,1318.522722872366,blues
6826.025390625,312.2314453125,2604.350918512964,1577.3285117298888,blues
8107.2509765625,2400.9521484375,4829.08746583543,786.6746121574206,blues
7310.5224609375,850.5615234375,3175.4391318873354,1018.3339471000355,blues
5232.568359375,1496.5576171875,2717.316902089783,546.7603168228101,classical
4338.9404296875,1033.59375,2387.9772268950755,608.09330733818,classical
4489.6728515625,1421.19140625,2784.9498264560757,524.2525589690716,classical
5340.234375,990.52734375,2915.6907025505516,706.9115397268462,classical
5221.8017578125,1776.4892578125,3176.230793766931,576.7221606352588,classical
5351.0009765625,1539.6240234375,2836.7578465133997,551.9697299823162,classical
4457.373046875,1410.4248046875,2738.0917764669603,562.011394486981,classical
5587.8662109375,247.6318359375,2668.167199291312,718.4123615773287,classical
5114.1357421875,1453.4912109375,2974.0070165864454,555.3143361351715,classical
5792.431640625,796.728515625,2560.8928479646383,831.9792159064397,classical
5006.4697265625,1238.1591796875,2868.049323964783,587.590732497675,classical
4112.841796875,710.595703125,1695.8730786208398,643.1465484973977,classical
4198.974609375,441.4306640625,2154.0036417013353,739.8409855586402,classical
5404.833984375,796.728515625,2599.025950712316,869.543030976253,classical
4295.8740234375,1173.5595703125,2389.4272181271767,621.2570220899805,classical
5221.8017578125,990.52734375,2619.859158070095,783.579353360144,classical
5232.568359375,645.99609375,1947.2048921850812,741.8915276736233,classical
4823.4375,1291.9921875,2418.1770442809116,698.6711069107322,classical
5221.8017578125,710.595703125,2182.0034723901895,964.0384525099945,classical
5404.833984375,592.1630859375,2289.252823868034,906.7354699337623,classical
5469.43359375,925.927734375,2295.311120567676,684.9864910773482,classical
5943.1640625,1065.8935546875,2570.159458597378,730.4832401423996,classical
5523.2666015625,936.6943359375,2237.4698036595396,556.1358440663652,classical
3671.4111328125,462.9638671875,1852.522131385449,541.0915657450415,classical
3768.310546875,1184.326171875,2293.0278010412635,526.6830070388905,classical
3940.576171875,1119.7265625,2139.1537314967104,449.6421613234719,classical
3962.109375,979.7607421875,2233.2198293585525,578.6704298649663,classical
2357.8857421875,635.2294921875,1456.6161920411669,358.664726630129,classical
4554.2724609375,829.0283203125,2397.4188364696206,761.4307643326928,classical
5307.9345703125,915.1611328125,2922.2156630950076,813.5381150881905,classical
4015.9423828125,473.73046875,2353.2857700029026,698.7859047702765,classical
4069.775390625,301.46484375,1434.199660924197,622.4557253506229,classical
3057.71484375,624.462890625,1207.3843657785894,319.8806721218103,classical
5189.501953125,775.1953125,2165.7952370658377,797.168170539471,classical
4758.837890625,872.0947265625,2655.325610275977,739.0680647502878,classical
4317.4072265625,376.8310546875,1823.9389708905767,968.4573217691483,classical
6589.16015625,592.1630859375,2440.3352436266446,1242.0561679321002,classical
5340.234375,1044.3603515625,2838.866167098007,741.4885175235808,classical
4005.17578125,624.462890625,2377.393957557324,596.323693958244,classical
6363.0615234375,990.52734375,3161.49754952351,938.1993401173291,classical
5232.568359375,1055.126953125,2652.8339586759867,695.8411401442927,classical
4403.5400390625,1001.2939453125,2462.0767788252224,605.6506452258146,classical
3563.7451171875,1507.32421875,2172.5785293815306,413.7550622099973,classical
8171.8505859375,710.595703125,1611.1902573529412,1051.9943054536234,classical
7515.087890625,775.1953125,2032.8127078596654,754.756606326859,classical
3240.7470703125,1130.4931640625,1901.2301701879353,316.61890614323363,classical
5996.9970703125,1830.322265625,3634.0696919444176,684.9376592806194,classical
3165.380859375,1259.6923828125,2083.120736987229,395.3899375004881,classical
7278.22265625,872.0947265625,2771.5582407664956,1581.8773318771566,classical
7988.818359375,2616.2841796875,4467.456319236165,1274.59223572557,classical
4769.6044921875,1550.390625,2360.427393485149,487.7458802548013,classical
6879.8583984375,979.7607421875,3220.8305240784634,1235.0591897737131,classical
9453.076171875,1927.2216796875,4994.561465236794,1484.226326582936,classical
5135.6689453125,893.6279296875,2749.3833748548764,764.4637144303014,classical
8010.3515625,1787.255859375,2833.499532882643,633.7709386120484,classical
4414.306640625,635.2294921875,1764.9809940680632,838.9628303367709,classical
7579.6875,2056.4208984375,3077.8397220576144,608.6366387180494,classical
9345.41015625,807.4951171875,3236.6554283874325,1427.3778536012207,classical
3886.7431640625,1055.126953125,1821.2139873681792,469.4563219368383,classical
5534.033203125,796.728515625,2841.9578150699012,661.5827509183385,classical
6621.4599609375,1410.4248046875,3366.3129776993032,930.0928984146143,classical
9119.3115234375,732.12890625,2474.968367538216,1143.1499219376196,classical
8344.1162109375,312.2314453125,2809.8330093242066,1636.5689218836008,classical
1281.2255859375,484.4970703125,749.5288010352167,121.68623280578541,classical
6104.6630859375,559.86328125,1876.2136547927148,1363.871165980991,classical
2250.2197265625,516.796875,1013.5772043706463,274.85492534245793,classical
5038.76953125,484.4970703125,1007.5022411051181,497.8865489310672,classical
8699.4140625,506.0302734375,1993.387946255805,2045.8663162714845,classical
4640.4052734375,1550.390625,2812.9663237108166,490.97952882192897,classical
4037.4755859375,1421.19140625,2443.718556501548,399.5778295376946,classical
4349.70703125,947.4609375,2522.8430780463914,612.9043866417256,classical
4134.375,1012.060546875,2615.034187246033,522.1648479117981,classical
4349.70703125,947.4609375,2477.143354386368,680.3022716832585,classical
4468.1396484375,710.595703125,2104.7456062246033,667.846613746307,classical
4629.638671875,1098.193359375,2568.7761336288218,598.7363445864434,classical
3736.0107421875,872.0947265625,2235.9864792956655,568.2076223314386,classical
4360.4736328125,1399.658203125,2522.134748996227,509.11250892056313,classical
3983.642578125,602.9296875,1236.3091908741292,513.292641837291,classical
4489.6728515625,549.0966796875,1037.702058490954,553.0597138999855,classical
4220.5078125,613.6962890625,1159.4013225921537,377.8450163725778,classical
5372.5341796875,581.396484375,1911.3134425491003,1025.5866701468772,classical
4317.4072265625,742.8955078125,2164.4285786631676,565.1323409327065,classical
4414.306640625,1044.3603515625,2489.984943401703,658.9583469513763,classical
2497.8515625,785.9619140625,1401.899856236697,314.5131794091794,classical
3822.1435546875,796.728515625,1733.6895166166796,312.4731904126374,classical
7773.486328125,1162.79296875,2732.8751413445725,982.7080859487011,classical
6276.9287109375,979.7607421875,2496.8682351127127,1026.9516681001223,classical
4640.4052734375,592.1630859375,1457.2911879595588,449.8466324004567,classical
6072.36328125,1184.326171875,2347.3024728497485,546.4622406837423,classical
5986.23046875,2519.384765625,4296.815684410071,612.1713859716259,classical
6190.7958984375,2519.384765625,4066.9587409902283,712.7733869127588,classical
6126.1962890625,1991.8212890625,4066.492077145414,624.4911835124846,classical
4661.9384765625,990.52734375,3072.531420822852,801.0748092491094,classical
4780.37109375,1550.390625,2732.100146030863,542.6951616206267,classical
5673.9990234375,904.39453125,2927.490631197997,700.4116306094677,classical
5641.69921875,215.33203125,3426.4376141338525,929.9601231527048,classical
5975.4638671875,2379.4189453125,3573.161726913216,673.4319066179766,classical
5318.701171875,1065.8935546875,2781.1748492828465,582.2992339686407,classical
5673.9990234375,1582.6904296875,3780.5438062354874,668.6600544060751,classical
5189.501953125,1948.7548828125,3325.1048935456174,588.980757478468,classical
9625.341796875,2508.6181640625,6220.629051373839,1342.276678105714,country
9313.1103515625,4015.9423828125,6279.203697180969,791.5598281525666,country
9657.6416015625,2799.31640625,5187.343632842734,1330.6809821269019,country
9410.009765625,1948.7548828125,4348.07370779315,1605.685772698808,country
9022.412109375,3585.2783203125,6349.4199392596265,1086.0760457248387,country
9119.3115234375,3133.0810546875,6172.429342830882,1082.0544533970278,country
8828.61328125,2573.2177734375,6004.497024961301,1410.0154941131848,country
9043.9453125,2767.0166015625,6400.052966421972,1186.5338609985793,country
8613.28125,2325.5859375,5478.791870495114,1193.131073683811,country
9076.2451171875,3832.91015625,6926.349783977119,931.5198378559688,country
9916.0400390625,872.0947265625,3768.960542944563,1415.5546714863515,country
9786.8408203125,1485.791015625,6046.530104126355,2003.1586373706805,country
8570.21484375,979.7607421875,3440.6958612495164,1663.8303853721993,country
10066.7724609375,2476.318359375,6062.846672128967,1682.2057551640355,country
10346.7041015625,2874.6826171875,6568.8436124346945,1633.0516152082962,country
8010.3515625,915.1611328125,4208.8912160773025,1247.0019673322251,country
5458.6669921875,484.4970703125,2880.507581964735,1166.722909786904,country
5921.630859375,624.462890625,2966.873726387142,1361.2311216776623,country
9754.541015625,1571.923828125,4098.033553085091,1433.7653443287084,country
6169.2626953125,398.3642578125,2117.4705292787344,829.0838126380823,country
9130.078125,301.46484375,5215.735127829915,1812.9749129074503,country
6459.9609375,796.728515625,1945.0382386198723,746.3448486629975,country
8107.2509765625,1162.79296875,3448.595813479586,1083.0009400583099,country
9625.341796875,355.2978515625,3056.189852971411,2098.0979020575087,country
7202.8564453125,732.12890625,3425.5292862930532,1531.8056138701252,country
9237.744140625,915.1611328125,3190.1057098672118,1412.241926697509,country
7364.35546875,785.9619140625,2498.2598933642125,1263.4402442208539,country
8387.1826171875,1970.2880859375,3908.3263668851587,1050.757898632124,country
7364.35546875,1313.525390625,2925.3573107645607,772.420677477693,country
9442.3095703125,732.12890625,2274.1195820433436,977.7855751208073,country
8505.615234375,430.6640625,2412.9187427438083,1908.721589413968,country
10066.7724609375,2142.5537109375,4094.358575307179,1426.0779983692885,country
8828.61328125,667.529296875,4016.8007109556406,1497.8254414584858,country
8979.345703125,1625.7568359375,4914.728614641786,1264.5953625395116,country
9560.7421875,1625.7568359375,5435.150467722039,2001.4373017643327,country
9733.0078125,2357.8857421875,4581.230631258465,1628.7444419601745,country
8451.7822265625,506.0302734375,3647.25294556042,1511.3678834507082,country
9603.80859375,1787.255859375,4234.307729053792,1882.6195008389827,country
9571.5087890625,2551.6845703125,6247.037225020559,1464.6209501784915,country
10185.205078125,3886.7431640625,7442.646662000532,1315.349647062074,country
9216.2109375,2228.6865234375,5043.0028389851,1267.577777790949,country
10346.7041015625,1614.990234375,5807.6232154302925,2135.520786078756,country
9840.673828125,1894.921875,5389.550743457334,1280.5289241515745,country
9474.609375,2368.65234375,5071.785998270608,1350.3600700357408,country
9410.009765625,785.9619140625,3360.9380102009964,1728.9103422323744,country
9388.4765625,2605.517578125,5621.632673422988,1398.1254508540312,country
8548.681640625,1894.921875,3843.9517561496227,905.6098857083834,country
8451.7822265625,1270.458984375,3556.786825930002,938.3433223941912,country
10109.8388671875,473.73046875,4126.216715998694,1537.1173702105514,country
8968.5791015625,1162.79296875,3007.5151473006968,1091.7544593690425,country
8365.6494140625,1055.126953125,3873.6182434270995,1364.9785534592966,country
7902.685546875,656.7626953125,3166.9225167194754,1202.9719514785513,country
7956.5185546875,387.59765625,2348.0441350316855,1210.9859265522766,country
8064.1845703125,1776.4892578125,4956.728360675068,958.7350984229693,country
7924.21875,839.794921875,3908.434699563419,1332.4532690168219,country
7655.0537109375,1916.455078125,4111.466805189387,1061.0816247896103,country
8053.41796875,527.5634765625,3213.230570034346,1404.3823490478433,country
8699.4140625,1152.0263671875,3791.6270725498257,1317.3859696948325,country
8204.150390625,527.5634765625,4163.80815535507,1272.5787570944244,country
8257.9833984375,258.3984375,3510.4037730686437,2016.1532943057807,country
8257.9833984375,527.5634765625,3068.9564424402574,1846.2168429504652,country
8333.349609375,656.7626953125,3101.314580108359,1662.757276588766,country
8193.3837890625,1776.4892578125,4794.804339807469,1044.2763347218936,country
8279.5166015625,398.3642578125,3659.7028702774282,1904.0101845294669,country
7084.423828125,818.26171875,3238.930414630902,1125.5720548952652,country
7428.955078125,376.8310546875,1639.0484222317627,925.9143593787753,country
5770.8984375,1614.990234375,3242.2803943740323,771.563667647586,country
8139.55078125,312.2314453125,1445.8079240639513,1251.619986828576,country
7235.15625,893.6279296875,2216.5365969064437,1149.8314027954145,country
6944.4580078125,882.861328125,2755.9750016628773,848.6274880285345,country
7525.8544921875,968.994140625,4048.7838508913023,1117.388788849889,country
7159.7900390625,839.794921875,2421.243692403976,1249.5729450282663,country
7009.0576171875,1205.859375,3556.48682774405,1027.9143707084193,country
7073.6572265625,1022.8271484375,3290.171771448094,1264.4554432694538,country
7934.9853515625,872.0947265625,3117.3561497738488,1397.022820909023,country
6847.55859375,1894.921875,4841.679056362471,788.3220683247945,country
6793.7255859375,635.2294921875,2590.326003319708,1347.802356481868,country
7192.08984375,1184.326171875,2922.698993505708,687.8422150737013,country
7676.5869140625,462.9638671875,2222.2448957224747,1301.0017786363276,country
7245.9228515625,473.73046875,1752.8894005176085,1285.9457978305456,country
7719.6533203125,1259.6923828125,4435.848177032943,1691.4120275746222,country
8279.5166015625,1281.2255859375,4416.156629438371,1328.0871359886846,country
7633.5205078125,2293.2861328125,4798.970981279025,1144.0542087784588,country
7805.7861328125,559.86328125,2924.248984133127,1286.6282763496517,country
8053.41796875,915.1611328125,4060.050449430389,1047.137865794431,country
7558.154296875,990.52734375,3291.4800968701625,1087.40534236977,country
8441.015625,689.0625,4031.9756191950464,1181.8374678364964,country
8225.68359375,990.52734375,3159.789226520172,1244.2311570456877,country
7913.4521484375,732.12890625,3527.637002194998,1214.7109615175057,country
8505.615234375,441.4306640625,2584.1010409612036,1544.0588055843373,country
7762.7197265625,1399.658203125,3883.326518055824,1019.9777533674676,country
8430.2490234375,1108.9599609375,3233.9637779968075,1242.9806742317326,country
8516.3818359375,3552.978515625,4838.912406425358,789.357635664914,country
8236.4501953125,990.52734375,3055.1981923011804,1085.7815218707779,country
7687.353515625,1022.8271484375,3108.406203892947,1238.6288338976526,country
7708.88671875,1044.3603515625,3218.1472069707816,1174.012359387546,country
8236.4501953125,1561.1572265625,3504.895473043247,1150.1022447731125,country
8096.484375,1044.3603515625,3175.26413294553,1390.607111281579,country
7827.3193359375,1162.79296875,2980.9403079951144,1094.128462802037,country
7999.5849609375,2196.38671875,4477.88958948094,1137.5446405251175,country
9216.2109375,850.5615234375,4888.128775487374,1972.9548194580339,disco
9872.9736328125,2810.0830078125,6514.877272095105,1439.539113100273,disco
10389.7705078125,3875.9765625,8074.159509995405,914.4831413906803,disco
9259.27734375,1765.72265625,6212.837431822029,1401.4243896270848,disco
10292.87109375,3552.978515625,7196.373151182759,1391.7665644938959,disco
8796.3134765625,2379.4189453125,5469.600259408862,1297.513885678148,disco
8817.8466796875,3402.24609375,5506.550035978618,912.1416315552608,disco
9808.3740234375,3025.4150390625,6098.354790749565,1307.2722744951657,disco
9366.943359375,2960.8154296875,5449.683713174826,1083.8641180170628,disco
10120.60546875,2357.8857421875,5954.647326395608,1401.5316263321656,disco
9173.14453125,3413.0126953125,5866.05619542739,1060.395535670017,disco
9291.5771484375,2713.18359375,6864.0001609967585,1201.652585202421,disco
9248.5107421875,1754.9560546875,5710.898800309597,1371.2068360823644,disco
10174.4384765625,2874.6826171875,7204.406435939919,1162.9605182777552,disco
8742.48046875,3240.7470703125,6530.043847051567,979.7236944832774,disco
9905.2734375,893.6279296875,5438.25878225982,2270.1101437029283,disco
9140.8447265625,1744.189453125,5342.909358824739,1560.4554422330962,disco
10099.072265625,1410.4248046875,5388.992413500145,1957.4436998362482,disco
10131.3720703125,2121.0205078125,6839.091978279799,1258.8944511656816,disco
10185.205078125,796.728515625,4198.949609526171,2174.685873895299,disco
7547.3876953125,1119.7265625,4351.2236887456465,1404.8511141960498,disco
9636.1083984375,2616.2841796875,7422.538450258804,1659.3141945164537,disco
10303.6376953125,2971.58203125,7806.927792575706,1305.0578646860645,disco
9916.0400390625,1130.4931640625,6730.517634813999,1408.8451578314366,disco
9722.2412109375,2121.0205078125,5606.407765485923,1452.526614192285,disco
10271.337890625,1518.0908203125,5080.302613438467,1761.925145252395,disco
10389.7705078125,721.3623046875,6611.985018231182,1552.6499721650948,disco
9969.873046875,226.0986328125,6351.153262111794,2119.8134980875584,disco
10605.1025390625,3897.509765625,7726.378279647591,1247.1379080939628,disco
10368.2373046875,2444.0185546875,6848.758586493808,1414.3474416394845,disco
10368.2373046875,1959.521484375,6935.358062838623,1304.1917746552558,disco
10249.8046875,3994.4091796875,6681.101266961348,1261.4229139633467,disco
9453.076171875,1388.8916015625,4959.611676573384,1627.7080473711153,disco
8279.5166015625,2088.720703125,5024.452951153735,1342.4819809585317,disco
10411.3037109375,5749.365234375,7835.32762084583,745.7352443140466,disco
10217.5048828125,3143.84765625,7702.895088313903,1380.4504612734572,disco
10217.5048828125,3434.5458984375,7057.757322707043,952.0410469595029,disco
10325.1708984375,3380.712890625,7771.0863426373835,1005.957420979474,disco
10357.470703125,3305.3466796875,7044.907400408765,1326.8936058793706,disco
8774.7802734375,2110.25390625,4868.278895516883,1400.3298290984155,disco
9636.1083984375,2153.3203125,5352.617633453464,1240.6108994375163,disco
9840.673828125,581.396484375,3874.7765697561917,2176.9221964604053,disco
8128.7841796875,1571.923828125,4901.478694762239,1279.9224537573875,disco
10088.3056640625,785.9619140625,6020.16359689435,2427.2757022625447,disco
9916.0400390625,1388.8916015625,4645.41357648631,1748.7276942282301,disco
9797.607421875,1033.59375,4609.87212473394,1933.6204970626998,disco
8064.1845703125,1593.45703125,4889.178769138206,1221.1623470112427,disco
8074.951171875,1582.6904296875,3238.938747913845,1101.5139951202045,disco
8311.81640625,2476.318359375,4983.836530089009,1074.130304052009,disco
8333.349609375,1507.32421875,4920.695245229053,1324.918790227663,disco
8225.68359375,2002.587890625,5006.728058333736,956.5569100578626,disco
8247.216796875,2906.982421875,5372.017516145027,842.0089250966087,disco
8074.951171875,2497.8515625,5062.136056622485,973.4288057348673,disco
7945.751953125,376.8310546875,6405.727932106231,1334.3274240501257,disco
8850.146484375,1001.2939453125,5521.508278861504,1464.1119280824223,disco
7590.4541015625,2271.7529296875,4398.706734955495,1053.5258171904159,disco
8171.8505859375,581.396484375,3816.2602569296632,1285.1450647129939,disco
7805.7861328125,1604.2236328125,4164.391485161087,932.9259494938345,disco
8247.216796875,1851.85546875,4743.712982083252,1166.7948270429831,disco
8764.013671875,1098.193359375,4828.345803653493,1528.5548258394458,disco
7784.2529296875,1270.458984375,4251.4826251995455,1399.7656801647063,disco
8397.94921875,796.728515625,5585.291226508079,1393.7952892361336,disco
7838.0859375,882.861328125,4919.661918144108,1186.6202211116085,disco
8990.1123046875,850.5615234375,5855.539592353183,1245.666958806157,disco
7881.15234375,247.6318359375,4947.728415096507,1508.354053733061,disco
7633.5205078125,484.4970703125,4364.948605752951,1291.6010127368581,disco
8344.1162109375,1507.32421875,5114.627405881143,1227.8132748905668,disco
8247.216796875,2637.8173828125,5183.035325561145,945.4641446401515,disco
8656.34765625,2411.71875,6132.0212538397345,1099.2116240242692,disco
6793.7255859375,1894.921875,4515.622694647349,842.6730167026324,disco
8236.4501953125,2260.986328125,5185.360311502273,931.2862188178435,disco
7848.8525390625,2874.6826171875,6001.3803771405765,851.1081722360309,disco
8613.28125,3520.6787109375,5470.541920381434,1061.896999963539,disco
7988.818359375,3305.3466796875,5925.3808366994,869.8928483739609,disco
7655.0537109375,2788.5498046875,5545.783132074787,866.0530131576525,disco
8107.2509765625,3552.978515625,5776.39007095951,785.900089470207,disco
8376.416015625,2002.587890625,4558.63910119969,1053.5613231235993,disco
8354.8828125,796.728515625,4944.128436865083,1227.79660849254,disco
8796.3134765625,1905.6884765625,4882.52047606666,1383.9341665739528,disco
7956.5185546875,699.8291015625,5038.611198874081,1337.527288297189,disco
8322.5830078125,796.728515625,4956.820026787442,1536.9319702607113,disco
8936.279296875,882.861328125,4740.313002642463,1477.1028074040182,disco
8430.2490234375,764.4287109375,5419.383896393672,1643.946973842062,disco
8074.951171875,645.99609375,4352.990344729586,1528.943095256269,disco
8031.884765625,861.328125,4726.279754166264,1179.8610489453483,disco
8257.9833984375,2982.3486328125,6575.051908227312,895.221506236512,disco
8021.1181640625,1044.3603515625,3804.7769930340555,1194.8653696015715,disco
8473.3154296875,1571.923828125,4526.789293791118,1266.976599279319,disco
6287.6953125,2013.3544921875,4384.973484665247,753.0388737328682,disco
7934.9853515625,1711.8896484375,4424.306580156734,1302.377931593235,disco
7482.7880859375,1399.658203125,5459.508653764754,1211.6544590161768,disco
8947.0458984375,301.46484375,4203.124584280669,1642.214113291605,disco
8107.2509765625,990.52734375,5268.943139421682,1351.9446430986418,disco
8570.21484375,1302.7587890625,5019.294649011948,1374.4480394818665,disco
6761.42578125,1948.7548828125,5075.635974990325,1088.7152427042565,disco
8613.28125,193.798828125,5009.186376801954,1418.4981427446844,disco
8268.75,2207.1533203125,4956.828360070385,907.7812831447844,disco
8247.216796875,2508.6181640625,6233.628972765093,1003.2936117814885,disco
8171.8505859375,1410.4248046875,5384.717439350329,1188.8973086304593,disco
8171.8505859375,1410.4248046875,5384.717439350329,1188.8973086304593,disco
8064.1845703125,1324.2919921875,5474.700228570046,1250.879731184373,hiphop
8580.9814453125,613.6962890625,5527.508242580544,1441.280937858898,hiphop
8053.41796875,430.6640625,3094.047957381966,1846.199498544736,hiphop
9442.3095703125,721.3623046875,5126.677333016883,1345.659115558439,hiphop
9054.7119140625,64.599609375,5060.511066448577,2084.897478817831,hiphop
8441.015625,1765.72265625,5795.106624449739,702.3417070336865,hiphop
8903.9794921875,312.2314453125,6049.530085985874,1500.6281707316157,hiphop
9549.9755859375,936.6943359375,4552.4308054070725,1564.107616100344,hiphop
8764.013671875,150.732421875,5752.87354649405,1255.3137099877326,hiphop
9345.41015625,527.5634765625,4791.046029200126,1843.6737549464726,hiphop
7062.890625,1690.3564453125,4663.513467038748,810.8030633433193,hiphop
8441.015625,764.4287109375,4581.122298580205,1310.8063684667577,hiphop
8236.4501953125,1539.6240234375,4276.707472668344,1030.8311151210612,hiphop
7170.556640625,785.9619140625,3625.136412629402,1697.8233548378073,hiphop
7730.419921875,2379.4189453125,4775.921120658379,942.3077163279087,hiphop
7913.4521484375,2088.720703125,5281.90139439822,974.8750693073843,hiphop
9237.744140625,915.1611328125,4920.920243868518,1221.1960604025708,hiphop
9151.611328125,1345.8251953125,4956.12003102022,991.0755023776561,hiphop
8580.9814453125,1894.921875,5366.575882383176,1333.4151632354506,hiphop
9442.3095703125,602.9296875,5256.126550255176,1904.5549376372546,hiphop
7773.486328125,118.4326171875,5266.376488275203,1022.3377204041592,hiphop
8365.6494140625,1873.388671875,4987.044844022107,1152.0554732415685,hiphop
8301.0498046875,1044.3603515625,4603.805494751355,1466.7872888366956,hiphop
7902.685546875,2540.91796875,4728.03807686726,957.1910729167727,hiphop
9323.876953125,2121.0205078125,4926.71187551398,1245.8953283759251,hiphop
8236.4501953125,1787.255859375,4815.479214789329,1154.2403905388405,hiphop
9776.07421875,301.46484375,7022.724201214202,1321.4287606254743,hiphop
9399.2431640625,1496.5576171875,5629.507625804228,1808.479820862616,hiphop
9679.1748046875,958.2275390625,5746.540251457285,1753.237433469908,hiphop
9582.275390625,2045.654296875,6395.536327066805,1509.3230794864683,hiphop
9323.876953125,5910.8642578125,7641.487126306115,632.7336875415314,hiphop
9926.806640625,3133.0810546875,6779.025674825852,1469.9677101374848,hiphop
10206.73828125,441.4306640625,4529.893202670785,2002.021185381441,hiphop
9453.076171875,1636.5234375,6160.654414032266,1622.83682176678,hiphop
9356.1767578125,4382.0068359375,6354.219910234859,872.0944024345854,hiphop
9442.3095703125,215.33203125,6190.9792306622485,1710.5154580562305,hiphop
10088.3056640625,0.0,5801.173254432324,1916.4354923858516,hiphop
10217.5048828125,0.0,7050.38236730239,2019.9946428069186,hiphop
9625.341796875,0.0,4411.289992199594,1834.9727161644144,hiphop
10411.3037109375,0.0,5996.322074394108,2336.6881105113707,hiphop
10702.001953125,0.0,5276.543093465799,2879.685159964617,hiphop
9539.208984375,0.0,5556.0080702459845,1580.1470416272396,hiphop
9345.41015625,0.0,6030.596867139126,1580.5990708899728,hiphop
9819.140625,0.0,3847.810066152283,2207.5467703675185,hiphop
9959.1064453125,0.0,4537.730894295424,1957.8678499696425,hiphop
10411.3037109375,0.0,5996.322074394108,2336.6881105113707,hiphop
9840.673828125,355.2978515625,5000.353096882256,1928.6770107346856,hiphop
10045.2392578125,2293.2861328125,7338.638957587558,1633.5342934125867,hiphop
9000.87890625,376.8310546875,5394.20071533959,1910.7703657693382,hiphop
10131.3720703125,3413.0126953125,6682.326259553986,1186.515372263871,hiphop
9969.873046875,312.2314453125,3619.3447809839395,2193.1093590186256,hiphop
10325.1708984375,376.8310546875,5294.309652700513,1916.6798749204806,hiphop
10325.1708984375,775.1953125,5858.622907042134,2127.9952237901703,hiphop
10120.60546875,301.46484375,7003.240985693208,2137.051933766724,hiphop
10228.271484375,3003.8818359375,7619.562258882788,1314.9903252330812,hiphop
8796.3134765625,344.53125,3552.961849059114,1382.9946221737207,hiphop
8494.8486328125,796.728515625,5176.777030070869,1122.0846524015622,hiphop
8419.482421875,312.2314453125,3889.9348114297118,1325.280894202065,hiphop
9786.8408203125,2379.4189453125,5209.5184987543535,1412.8922358590285,hiphop
9313.1103515625,462.9638671875,4219.474485415054,1737.6104207536512,hiphop
8570.21484375,193.798828125,3686.911039086687,1184.9369308106404,hiphop
9323.876953125,473.73046875,3806.3103170955883,1235.0364883860216,hiphop
9872.9736328125,96.8994140625,4930.6618516290155,2408.9007670021124,hiphop
10120.60546875,689.0625,5320.276162351248,1887.5433341835906,hiphop
10045.2392578125,2002.587890625,5273.709777265141,1322.6590745528567,hiphop
9959.1064453125,215.33203125,5316.867849627515,2565.466545748314,hiphop
9248.5107421875,570.6298828125,4816.095877727119,1654.2677634782642,hiphop
9969.873046875,2034.8876953125,6667.5096824811335,1866.8449264483847,hiphop
9291.5771484375,613.6962890625,5683.715631349168,1569.2685110584353,hiphop
10282.1044921875,882.861328125,7082.1738417303595,1201.3846402945285,hiphop
10077.5390625,376.8310546875,6028.555212818063,2499.2560957100873,hiphop
10174.4384765625,462.9638671875,7476.671456257256,1495.543340947755,hiphop
10185.205078125,226.0986328125,3999.725814205205,2187.3764401022245,hiphop
10379.00390625,398.3642578125,5931.505799662587,2152.637919719348,hiphop
9506.9091796875,1022.8271484375,5969.305571092541,1246.0202029105353,hiphop
10239.0380859375,236.865234375,6335.611689422891,1831.2173802979673,hiphop
10572.802734375,86.1328125,4934.945159061775,2413.4154366262433,hiphop
10239.0380859375,1119.7265625,6403.169614242695,1892.3859476400528,hiphop
10572.802734375,86.1328125,4934.945159061775,2413.4154366262433,hiphop
10260.5712890625,635.2294921875,6312.970159666457,2322.8472458219903,hiphop
10314.404296875,2917.7490234375,6892.483322096314,1500.0483244954942,hiphop
7235.15625,183.0322265625,3277.0468508126937,1626.1577132235054,hiphop
7848.8525390625,2713.18359375,4819.512523733794,940.7951666101752,hiphop
8161.083984375,2207.1533203125,5017.786324799245,1028.0078837397186,hiphop
8021.1181640625,118.4326171875,4075.008692313274,1371.8315909089674,hiphop
7881.15234375,3326.8798828125,5535.341528547068,804.8486810742642,hiphop
7364.35546875,506.0302734375,4478.756250907024,1324.9844813750751,hiphop
7407.421875,1022.8271484375,5509.025021012722,1060.277632972436,hiphop
8204.150390625,2702.4169921875,5600.091137015044,833.6126571987041,hiphop
7902.685546875,3197.6806640625,5527.058245301616,967.5928007946957,hiphop
7719.6533203125,2519.384765625,4965.044977052293,975.9180172328696,hiphop
8376.416015625,2616.2841796875,5411.725609368953,801.8090006289567,hiphop
7945.751953125,1916.455078125,5837.598034176664,1075.9473766308565,hiphop
7741.1865234375,3865.2099609375,6277.937038173616,551.6452976044718,hiphop
7902.685546875,527.5634765625,4411.223325936049,1411.8507940349475,hiphop
7525.8544921875,3014.6484375,5419.742227560227,813.763847412755,hiphop
6309.228515625,1216.6259765625,3488.9455694901317,850.9790566715749,hiphop
7687.353515625,3186.9140625,5731.648674837945,786.4871716699448,hiphop
8064.1845703125,1959.521484375,5353.284296088913,793.6124120742023,hiphop
8171.8505859375,753.662109375,3798.86869542739,1474.8173202163366,hiphop
8204.150390625,732.12890625,2800.499732427922,1638.9394682243778,jazz
8441.015625,559.86328125,2410.285425333785,1334.427638729224,jazz
3811.376953125,624.462890625,1896.0802013290925,699.186890626153,jazz
5695.5322265625,570.6298828125,1417.2080970031927,661.7235166311339,jazz
7170.556640625,495.263671875,1838.4972161921924,956.7873333672446,jazz
6998.291015625,129.19921875,2486.184966379644,1365.0361311315196,jazz
5781.6650390625,226.0986328125,2416.877052141786,1119.810069929115,jazz
5221.8017578125,430.6640625,1958.7548223442338,834.5950648150078,jazz
7418.1884765625,387.59765625,2724.4335257232005,1032.7008956376712,jazz
5480.2001953125,366.064453125,1133.701477995598,480.10929054713705,jazz
3499.1455078125,183.0322265625,1553.5656058013255,849.4315944154771,jazz
7202.8564453125,1356.591796875,4011.4924097208786,1089.872148997144,jazz
6879.8583984375,1388.8916015625,3659.5112047697367,1095.7712456214929,jazz
6836.7919921875,2121.0205078125,4398.04840560299,970.8948977120622,jazz
4274.3408203125,775.1953125,2018.9377917593847,790.040266633287,jazz
6869.091796875,2110.25390625,3812.5852791517514,973.6895290097531,jazz
6126.1962890625,1044.3603515625,2820.98294190209,858.5814602149944,jazz
7192.08984375,1335.05859375,4327.598831601926,1286.1296621182523,jazz
6104.6630859375,2659.3505859375,4247.190984483843,630.6126287905032,jazz
6233.8623046875,699.8291015625,2713.2835931453174,808.4860525313574,jazz
5889.3310546875,581.396484375,2580.0593987337943,926.2087605925369,jazz
7396.6552734375,1378.125,5865.106201171875,1033.4800400056104,jazz
7450.48828125,925.927734375,3046.0899140443594,1356.883720998372,jazz
6858.3251953125,1044.3603515625,4315.765569822707,1047.476429734119,jazz
7396.6552734375,1108.9599609375,4342.948738783137,1252.8895795161889,jazz
6632.2265625,1119.7265625,3806.2603173979296,1117.501456735062,jazz
7795.01953125,689.0625,2631.8257523764028,1604.70216244515,jazz
6944.4580078125,1152.0263671875,3966.7260137504836,821.6044566850165,jazz
6836.7919921875,1873.388671875,4029.633966688032,1010.6553086499464,jazz
7472.021484375,2594.7509765625,4683.438346555728,963.6661911602783,jazz
6492.2607421875,570.6298828125,3353.5463882304566,949.0645093855916,jazz
6298.4619140625,1830.322265625,3733.4190911921924,704.5376012907917,jazz
7009.0576171875,699.8291015625,3252.338666886368,1539.028265332162,jazz
5103.369140625,602.9296875,2444.618551059404,901.528797327281,jazz
6470.7275390625,1636.5234375,3574.070054754015,761.4546822264215,jazz
3477.6123046875,506.0302734375,1608.9152711094719,654.8333476622001,jazz
5178.7353515625,829.0283203125,2658.97558820506,884.828911936917,jazz
6406.1279296875,882.861328125,2468.626739218508,971.6188852492319,jazz
5813.96484375,1399.658203125,3216.538883362761,699.6165864075933,jazz
4705.0048828125,699.8291015625,2724.9668558315598,843.2364858298015,jazz
6922.9248046875,721.3623046875,2779.024862283524,1090.7574378838358,jazz
4608.10546875,624.462890625,3104.056230196643,664.6668231039204,jazz
4791.1376953125,882.861328125,2772.541568153783,1058.940987976536,jazz
6782.958984375,915.1611328125,3460.5457412200076,825.7446527797431,jazz
5953.9306640625,592.1630859375,1811.8057109254064,748.9785714540308,jazz
3574.51171875,441.4306640625,1763.3143374794408,625.060614971086,jazz
4478.90625,861.328125,2695.375368100571,701.8540027424767,jazz
7547.3876953125,1765.72265625,4262.482558684453,1129.611782851962,jazz
6922.9248046875,1582.6904296875,3684.56105329673,881.9483967111033,jazz
8333.349609375,1012.060546875,4564.072401678599,1768.7113076855462,jazz
8236.4501953125,2164.0869140625,5794.8316261126165,1179.5302707451124,jazz
5135.6689453125,635.2294921875,2480.734999334849,904.8406776909006,jazz
8161.083984375,1108.9599609375,5247.384936447852,1397.5792096673893,jazz
7461.2548828125,1722.65625,3646.536283227312,819.2449236937096,jazz
8753.2470703125,2271.7529296875,5563.266359689435,1672.3902467151663,jazz
3639.111328125,516.796875,1632.7901267414861,657.3651923828805,jazz
9366.943359375,1787.255859375,6863.166832702448,997.9987460035001,jazz
6739.892578125,807.4951171875,2583.9510418682275,942.7959769617759,jazz
5211.03515625,861.328125,2723.583530863003,891.8958650645567,jazz
7730.419921875,387.59765625,2932.4989342468075,1885.1178111551123,jazz
7515.087890625,979.7607421875,2730.5418221205014,1187.5224729666277,jazz
7956.5185546875,1959.521484375,5466.591944266399,1142.491993858988,jazz
7095.1904296875,1496.5576171875,3504.7121408184985,862.2737785668918,jazz
8602.5146484375,3240.7470703125,5544.583139330979,936.3145426928625,jazz
6427.6611328125,1754.9560546875,3341.013130684017,828.8391046159558,jazz
4748.0712890625,721.3623046875,2755.6916700428114,837.130000560629,jazz
5727.83203125,893.6279296875,2967.2070577048667,755.3955618026823,jazz
7288.9892578125,732.12890625,2830.5412174378384,1120.1245710860055,jazz
4855.7373046875,925.927734375,2832.566205193015,1045.202358463501,jazz
8677.880859375,1012.060546875,3910.6930192410023,1120.5525712293365,jazz
7450.48828125,613.6962890625,1957.1131656044408,931.3443366361313,jazz
3596.044921875,441.4306640625,1795.922473635836,633.525723847376,jazz
4489.6728515625,915.1611328125,2751.675027664232,697.8725139925942,jazz
9388.4765625,3251.513671875,6416.76119872291,1428.9259878735963,jazz
9733.0078125,1528.857421875,5135.260614448288,1701.9786056056387,jazz
9560.7421875,2810.0830078125,6198.312519652187,1440.2365422890841,jazz
9065.478515625,1937.98828125,3379.546231012964,1117.0888092671744,jazz
9140.8447265625,2217.919921875,5813.648178998162,1228.8604372252867,jazz
9216.2109375,2056.4208984375,5155.093827852893,1517.7301253118947,jazz
9345.41015625,2637.8173828125,5562.633030185759,1287.3442515476006,jazz
9366.943359375,3585.2783203125,6201.412500907024,1023.4395819611707,jazz
10389.7705078125,2110.25390625,7278.83931918779,1693.1340763494495,jazz
10152.9052734375,1754.9560546875,8037.609731006917,1595.3170183130812,jazz
9754.541015625,3606.8115234375,7235.039584038796,1243.6266346988593,jazz
9453.076171875,3466.845703125,6138.46288155476,1157.7799910819995,jazz
9270.0439453125,2497.8515625,5606.249433110004,1137.8939503981348,jazz
10034.47265625,3972.8759765625,8258.125064247533,1094.4592875639414,jazz
9399.2431640625,129.19921875,4330.415481236697,2647.971772894266,jazz
9593.0419921875,2110.25390625,5927.730822489358,1939.6113250210888,jazz
8333.349609375,150.732421875,3905.668049626306,1730.8848072834992,jazz
9173.14453125,1119.7265625,4292.8490417291505,1573.7309693838652,jazz
9431.54296875,732.12890625,6065.3466570119,2128.164467054124,jazz
9528.4423828125,678.2958984375,5023.3196246734715,2327.0512374327527,jazz
9399.2431640625,1647.2900390625,5013.611350044746,1633.0965847057464,jazz
7256.689453125,204.5654296875,2111.4788988426376,1406.7897439686074,jazz
7332.0556640625,1399.658203125,4284.540758634868,1325.4971418539221,jazz
7838.0859375,376.8310546875,4011.0507457248937,1630.8066422041177,jazz
7708.88671875,312.2314453125,2343.769160881869,1527.6711389838615,jazz
7558.154296875,559.86328125,4355.8153276473,1301.7598288207323,jazz
7396.6552734375,516.796875,3376.7962476417374,1512.464085780157,jazz
9765.3076171875,4188.2080078125,6407.269589450706,1299.27662439933,metal
10185.205078125,4478.90625,6036.988495156492,823.2104092492352,metal
7719.6533203125,3057.71484375,4446.356446824207,817.7477064321448,metal
7665.8203125,3639.111328125,5234.401681622485,648.4466073286395,metal
9776.07421875,4651.171875,6902.816592945772,888.8307636708793,metal
7773.486328125,3445.3125,4951.653391362713,865.4679026507469,metal
9485.3759765625,3832.91015625,6229.395665029992,978.6095982884269,metal
9668.408203125,3703.7109375,5806.8482201165825,1018.0258872637357,metal
10292.87109375,3283.8134765625,6187.337586016109,1799.4422435627662,metal
7299.755859375,2691.650390625,5112.4440857500485,501.3198232958131,metal
7375.1220703125,4565.0390625,5662.490759693063,575.2672120093237,metal
6718.359375,3951.3427734375,5157.935477336494,401.9800343498223,metal
7385.888671875,4026.708984375,5262.743176912007,575.8919621516352,metal
7902.685546875,4478.90625,5735.965315402476,544.135795765307,metal
7009.0576171875,3789.84375,5198.36856617647,591.6340471092059,metal
7881.15234375,4618.8720703125,5818.289817597475,616.5221137219787,metal
8301.0498046875,3316.11328125,5129.2856505780765,765.5916605098629,metal
7655.0537109375,3402.24609375,5325.867795206076,733.2549669261567,metal
5803.1982421875,2637.8173828125,3884.9098418150156,557.6327728822041,metal
7741.1865234375,3488.37890625,5385.400768551664,874.5829749612965,metal
7536.62109375,2713.18359375,5358.7425964166505,769.3744781136359,metal
7827.3193359375,4349.70703125,5735.348652464687,615.1604893160276,metal
7902.685546875,3380.712890625,4779.587765153347,493.7335239812729,metal
8214.9169921875,3219.2138671875,5058.119414243904,650.0237130384826,metal
7934.9853515625,3197.6806640625,4950.420065487132,876.7639494555885,metal
7665.8203125,2540.91796875,4585.038941563467,1070.2149786415257,metal
6309.228515625,4231.2744140625,5187.1436340520995,318.29988033281,metal
7084.423828125,2573.2177734375,4866.8372375677245,609.6030404098317,metal
7827.3193359375,3617.578125,5345.842674420714,797.9173981903596,metal
8376.416015625,3025.4150390625,5928.739149725474,667.9948464437698,metal
7827.3193359375,1485.791015625,3501.087162738245,1154.4214090412129,metal
8171.8505859375,3617.578125,5444.5504108818695,760.4662891290174,metal
7515.087890625,3154.6142578125,4761.48787460091,934.7895242189737,metal
7751.953125,2034.8876953125,4223.366128549487,829.8951746572243,metal
8376.416015625,3391.4794921875,5292.017999891157,991.1918991017625,metal
7698.1201171875,2433.251953125,5615.124379444417,850.5089746064713,metal
7633.5205078125,3574.51171875,5331.467761343847,737.9107841416688,metal
8064.1845703125,2874.6826171875,4819.912521315064,749.1880534352911,metal
7310.5224609375,1496.5576171875,5088.035900009675,1297.6469162882504,metal
6276.9287109375,1162.79296875,4450.38142248573,1079.9584246711333,metal
7956.5185546875,3316.11328125,5081.527606031105,915.5491825278981,metal
7084.423828125,3003.8818359375,4186.549684506821,852.6695707823152,metal
7095.1904296875,3111.5478515625,4547.580834734182,846.8242172121879,metal
8031.884765625,2142.5537109375,4972.6949307940695,1244.8414965642946,metal
7708.88671875,3434.5458984375,5260.1848590484715,986.0967886432416,metal
7827.3193359375,893.6279296875,4448.281435184065,1111.4386374074415,metal
7655.0537109375,4048.2421875,5455.575344215606,546.7082041685619,metal
9582.275390625,4198.974609375,5405.6423128204815,789.7573909565023,metal
8957.8125,4425.0732421875,5485.266831341912,630.43600301289,metal
8817.8466796875,4435.83984375,5461.808639857053,591.6350501444825,metal
8677.880859375,4263.57421875,5629.0576285253,720.0182632214642,metal
8645.5810546875,4532.7392578125,6163.937727511851,690.3635400352817,metal
8764.013671875,1970.2880859375,5122.777356599507,1015.4916192854874,metal
8893.212890625,4328.173828125,5519.324958730408,667.7813872080844,metal
8893.212890625,4360.4736328125,5830.064746396091,680.2068835588009,metal
8516.3818359375,4392.7734375,5699.065538530379,635.755038167625,metal
8516.3818359375,4435.83984375,5633.407602221604,692.5297146163165,metal
8397.94921875,2400.9521484375,5227.210058442579,995.5580614139358,metal
8031.884765625,3509.912109375,5024.202952665441,801.6322608955717,metal
7515.087890625,3488.37890625,4728.971404556889,608.7208878616681,metal
6126.1962890625,3100.78125,4616.630417200803,648.3728869926706,metal
7956.5185546875,3316.11328125,5081.527606031105,915.5491825278981,metal
7084.423828125,3003.8818359375,4186.549684506821,852.6695707823152,metal
7095.1904296875,3111.5478515625,4547.580834734182,846.8242172121879,metal
8031.884765625,2142.5537109375,4972.6949307940695,1244.8414965642946,metal
7708.88671875,3434.5458984375,5260.1848590484715,986.0967886432416,metal
7827.3193359375,893.6279296875,4448.281435184065,1111.4386374074415,metal
7795.01953125,2368.65234375,4381.173507643189,825.5999458547627,metal
7762.7197265625,2713.18359375,4598.97219064435,861.6403720479927,metal
7224.3896484375,958.2275390625,4110.21681274792,879.5386424169383,metal
8580.9814453125,2325.5859375,5626.015980251064,1151.4900529422114,metal
8408.7158203125,3725.244140625,5674.13235596459,795.5374186267095,metal
7084.423828125,3133.0810546875,4708.263196443257,581.1244062346741,metal
8441.015625,3014.6484375,5566.866337920859,1108.108540117024,metal
8387.1826171875,3348.4130859375,5495.000105819466,915.3875096853604,metal
8236.4501953125,1981.0546875,4439.356489151993,1356.2117249022692,metal
7547.3876953125,3639.111328125,5321.717820300406,854.2037333776622,metal
8161.083984375,4166.6748046875,5409.3672902960525,639.0543203487107,metal
9108.544921875,3014.6484375,5898.380999963719,1113.0513835918962,metal
7762.7197265625,3359.1796875,5322.6094815753195,887.0611077594847,metal
8171.8505859375,2928.515625,5930.589138538845,796.6199814903944,metal
6158.49609375,2627.05078125,4201.149596223152,729.8703057991943,metal
7256.689453125,3402.24609375,4748.562952756143,535.3150117600867,metal
7547.3876953125,2497.8515625,4715.921483467976,1046.2329633091706,metal
8548.681640625,2583.984375,5089.835889125387,1012.8171162172604,metal
7805.7861328125,3811.376953125,5304.93458845298,735.7915173555068,metal
7934.9853515625,2885.44921875,5189.310287617309,844.6120911710613,metal
8441.015625,4575.8056640625,6670.7596628289475,596.6103700337253,metal
6836.7919921875,376.8310546875,4148.1665832708495,1153.4752530480832,metal
6007.763671875,1604.2236328125,3286.646792763158,702.9854598311964,metal
7751.953125,1044.3603515625,4682.913349730312,898.2631455757955,metal
7891.9189453125,2067.1875,5018.994650825996,758.6484731312298,metal
7482.7880859375,2853.1494140625,4393.290101042473,840.7005725457851,metal
6750.6591796875,4123.6083984375,5176.952029012674,357.01748698208564,metal
8376.416015625,3391.4794921875,5292.017999891157,991.1918991017625,metal
8764.013671875,2594.7509765625,5191.393608353086,913.5452609720045,metal
7988.818359375,1216.6259765625,5105.485794492551,1117.3038465834977,metal
7655.0537109375,559.86328125,4241.324353291892,1107.299110589122,metal
7547.3876953125,279.931640625,4490.681178798616,1256.6978040312893,metal
8074.951171875,1668.8232421875,4898.312047243857,979.0735229900434,metal
10529.736328125,527.5634765625,7953.293574188516,1643.937712490267,pop
10605.1025390625,322.998046875,8073.092849778686,1635.8014764226612,pop
9872.9736328125,1388.8916015625,7423.94677507619,1566.6738093176045,pop
10432.8369140625,1022.8271484375,3671.0694682118324,1775.5591638684657,pop
10518.9697265625,1485.791015625,5986.188802335285,1644.149454789096,pop
9517.67578125,699.8291015625,4748.004622798955,1622.6129749380993,pop
10346.7041015625,1001.2939453125,4979.028225830834,1901.4783883952482,pop
9980.6396484375,301.46484375,4127.166710254209,2289.405875862171,pop
10454.3701171875,861.328125,6430.294450222524,1707.497266163451,pop
10529.736328125,2950.048828125,6953.21628818571,1199.9508894828382,pop
9517.67578125,355.2978515625,4192.274649888738,2008.3583876139294,pop
9851.4404296875,1324.2919921875,4627.663683817483,1775.7391425046126,pop
9722.2412109375,2390.185546875,5533.6998718072755,1657.500294200046,pop
9937.5732421875,355.2978515625,5224.360075676035,2593.472212269996,pop
9345.41015625,1582.6904296875,4139.38330304881,1325.6860140210572,pop
10788.134765625,2196.38671875,7019.807552184114,1561.233890794225,pop
10282.1044921875,2831.6162109375,7499.387985560178,1545.6364531540887,pop
9216.2109375,3143.84765625,6112.05470790804,1356.2584261058735,pop
10551.26953125,1690.3564453125,7932.5853660748835,1245.7198828667476,pop
10702.001953125,1690.3564453125,6552.402045187935,1844.7001540464464,pop
10422.0703125,3262.2802734375,7444.24665232561,1303.7236734512069,pop
10099.072265625,1808.7890625,7199.581465115857,1567.5347206689746,pop
10798.9013671875,2164.0869140625,7019.440887734617,1567.560674753165,pop
10411.3037109375,559.86328125,7855.135834401606,1795.8613441957934,pop
10335.9375,990.52734375,7302.64750855626,1530.5484894331205,pop
10357.470703125,602.9296875,6817.467109042424,2372.3484650011796,pop
10325.1708984375,893.6279296875,5554.674744975087,2227.474448725628,pop
10303.6376953125,1216.6259765625,5957.288977088574,1974.211235090466,pop
9905.2734375,2314.8193359375,6656.151417829673,1697.8498027184355,pop
10109.8388671875,2293.2861328125,6919.399826002564,1609.9436719763416,pop
10400.537109375,1679.58984375,6652.968103745405,1510.7491763894745,pop
10389.7705078125,1701.123046875,6745.27587890625,1478.1482466667355,pop
10615.869140625,1475.0244140625,8483.032037599169,1449.3885849335638,pop
10282.1044921875,2024.12109375,5945.014051313371,1437.9361523976654,pop
10486.669921875,1012.060546875,7237.0312386622,1699.0163705642033,pop
10379.00390625,2099.4873046875,6993.782709552776,1454.6310801300863,pop
10605.1025390625,290.6982421875,6877.916743511755,2043.1801617109793,pop
10583.5693359375,2777.783203125,6698.901159327835,1494.690606922149,pop
10400.537109375,2465.5517578125,6921.308147796536,1467.3595596616353,pop
10648.1689453125,2971.58203125,8525.24844898897,1313.6903302522123,pop
9388.4765625,1173.5595703125,3821.2268935637576,1364.071351699065,pop
9539.208984375,699.8291015625,4508.022740603232,1852.3123634931005,pop
9894.5068359375,2508.6181640625,6445.919355740857,1796.0608103285517,pop
9894.5068359375,495.263671875,5776.106739339445,1883.6254082950918,pop
10454.3701171875,3057.71484375,6689.351217075029,1528.0443067390704,pop
10163.671875,139.9658203125,6479.344153625677,2459.5487890072704,pop
10174.4384765625,161.4990234375,6485.7024485112715,2460.3495326464026,pop
10615.869140625,1345.8251953125,7291.955906540247,1753.1582609496027,pop
10411.3037109375,3919.04296875,8382.25764696812,1543.1204011000616,pop
10712.7685546875,355.2978515625,4265.424207563371,2565.88110093348,pop
10551.26953125,861.328125,6630.418240101345,1965.491533121023,pop
10691.2353515625,2939.2822265625,8676.447534708785,1425.9988113201655,pop
10379.00390625,1302.7587890625,7776.786308170472,1609.5085929843567,pop
10389.7705078125,1162.79296875,5626.524310510594,2051.660889486518,pop
10260.5712890625,1152.0263671875,7664.611986473249,1764.676690342747,pop
10648.1689453125,3671.4111328125,8259.450056235488,1196.3921352169589,pop
10615.869140625,86.1328125,7566.579245930486,2155.747427551291,pop
10357.470703125,1238.1591796875,7783.686266447368,1631.52824609348,pop
10605.1025390625,2024.12109375,5750.6902263629545,2204.9440863939603,pop
10583.5693359375,86.1328125,7633.178843211833,2116.7144220102086,pop
10260.5712890625,1152.0263671875,7664.611986473249,1764.676690342747,pop
10518.9697265625,936.6943359375,6067.7883089142315,2241.645102236061,pop
8796.3134765625,2777.783203125,5481.816852203464,1267.1368243186332,pop
9410.009765625,947.4609375,3796.335377412684,1685.655012791442,pop
10583.5693359375,2185.6201171875,7112.756990131579,1528.6771491788468,pop
9840.673828125,958.2275390625,5496.225098412104,1586.5160218493313,pop
10088.3056640625,1270.458984375,6839.566975407556,1982.2355596722398,pop
10142.138671875,2853.1494140625,8057.209612489116,1277.82862294702,pop
10497.4365234375,1227.392578125,6714.734396919746,1881.212100626662,pop
8204.150390625,1367.3583984375,4930.953516532024,1099.4696422663942,pop
10099.072265625,441.4306640625,6825.458727384868,1881.6911632539911,pop
10142.138671875,2853.1494140625,8057.209612489116,1277.82862294702,pop
9140.8447265625,1119.7265625,5351.909304403299,1494.0991320006283,pop
10034.47265625,2476.318359375,7879.044023165393,1286.8252011674888,pop
10777.3681640625,2196.38671875,7789.061233945676,1835.83054465652,pop
10755.8349609375,3413.0126953125,7658.53702320772,1273.7772567098514,pop
10389.7705078125,183.0322265625,7780.519618928986,1628.051192507132,pop
10432.8369140625,2024.12109375,8331.4746207128,1382.60336751614,pop
10314.404296875,742.8955078125,6618.043314930825,1892.6492165038558,pop
10508.203125,1001.2939453125,4383.806825053212,1981.2543566774273,pop
10615.869140625,1238.1591796875,7293.239232113487,1755.4569690306985,pop
9463.8427734375,1044.3603515625,5155.910489581318,1723.0171580527137,pop
10400.537109375,2788.5498046875,7555.42098006966,1300.3243228805447,pop
10411.3037109375,1636.5234375,5977.07219079552,1743.2647838148318,pop
10454.3701171875,204.5654296875,6827.983712116631,2868.488688603094,pop
10260.5712890625,139.9658203125,5087.48590333543,2122.5874366180988,pop
10228.271484375,4328.173828125,7634.353836106811,1066.9004072330738,pop
10195.9716796875,2745.4833984375,7947.001945566467,1286.110940691189,pop
10572.802734375,1044.3603515625,7257.397782175164,1946.9433567510525,pop
10400.537109375,441.4306640625,7052.665686828802,1969.8202219663171,pop
10163.671875,2906.982421875,7959.451870283475,1265.7865114742262,pop
10486.669921875,3563.7451171875,7871.152404218266,1240.9513568123614,pop
10034.47265625,2357.8857421875,6883.5083763665825,1696.0407364480402,pop
9926.806640625,2713.18359375,7268.872712787829,975.6342949947621,pop
10723.53515625,1862.6220703125,6102.421432825803,2024.3275756096361,pop
10303.6376953125,398.3642578125,7384.438680642898,1879.17640534721,pop
10335.9375,936.6943359375,6931.116421820579,1956.061194968397,pop
10475.9033203125,64.599609375,7587.437453137094,2068.593969900478,pop
9916.0400390625,3746.77734375,7534.996103576093,1169.8543386347537,pop
10099.072265625,732.12890625,6873.341771175987,1970.7459690396138,pop
7730.419921875,1819.5556640625,4801.820964045569,1383.3045555775163,reggae
7493.5546875,721.3623046875,3575.111715121904,1645.9205779754832,reggae
8010.3515625,269.1650390625,3926.451257286426,1600.9165890978068,reggae
8074.951171875,689.0625,4154.89154260594,1950.3443833361296,reggae
8257.9833984375,549.0966796875,4303.540643745163,1550.683676887082,reggae
7988.818359375,322.998046875,3797.0103733310757,1407.3667864724493,reggae
7795.01953125,279.931640625,2881.0659119219235,1614.9481744841119,reggae
8236.4501953125,172.265625,3769.0188759251646,1710.6166830488605,reggae
8107.2509765625,355.2978515625,3657.727882219911,1639.8823929044365,reggae
8344.1162109375,161.4990234375,3270.7802220394738,2218.0958591574217,reggae
8430.2490234375,1119.7265625,4427.873225256385,1373.1194756449731,reggae
8387.1826171875,1302.7587890625,4557.697440227119,1409.7378812637944,reggae
8710.1806640625,419.8974609375,4920.020249310662,1835.9682508703388,reggae
8042.6513671875,215.33203125,3432.80424230239,1942.4049622345265,reggae
8376.416015625,215.33203125,3791.193741836784,2176.192733961067,reggae
8365.6494140625,387.59765625,4493.747826921682,1965.473761478321,reggae
8064.1845703125,301.46484375,4852.278992266109,1043.0519668200411,reggae
7913.4521484375,279.931640625,3777.985488371952,1621.5186030809757,reggae
8139.55078125,215.33203125,4220.232814162878,1906.129904808793,reggae
8214.9169921875,161.4990234375,3841.8934352626743,2114.444714340454,reggae
8042.6513671875,183.0322265625,3596.253253948578,1820.6050719682084,reggae
7741.1865234375,1647.2900390625,4324.615516308291,1137.4100521402834,reggae
7741.1865234375,1937.98828125,4552.972468798374,1119.4960579600322,reggae
8064.1845703125,624.462890625,5048.41113961518,1601.6671620048176,reggae
8021.1181640625,441.4306640625,3854.901689936871,1697.9631337259036,reggae
7924.21875,172.265625,3582.7866687125097,1760.6668154924982,reggae
7988.818359375,161.4990234375,4007.0841030439724,1725.73879656926,reggae
8537.9150390625,204.5654296875,4678.97170689822,1889.7224982340838,reggae
8139.55078125,172.265625,3494.9705330580014,1770.003232535659,reggae
7267.4560546875,204.5654296875,3736.244074109907,1495.7397545632973,reggae
8085.7177734375,183.0322265625,4068.258733129354,2164.7082631074854,reggae
8139.55078125,172.265625,3540.945255055147,1815.7771116188135,reggae
7999.5849609375,236.865234375,3319.1299296754064,1434.6679138476113,reggae
8171.8505859375,236.865234375,3560.1451389560757,1944.7814165514724,reggae
8107.2509765625,269.1650390625,2827.566235427148,1726.74021722914,reggae
8085.7177734375,301.46484375,3787.3354318341235,1689.037225002736,reggae
8257.9833984375,258.3984375,4119.283424590025,1694.7782495897256,reggae
8118.017578125,161.4990234375,3837.6684608105165,1664.4157454699014,reggae
8333.349609375,183.0322265625,3693.844330495356,1680.5257678198918,reggae
8247.216796875,161.4990234375,2649.925642928841,2260.614056421187,reggae
7805.7861328125,839.794921875,3837.843459752322,1397.650131930698,reggae
9205.4443359375,183.0322265625,4123.183401007402,1454.3131645091848,reggae
9819.140625,1991.8212890625,5049.419466851296,1926.1644558793141,reggae
6546.09375,1108.9599609375,2775.2082186955786,461.93803709493073,reggae
9765.3076171875,1098.193359375,5582.274578082673,1960.4603223860345,reggae
10303.6376953125,1335.05859375,7926.302070735778,1353.3694583892132,reggae
9259.27734375,376.8310546875,5228.026720171004,1749.0417561396391,reggae
8688.6474609375,1981.0546875,4759.787884880515,1126.815615005446,reggae
8979.345703125,279.931640625,5607.916089698626,1422.5273068185502,reggae
10314.404296875,441.4306640625,5452.1336983601,1851.0908838488283,reggae
9754.541015625,613.6962890625,5871.231164135062,2296.343907897219,reggae
10195.9716796875,161.4990234375,7677.036911341428,1869.1369317782467,reggae
10185.205078125,1152.0263671875,7285.10594796101,1967.1382721745351,reggae
9959.1064453125,172.265625,4159.908178937693,2577.824634108125,reggae
10077.5390625,732.12890625,5475.575223279073,2714.4117242127268,reggae
10045.2392578125,398.3642578125,5595.957828675261,2225.1505523043993,reggae
10195.9716796875,333.7646484375,4659.646823753144,2163.150740171886,reggae
10292.87109375,419.8974609375,4776.804448650349,2414.3777260214806,reggae
10228.271484375,484.4970703125,5700.073865766496,2400.1987295586196,reggae
10034.47265625,484.4970703125,5700.315530971846,1785.9372832447661,reggae
9399.2431640625,1496.5576171875,4792.521020281057,1487.2734395827815,reggae
10142.138671875,1819.5556640625,6473.494188999613,2098.859323269055,reggae
9270.0439453125,118.4326171875,4785.929393473055,2454.7869226617227,reggae
9668.408203125,204.5654296875,3939.834509693063,1653.0866914391431,reggae
9862.20703125,1798.0224609375,6973.949496148171,1845.4228989813428,reggae
9646.875,183.0322265625,4366.306930872678,2063.296160027724,reggae
7945.751953125,678.2958984375,3259.1219592020607,1194.8726277188155,reggae
8882.4462890625,753.662109375,3520.153714112084,1390.2550690212354,reggae
8645.5810546875,150.732421875,4381.623504922117,1784.6317691931458,reggae
10077.5390625,581.396484375,5288.368021962075,1757.59063817827,reggae
9410.009765625,322.998046875,5006.536392826045,1585.0363512191448,reggae
10206.73828125,107.666015625,6392.311346567822,2188.513019281678,reggae
10228.271484375,215.33203125,6572.1602590460525,2157.3218815760597,reggae
10185.205078125,1141.259765625,5073.910985421101,1829.6877231751612,reggae
10195.9716796875,1130.4931640625,5064.42770943184,1824.3968116846872,reggae
8903.9794921875,2336.3525390625,4846.387361225329,1416.4053976517218,reggae
9571.5087890625,139.9658203125,5054.527769295424,2315.552418722907,reggae
8171.8505859375,925.927734375,3821.9518891798084,1201.3301594965185,reggae
9226.9775390625,193.798828125,4680.663363335671,2040.24237025902,reggae
9302.34375,1787.255859375,5294.126320475764,1223.6861960762806,reggae
9786.8408203125,753.662109375,5260.409857687935,1670.4713287254988,reggae
10077.5390625,764.4287109375,5315.526191073674,1771.1465755266702,reggae
10077.5390625,764.4287109375,5315.526191073674,1771.1465755266702,reggae
9043.9453125,409.130859375,2562.884502588042,1613.2904586728703,reggae
9226.9775390625,419.8974609375,3820.201899761755,1299.6626002847536,reggae
6686.0595703125,279.931640625,3440.079198311726,670.3471728506538,reggae
9302.34375,484.4970703125,7624.545562082769,2942.9597453326232,reggae
10486.669921875,96.8994140625,6908.908222777187,2223.547018863295,reggae
10346.7041015625,5060.302734375,8250.366777827496,867.1177674427735,reggae
5103.369140625,204.5654296875,2054.704242151219,1155.1983500770039,reggae
9646.875,1862.6220703125,5796.573282247727,1889.9865909640835,reggae
7891.9189453125,2519.384765625,4561.047419970249,1119.7028209690557,reggae
7988.818359375,2465.5517578125,4306.940623185952,1030.5460893281731,reggae
9765.3076171875,290.6982421875,4606.555478122581,2543.0312583465056,reggae
9388.4765625,1733.4228515625,3834.176815257353,1546.7318773668508,reggae
10174.4384765625,3736.0107421875,5720.398742864744,1351.469264871593,reggae
7558.154296875,107.666015625,3183.1557518926566,1194.6451536105915,reggae
9302.34375,2185.6201171875,4137.408314991292,1045.048756634248,reggae
8903.9794921875,183.0322265625,4461.0230248040825,1745.3119635720893,reggae
6524.560546875,1205.859375,4722.8464415937015,799.3202925070041,reggae
7353.5888671875,1431.9580078125,4226.8911072344235,1127.2372989612477,rock
8322.5830078125,947.4609375,3271.6468834655575,1167.2510682961654,rock
7988.818359375,1496.5576171875,3929.9762359713623,1428.9818656808743,rock
8677.880859375,484.4970703125,3042.939933091863,1592.0604233743104,rock
7655.0537109375,430.6640625,2939.2572267136707,1597.9519871609227,rock
9248.5107421875,1216.6259765625,2870.274310510594,799.776855035603,rock
6922.9248046875,1399.658203125,3253.7969914014125,854.0661959525676,rock
8376.416015625,968.994140625,2675.950485560178,1274.6942982329115,rock
6944.4580078125,1884.1552734375,3362.8629985608554,658.5760817830944,rock
9334.6435546875,742.8955078125,2367.927348133949,1443.7121118875248,rock
7751.953125,1281.2255859375,4191.499654575029,1284.533139650013,rock
8182.6171875,387.59765625,3415.26268170714,1542.0760064478222,rock
8559.4482421875,495.263671875,3985.167568903589,1653.0687863338749,rock
7870.3857421875,258.3984375,3824.085209613245,2132.8898684197543,rock
7956.5185546875,118.4326171875,3982.742583567144,1638.2239409820354,rock
8171.8505859375,366.064453125,4501.422780512287,1705.5898142971305,rock
8031.884765625,3509.912109375,5024.202952665441,801.6322608955717,rock
7773.486328125,2680.8837890625,4527.939286837268,901.844782140716,rock
8204.150390625,2250.2197265625,4594.563883967444,1123.743578346782,rock
7665.8203125,2842.3828125,4701.921568123549,882.4515830922137,rock
8074.951171875,2056.4208984375,4432.373198045666,1179.2343498789655,rock
7945.751953125,2131.787109375,4244.366001566128,960.6829340860221,rock
7999.5849609375,2863.916015625,4594.60555038216,1011.2039275873616,rock
7978.0517578125,2530.1513671875,4849.687341270801,1293.64750757482,rock
7299.755859375,3122.314453125,4466.88132271309,694.989664122194,rock
7988.818359375,3143.84765625,4735.371365857198,839.1127226572656,rock
7482.7880859375,2648.583984375,4603.71382863898,966.7216766964103,rock
8311.81640625,2734.716796875,5445.8670695868805,1169.7526510441307,rock
10056.005859375,1862.6220703125,4096.083564876403,1269.9539038155156,rock
8204.150390625,2174.853515625,5172.310390413361,1104.664731261022,rock
9291.5771484375,2034.8876953125,6334.811694260352,1088.8366927334287,rock
10109.8388671875,1819.5556640625,5302.2179382135255,1612.8804735582758,rock
8376.416015625,2454.78515625,4735.771363438467,1090.0336747913266,rock
9668.408203125,1119.7265625,3430.0292590823337,1242.979789049134,rock
8397.94921875,3176.1474609375,5836.38137486697,1118.8070119284148,rock
9722.2412109375,958.2275390625,4271.2075059258905,1714.6572209646909,rock
8979.345703125,2250.2197265625,5885.356078723636,1305.3984849177234,rock
10012.939453125,2810.0830078125,5047.994475468025,1360.3636636568333,rock
9000.87890625,2067.1875,5862.422884064193,1252.8743645576649,rock
9334.6435546875,2734.716796875,5447.483726477844,1361.1114912978353,rock
9883.740234375,3499.1455078125,6130.82959437887,1337.8146949364198,rock
10389.7705078125,3273.046875,5678.490662943837,1360.7003697793093,rock
9593.0419921875,2207.1533203125,5877.406126795908,1656.2068657978568,rock
10174.4384765625,2734.716796875,5327.292786589348,1409.738009142595,rock
8182.6171875,990.52734375,3456.8540968762095,1543.25702006165,rock
3994.4091796875,656.7626953125,3243.230388629547,531.5042839229048,rock
8699.4140625,2239.453125,5034.1112260848,1654.220004740359,rock
9991.40625,3003.8818359375,5963.355607071159,1415.9152597425953,rock
5770.8984375,1711.8896484375,3184.305744938806,711.7131997724621,rock
9582.275390625,990.52734375,4495.3894836614745,2579.3890277283676,rock
10034.47265625,419.8974609375,3810.018628005273,1984.8782036571456,rock
10217.5048828125,2691.650390625,6731.709294274865,1313.157773754636,rock
10335.9375,236.865234375,4463.723008477651,2664.765024145503,rock
9679.1748046875,3929.8095703125,6920.5248191998835,1010.2083224411538,rock
10282.1044921875,1291.9921875,5310.901219040247,1814.4592554573014,rock
8516.3818359375,1184.326171875,3614.6198095551954,1626.0498391482784,rock
9560.7421875,3402.24609375,6719.434368499661,1116.1816343378816,rock
9959.1064453125,3574.51171875,7660.57034424584,1160.364320671235,rock
10045.2392578125,893.6279296875,5497.925088132498,2049.2147591179196,rock
9937.5732421875,742.8955078125,5645.749194260352,2481.6788869746897,rock
9905.2734375,2411.71875,6205.454143134433,1881.0578461796083,rock
9689.94140625,495.263671875,4691.1049668633905,2319.3178557313745,rock
10131.3720703125,1733.4228515625,6983.207773497968,1801.9068224402808,rock
9808.3740234375,279.931640625,3492.653880399816,2883.33068810972,rock
7138.2568359375,2411.71875,4691.004967468073,989.7622648536926,rock
7515.087890625,2282.51953125,4730.413062506047,875.8989393109678,rock
7827.3193359375,1776.4892578125,4575.447332895947,1310.8296615013392,rock
7805.7861328125,1248.92578125,5212.235148993808,1220.4945059019722,rock
7999.5849609375,2228.6865234375,5402.500665150928,888.8591761764236,rock
7978.0517578125,2411.71875,5365.809220352409,1280.3142357125828,rock
7698.1201171875,1518.0908203125,5130.4689767559985,1070.4092407587887,rock
7428.955078125,1496.5576171875,4571.1473588973,1004.5359505401414,rock
7655.0537109375,861.328125,4360.040302099458,1333.6819483250977,rock
7838.0859375,2583.984375,4918.4952585320725,962.5530122272136,rock
7611.9873046875,3143.84765625,4832.445778861504,804.5316160063087,rock
7838.0859375,1065.8935546875,5091.869210163506,1102.989556567865,rock
7665.8203125,1173.5595703125,3580.9033467673667,1368.763693644823,rock
7213.623046875,1701.123046875,4994.003135279605,1127.0796895663802,rock
7924.21875,699.8291015625,4285.449086475667,1482.9740415476228,rock
8064.1845703125,1485.791015625,4479.506246371904,989.634645594567,rock
8042.6513671875,2971.58203125,5339.184381349168,940.0728829986887,rock
8193.3837890625,2562.451171875,5123.794017118566,1027.5046400676417,rock
8279.5166015625,3122.314453125,5926.6808288385255,822.4678652755034,rock
7493.5546875,2476.318359375,4689.613309216573,907.4175652251869,rock
8365.6494140625,1981.0546875,5391.134067216525,1071.7253811000967,rock
8064.1845703125,1808.7890625,4509.297732893528,1215.4542693836163,rock
8688.6474609375,968.994140625,4830.495790652815,1248.9089611908933,rock
9000.87890625,2863.916015625,4819.854188334462,840.2978071825231,rock
8462.548828125,2422.4853515625,4889.828765207769,974.0797099718552,rock
8096.484375,1378.125,3381.4962192216526,1223.827376453964,rock
7762.7197265625,2810.0830078125,5212.826812082769,728.5909195672217,rock
7773.486328125,2670.1171875,4754.654582587558,1079.8228647769392,rock
7418.1884765625,3143.84765625,4687.154990748355,677.1534610723764,rock
7375.1220703125,2444.0185546875,3749.093996408185,926.3299790012494,rock
7192.08984375,3908.2763671875,5086.752574436436,679.0979704752874,rock
7902.685546875,1894.921875,4254.124275892512,1105.8177725423172,rock
7396.6552734375,1550.390625,4147.166589317676,1020.7378911473027,rock
7515.087890625,2077.9541015625,4030.750626602409,896.8604640240508,rock
7568.9208984375,495.263671875,3014.6734373488293,1154.5015356198594,rock
7601.220703125,322.998046875,3246.3053700355554,1324.495994843472,rock
