zcr_max,zcr_min,zcr_mean,zcr_std,genre
0.24267578125,0.033203125,0.08306639113293343,0.02768996741355138,blues
0.32373046875,0.00634765625,0.056044256724071206,0.03805920843998772,blues
0.44091796875,0.0126953125,0.07630074799245357,0.031737819011002394,blues
0.14501953125,0.00634765625,0.03330894446594427,0.02056877198727728,blues
0.3662109375,0.03955078125,0.1015001421004257,0.044198516021300496,blues
0.48193359375,0.01611328125,0.09403986975135449,0.07897575479333778,blues
0.37548828125,0.01708984375,0.07302790308146284,0.0436989109483751,blues
0.2939453125,0.0107421875,0.06143500266060371,0.043011742599829005,blues
0.24462890625,0.0087890625,0.06402757957623839,0.02705344827055859,blues
0.42041015625,0.02783203125,0.0792153184258901,0.03710199195397739,blues
0.1396484375,0.0107421875,0.06298072271671827,0.021005301234394137,blues
0.42822265625,0.00537109375,0.04395891785990712,0.04354469611875666,blues
0.2431640625,0.017578125,0.06912392064144737,0.04879831148262711,blues
0.20947265625,0.017578125,0.051417300575657895,0.03544030759515154,blues
0.21630859375,0.00244140625,0.045045834945820436,0.03950987106446065,blues
0.26025390625,0.013671875,0.0637176797116873,0.04406925502867672,blues
0.2275390625,0.0107421875,0.061350725014512386,0.03767737157691678,blues
0.154296875,0.0087890625,0.04832397083010836,0.029080134268729036,blues
0.25830078125,0.0107421875,0.056131935710139316,0.041510898956046816,blues
0.23388671875,0.01220703125,0.05887114817143963,0.04241648363749193,blues
0.19140625,0.01953125,0.05256015080785604,0.02481177495607362,blues
0.26171875,0.00732421875,0.04793735185274768,0.04829025097065128,blues
0.30517578125,0.0048828125,0.05861340218653251,0.05355133885466522,blues
0.2275390625,0.01416015625,0.052482675841718264,0.03298931566314875,blues
0.16845703125,0.0068359375,0.047297899937113,0.03285126675852585,blues
0.21923828125,0.0107421875,0.05172493288022446,0.03659632145372818,blues
0.244140625,0.00537109375,0.051987591911764705,0.038570568194024366,blues
0.23681640625,0.01123046875,0.07235897288602941,0.050426781842714534,blues
0.15185546875,0.0126953125,0.04802843217879257,0.028583845087897613,blues
0.56396484375,0.009765625,0.05292636174535604,0.0569964788512264,blues
0.35205078125,0.0126953125,0.03937580120452786,0.030759514337925453,blues
0.3916015625,0.01123046875,0.04296723829334365,0.033113697129623997,blues
0.53076171875,0.0087890625,0.03939318583107585,0.05621806192176271,blues
0.390625,0.01171875,0.04196988982681889,0.0379496553493765,blues
0.21337890625,0.0126953125,0.04570040392801858,0.026297618383381533,blues
0.23828125,0.015625,0.045430186363196595,0.0239646253594904,blues
0.193359375,0.0087890625,0.03690378289473684,0.01867459484688581,blues
0.24169921875,0.0087890625,0.04816032858455882,0.03568096538436703,blues
0.544921875,0.013671875,0.044378038530379256,0.04489877912957517,blues
0.3779296875,0.00830078125,0.03533878857875387,0.03076238592057611,blues
0.236328125,0.0263671875,0.09765700585332818,0.03718772697787366,blues
0.31201171875,0.0244140625,0.10228887504837461,0.03994803263481814,blues
0.20703125,0.01806640625,0.09786448759191177,0.04272208046263614,blues
0.1923828125,0.02294921875,0.08716538373161764,0.03500117514815884,blues
0.232421875,0.02880859375,0.09257049088138544,0.030007162506780354,blues
0.11181640625,0.01318359375,0.048051863631965945,0.016320103242275348,blues
0.25048828125,0.0078125,0.05842595056114551,0.030114251431500618,blues
0.19970703125,0.0166015625,0.07534497145897832,0.02898383071360161,blues
0.21484375,0.02197265625,0.09881232766544118,0.03616616794604211,blues
0.19189453125,0.01025390625,0.03997292533378483,0.027574162439430464,blues
0.22021484375,0.02197265625,0.08580598152089783,0.034928695269452505,blues
0.22607421875,0.02197265625,0.1066270952254257,0.030753901057487897,blues
0.32421875,0.0087890625,0.06719384916795666,0.055548805665320465,blues
0.29736328125,0.01904296875,0.13280229598006965,0.04846691288105842,blues
0.38818359375,0.0185546875,0.10338599615421827,0.04376583803985729,blues
0.2763671875,0.013671875,0.11316673822078173,0.05027458263338556,blues
0.23828125,0.0068359375,0.07547951335139319,0.041213635699253966,blues
0.27880859375,0.01904296875,0.08992387045278638,0.03919053771719102,blues
0.28759765625,0.017578125,0.10437162889415634,0.04393353270571209,blues
0.36279296875,0.01318359375,0.14228825524864552,0.06490177105601948,blues
0.21484375,0.0185546875,0.09745368130804953,0.03737641302462226,blues
0.28662109375,0.04296875,0.16758439858262383,0.05048480330342755,blues
0.3759765625,0.0126953125,0.11714895148026316,0.061511483579146375,blues
0.388671875,0.03564453125,0.15435583155959753,0.05536551395836385,blues
0.2548828125,0.0517578125,0.14685171971749225,0.03254157297223645,blues
0.33984375,0.05859375,0.14631846519446595,0.05052950067317384,blues
0.33349609375,0.021484375,0.1217751517753483,0.06325598886261481,blues
0.29736328125,0.03271484375,0.11276500217685759,0.04127225714341651,blues
0.27001953125,0.05419921875,0.13514619715073528,0.03891602475866829,blues
0.3408203125,0.0234375,0.12514096664570434,0.05004558396192482,blues
0.4638671875,0.029296875,0.0983489895752709,0.04178806022625173,blues
0.2685546875,0.048828125,0.13468663832720587,0.03778011820899467,blues
0.3603515625,0.03369140625,0.12924562814434984,0.052906390250971186,blues
0.28564453125,0.02587890625,0.10056968665344428,0.03151751233882172,blues
0.419921875,0.01953125,0.12091612446787926,0.040863540300005635,blues
0.560546875,0.0107421875,0.10858664497871517,0.05666198042229122,blues
0.3056640625,0.01611328125,0.1364685625483746,0.051619364647671674,blues
0.306640625,0.0205078125,0.11152578064531733,0.0338478587047076,blues
0.1982421875,0.06396484375,0.12386319659442724,0.023590708533337914,blues
0.29345703125,0.0322265625,0.12473545133513932,0.03443721040783032,blues
0.21044921875,0.013671875,0.09403873597136223,0.03470671976777877,blues
0.224609375,0.03466796875,0.12727247303115324,0.026971620181065997,blues
0.2958984375,0.04931640625,0.10515129160216719,0.02537447029121749,blues
0.2177734375,0.015625,0.11795053393479102,0.03620508743671726,blues
0.40625,0.03466796875,0.11339689555921052,0.0393754253599644,blues
0.240234375,0.00927734375,0.059416496347716716,0.04087893147497124,blues
0.45654296875,0.00732421875,0.04882661329334365,0.05224029382131732,blues
0.3662109375,0.00634765625,0.050889337025928794,0.033992035759115746,blues
0.107421875,0.00634765625,0.03206556574109907,0.013217909193726623,blues
0.18017578125,0.0048828125,0.025639678671633127,0.020118611046150658,blues
0.4931640625,0.005859375,0.058235853449109906,0.051831560614346975,blues
0.1630859375,0.005859375,0.03605269204721362,0.025550895040477653,blues
0.37451171875,0.0068359375,0.03231802075270898,0.040018074399715234,blues
0.09521484375,0.00341796875,0.021700549051857584,0.010841269236589356,blues
0.27197265625,0.005859375,0.05090785543246904,0.05006302719109203,blues
0.35986328125,0.00830078125,0.05714742465654025,0.03646380337623106,blues
0.44384765625,0.01171875,0.048313766810178016,0.035586509338210115,blues
0.1474609375,0.00634765625,0.04462595842202012,0.02762114643140287,blues
0.36474609375,0.0263671875,0.12842590520994582,0.04932760182122961,blues
0.28515625,0.0146484375,0.07479924535603716,0.04088683757691164,blues
0.1767578125,0.02685546875,0.09824505974264706,0.02075780454020311,classical
0.1630859375,0.025390625,0.0877715781008127,0.025097354349719755,classical
0.14697265625,0.0341796875,0.09004972003192724,0.019882246955559853,classical
0.2109375,0.01513671875,0.10895172213622291,0.034075797115662526,classical
0.228515625,0.037109375,0.1128666644494969,0.028899650496700978,classical
0.1728515625,0.02099609375,0.07523877406636997,0.024844285684220285,classical
0.18505859375,0.02734375,0.07292321739551083,0.02705190660333267,classical
0.21337890625,0.001953125,0.07314694998065016,0.03391140494662343,classical
0.173828125,0.0205078125,0.07878788336880804,0.02557607948866742,classical
0.22900390625,0.01123046875,0.05627025686919505,0.027762706946011736,classical
0.1982421875,0.0263671875,0.08621640987809598,0.029107090512313603,classical
0.15625,0.02001953125,0.06072601223877709,0.019843547732726317,classical
0.18115234375,0.0009765625,0.06593875471652477,0.027186188756531535,classical
0.19189453125,0.02734375,0.08088953354779412,0.031747940722815046,classical
0.15869140625,0.02783203125,0.0684731309258901,0.0223558617453509,classical
0.17431640625,0.005859375,0.07575237640286378,0.025247409742965982,classical
0.13916015625,0.00927734375,0.04766448880127709,0.02051896438803482,classical
0.15478515625,0.033203125,0.08111553369291796,0.01683376921716943,classical
0.22021484375,0.0283203125,0.07066888484423374,0.028722749285277,classical
0.17529296875,0.0029296875,0.057591488486842105,0.03283759873780107,classical
0.1787109375,0.01416015625,0.0698128809500774,0.022786719160019932,classical
0.1689453125,0.0302734375,0.07956679022349071,0.02358068311481835,classical
0.12451171875,0.015625,0.06844629813273993,0.019861194716400292,classical
0.109375,0.00439453125,0.044227245791408666,0.01860499920108992,classical
0.13720703125,0.03515625,0.07164771490421827,0.01783729838692586,classical
0.1474609375,0.03466796875,0.068293993687113,0.01962350056743968,classical
0.12646484375,0.0185546875,0.08174818292859908,0.020760958224874865,classical
0.11083984375,0.021484375,0.05344941224845201,0.016686287337482238,classical
0.18896484375,0.013671875,0.08109777113970588,0.026372057899122735,classical
0.20361328125,0.01806640625,0.09221523981714397,0.03377849208937967,classical
0.18603515625,0.0166015625,0.06372448239164087,0.029303900200503653,classical
0.11376953125,0.01123046875,0.03945743336397059,0.01674844738108833,classical
0.0625,0.013671875,0.03658178937693499,0.00790711298731181,classical
0.1640625,0.0078125,0.05439309512867647,0.026061950193007825,classical
0.21728515625,0.0126953125,0.07356796028444272,0.03843068134215851,classical
0.2177734375,0.0107421875,0.06115495900251548,0.04509209441692387,classical
0.25927734375,0.01904296875,0.059410449521091334,0.03403219520639835,classical
0.22509765625,0.01904296875,0.09395219076528638,0.041684950558959065,classical
0.16064453125,0.01708984375,0.07583589819562693,0.027410949495412788,classical
0.259765625,0.009765625,0.10895928066950464,0.04868762034542661,classical
0.16162109375,0.01953125,0.0726431737374226,0.024683341343449048,classical
0.1865234375,0.0263671875,0.07881698372194272,0.03388347577314894,classical
0.154296875,0.05078125,0.09385279605263158,0.01677223465770365,classical
0.13720703125,0.017578125,0.051040885618227554,0.015022984776564684,classical
0.16552734375,0.017578125,0.07170553768382353,0.023317832895559783,classical
0.123046875,0.03125,0.0622955416747291,0.01595353380720437,classical
0.220703125,0.041015625,0.11161308170472137,0.024523604342587654,classical
0.13232421875,0.0341796875,0.06632537369388544,0.02050126321870578,classical
0.26171875,0.0146484375,0.087271581124226,0.04285851887226305,classical
0.23876953125,0.04296875,0.10944642813951239,0.034268275734998674,classical
0.1416015625,0.01220703125,0.049492898002128485,0.014757405439662058,classical
0.203125,0.00634765625,0.06010507872968266,0.04002613091891299,classical
0.294921875,0.029296875,0.12697013169988391,0.04829672070558114,classical
0.15380859375,0.029296875,0.0879189694998065,0.023161765649490348,classical
0.34814453125,0.029296875,0.11627820844620743,0.037706937818910005,classical
0.1552734375,0.02734375,0.059341288941563465,0.022818711278692897,classical
0.23681640625,0.0390625,0.09672579455301858,0.02628483352505931,classical
0.3623046875,0.01513671875,0.09525792738970588,0.04080153757116091,classical
0.1591796875,0.00732421875,0.08186836360777863,0.02628212605128485,classical
0.18994140625,0.01953125,0.09329951141640867,0.03014453469291171,classical
0.20654296875,0.02099609375,0.10401637782991487,0.03171899577332348,classical
0.25390625,0.005859375,0.07612614587364551,0.027809245768006655,classical
0.1845703125,0.00732421875,0.07404603751451239,0.03514638407929262,classical
0.05712890625,0.01416015625,0.036054203753869966,0.0066329535752611924,classical
0.08154296875,0.013671875,0.04229906395123839,0.012412360354917716,classical
0.11279296875,0.013671875,0.047511806428986066,0.014663807634009174,classical
0.0849609375,0.01416015625,0.04503222958591331,0.009674421185234575,classical
0.138671875,0.01220703125,0.046355350836880804,0.01652557912855383,classical
0.14306640625,0.04541015625,0.09520237217008513,0.01843989100138561,classical
0.14208984375,0.02490234375,0.079280321812113,0.020982316154346026,classical
0.1591796875,0.00244140625,0.07085595854295666,0.023769307352814645,classical
0.1591796875,0.00732421875,0.07585706208881579,0.023570522487004263,classical
0.18017578125,0.00927734375,0.06374980347813468,0.028602283440733588,classical
0.16796875,0.025390625,0.07093910240905572,0.022189483476095694,classical
0.13427734375,0.0263671875,0.07211672189434984,0.022112688936024073,classical
0.1591796875,0.00927734375,0.0608847414376935,0.025786267477004098,classical
0.17236328125,0.021484375,0.07171347414376934,0.022655462261553693,classical
0.15185546875,0.02099609375,0.04834475679663313,0.015943550691569632,classical
0.08349609375,0.0185546875,0.04129340109810371,0.010510062190732826,classical
0.1220703125,0.02099609375,0.05211230771091331,0.019085273800894753,classical
0.06689453125,0.0048828125,0.031537602191369966,0.01124487629262521,classical
0.12841796875,0.00732421875,0.06055896865325077,0.020827313620755298,classical
0.19970703125,0.03125,0.08737929022349071,0.03117456608626121,classical
0.1044921875,0.02099609375,0.05079296572658669,0.01080585346299701,classical
0.10107421875,0.033203125,0.05794825125773994,0.013362718269365801,classical
0.234375,0.03564453125,0.09158788155476007,0.029153492452047302,classical
0.18359375,0.013671875,0.07686121323529412,0.0317573257761655,classical
0.09521484375,0.02001953125,0.051046554518188854,0.012577643145683451,classical
0.1591796875,0.0234375,0.07053623258513932,0.019884481962873287,classical
0.265625,0.0458984375,0.16668644482875386,0.033537387128836645,classical
0.31494140625,0.04248046875,0.151986231375774,0.044230951995267456,classical
0.30078125,0.0263671875,0.1524378537393576,0.04550773734364496,classical
0.24658203125,0.015625,0.13095801385932662,0.058120977988983774,classical
0.19189453125,0.021484375,0.10825822670762383,0.02937307446938279,classical
0.18701171875,0.0029296875,0.07015490458107586,0.035126466239741146,classical
0.2802734375,0.00390625,0.12435714674438854,0.06209782256970734,classical
0.2734375,0.02978515625,0.11752045339106038,0.04879891813490199,classical
0.2158203125,0.02392578125,0.08592124915344428,0.03027926301088661,classical
0.25341796875,0.01220703125,0.1234924505369582,0.04701987067673277,classical
0.142578125,0.025390625,0.08068318558920279,0.020146421718844017,classical
0.3310546875,0.015625,0.10713729622194272,0.0418871334059627,country
0.32080078125,0.0478515625,0.12698751632643188,0.02962192975991973,country
0.59423828125,0.00732421875,0.0741337165005805,0.06309381282543829,country
0.45458984375,0.01953125,0.1025643835864938,0.04864669971210088,country
0.26513671875,0.0302734375,0.12416100280572756,0.03553262765514058,country
0.453125,0.02294921875,0.13645079999516255,0.04738494265308824,country
0.43603515625,0.0146484375,0.12843724300986842,0.05298633131529305,country
0.28369140625,0.0166015625,0.11293582502902477,0.04223924747191198,country
0.251953125,0.01953125,0.10473972946497678,0.03445165462744043,country
0.369140625,0.0419921875,0.15687886996904024,0.04011588050480956,country
0.4306640625,0.0087890625,0.07651125314434984,0.049412810262778016,country
0.64404296875,0.0068359375,0.11010515431501548,0.09543314651913731,country
0.27880859375,0.015625,0.06406763980263158,0.033248380712671756,country
0.38232421875,0.04296875,0.12956497617550308,0.04883861052443066,country
0.68212890625,0.01416015625,0.12474225401509288,0.08164670134290412,country
0.31494140625,0.015625,0.09426624782314241,0.04685038846914127,country
0.19677734375,0.01953125,0.06017386138254644,0.024269573067012565,country
0.15869140625,0.0166015625,0.06385600087074303,0.028574357614648493,country
0.41552734375,0.02197265625,0.09561053296729877,0.040341749614062054,country
0.177734375,0.0068359375,0.050959631385448914,0.03180371014668049,country
0.64453125,0.00341796875,0.08685812935371517,0.07362531895374307,country
0.21337890625,0.013671875,0.04559534031540248,0.019623295230523113,country
0.19384765625,0.01611328125,0.06805325440208979,0.026146789597961014,country
0.53515625,0.00390625,0.03548126693111455,0.04358087747289947,country
0.19287109375,0.01220703125,0.0824598188370743,0.04773217128956151,country
0.40234375,0.0126953125,0.05730313044214396,0.03975641387073696,country
0.294921875,0.01025390625,0.05483186798568111,0.0299522917730298,country
0.21044921875,0.025390625,0.0973951026751161,0.0305604394754012,country
0.16064453125,0.00634765625,0.05981898824496904,0.02437201932904216,country
0.169921875,0.0166015625,0.054208666916602165,0.021584338173416324,country
0.16162109375,0.01416015625,0.042844034200851394,0.015186132541119165,country
0.4599609375,0.0185546875,0.09529609798277863,0.04942497475310151,country
0.36376953125,0.0107421875,0.0676016320385062,0.045078739586647786,country
0.4501953125,0.017578125,0.12361565462945047,0.05666182057738311,country
0.51904296875,0.02197265625,0.11928688261900154,0.058079505230610576,country
0.466796875,0.02783203125,0.10437125096749227,0.050576452736404445,country
0.33056640625,0.0087890625,0.0848248839009288,0.06113420406689215,country
0.46923828125,0.02099609375,0.08500288735971362,0.050835078679474364,country
0.35791015625,0.046875,0.12115799753289473,0.04498343411047732,country
0.5615234375,0.0810546875,0.21237475510352166,0.06243236010648071,country
0.36669921875,0.02490234375,0.10633306828076626,0.03583823007695159,country
0.37890625,0.00830078125,0.09585618529895511,0.05358683770124777,country
0.37890625,0.02099609375,0.08702592879256967,0.035707052236351504,country
0.46923828125,0.0400390625,0.1343000193498452,0.04713023080878741,country
0.31982421875,0.0048828125,0.0665200059258901,0.03922020430981034,country
0.64013671875,0.0224609375,0.13296442651896284,0.05914689739302819,country
0.35205078125,0.02001953125,0.11589196739551083,0.047611324353133665,country
0.22607421875,0.01025390625,0.09412943837074303,0.040130356300566314,country
0.404296875,0.0146484375,0.0639731581366099,0.03404554543959908,country
0.2109375,0.0185546875,0.07581624600909442,0.028124913795809045,country
0.47607421875,0.01708984375,0.07890693026799536,0.04591949146356421,country
0.46484375,0.00732421875,0.0592494527621904,0.043583400090552685,country
0.2646484375,0.005859375,0.03547446425116099,0.0249863436185921,country
0.33984375,0.01513671875,0.10825444744098298,0.035117035681309756,country
0.189453125,0.01416015625,0.06020787478231424,0.0249648464017551,country
0.22900390625,0.0244140625,0.08110419589299536,0.023314182961133613,country
0.16162109375,0.0078125,0.054941088791602165,0.03178465245559216,country
0.2783203125,0.0166015625,0.07543756349167957,0.037212333998220895,country
0.18798828125,0.01513671875,0.07327015407314241,0.03209093860536895,country
0.24853515625,0.00634765625,0.052538986914667185,0.031119407741844074,country
0.30322265625,0.00439453125,0.04291659612035604,0.03347395883037927,country
0.208984375,0.009765625,0.048586629861648606,0.026553654216702582,country
0.33837890625,0.025390625,0.10237579818111456,0.03931169314263441,country
0.2880859375,0.00927734375,0.058282716355456655,0.03559421272405188,country
0.244140625,0.0107421875,0.060115282749613,0.02583243154051234,country
0.18115234375,0.009765625,0.038680794069272446,0.02104058241262277,country
0.20703125,0.03564453125,0.09886750495839783,0.02650257338950249,country
0.25830078125,0.00830078125,0.03538187221845975,0.024618088347495418,country
0.2158203125,0.0146484375,0.050243082430340556,0.02284380251731797,country
0.3037109375,0.01416015625,0.06108731012964396,0.031818339280545,country
0.31640625,0.00927734375,0.09476964613970588,0.03778507253215874,country
0.22900390625,0.0185546875,0.060543095733359135,0.029844938534051905,country
0.171875,0.0283203125,0.08227350099167957,0.024406037724942355,country
0.17431640625,0.02099609375,0.06975279061048761,0.029433094878084164,country
0.3232421875,0.00634765625,0.07112353062113003,0.04274126192777836,country
0.24365234375,0.02294921875,0.11375403625677244,0.03871022322277994,country
0.21630859375,0.0126953125,0.0665252968991873,0.04089089546495187,country
0.16357421875,0.03759765625,0.08784300624032508,0.022909935885453283,country
0.2919921875,0.005859375,0.04985797515963622,0.03811616838618607,country
0.1728515625,0.01953125,0.04576843072755418,0.024571649731683964,country
0.4208984375,0.0126953125,0.08940724470297988,0.04595830881893212,country
0.43017578125,0.013671875,0.10102962340363777,0.04830668405281991,country
0.384765625,0.03466796875,0.10609270692240712,0.046736595067522604,country
0.27294921875,0.01318359375,0.05955141616679566,0.028660417942363077,country
0.4765625,0.02490234375,0.09301795605166409,0.03909767621843402,country
0.27294921875,0.01318359375,0.06926526521381579,0.035425249299960236,country
0.24560546875,0.0107421875,0.07831736467202012,0.03006529654044553,country
0.3955078125,0.0107421875,0.07391451903541021,0.03676068935882658,country
0.22265625,0.01708984375,0.06606309258900929,0.026334896534247934,country
0.2900390625,0.00732421875,0.05250308388157895,0.03535657902986996,country
0.35498046875,0.0126953125,0.0990303913506192,0.04177905279243458,country
0.33984375,0.00634765625,0.06475622218459752,0.0364948809595604,country
0.25341796875,0.041015625,0.12121959957914087,0.03629934254034809,country
0.42138671875,0.01708984375,0.068123926688274,0.04343571475975772,country
0.25146484375,0.01171875,0.06299281636996903,0.031171800922215564,country
0.54296875,0.0068359375,0.0672293742743808,0.05846037972127683,country
0.4384765625,0.01806640625,0.09739925986842106,0.04570086341082459,country
0.42236328125,0.00634765625,0.06718742441466719,0.052161440448583236,country
0.30322265625,0.00732421875,0.0617449025251548,0.030974684731440178,country
0.38330078125,0.0224609375,0.1082567150009675,0.0538803185365032,country
0.51708984375,0.01171875,0.09633501838235294,0.0838646739684809,disco
0.41455078125,0.05712890625,0.18854685685952013,0.066283854618143,disco
0.53955078125,0.03369140625,0.1533482790731424,0.06720628911920071,disco
0.47607421875,0.01123046875,0.14965177837171054,0.06873719532901394,disco
0.5634765625,0.05419921875,0.16905150989260836,0.0715645923792043,disco
0.5234375,0.025390625,0.14455203596652477,0.06204898638445383,disco
0.33056640625,0.0712890625,0.16366529907604488,0.0365991020079963,disco
0.4033203125,0.017578125,0.1402841101489938,0.05347043326100227,disco
0.54345703125,0.03955078125,0.16440792497097523,0.056134258539823005,disco
0.6611328125,0.03173828125,0.17065354102167182,0.06878800778479255,disco
0.57421875,0.03173828125,0.15032410990712075,0.05951471278529785,disco
0.6328125,0.0244140625,0.13097653226586686,0.07374647961316932,disco
0.45458984375,0.0146484375,0.13174939229392416,0.06218414451623731,disco
0.39453125,0.0166015625,0.15957688842395512,0.06959175580256804,disco
0.37939453125,0.029296875,0.156306688999613,0.05200051163441934,disco
0.24658203125,0.02099609375,0.09018917497097523,0.03945344429217535,disco
0.3544921875,0.0166015625,0.11443506010545666,0.047486323089410205,disco
0.4482421875,0.017578125,0.12076004075561146,0.06479467245650906,disco
0.380859375,0.0205078125,0.14359928284636223,0.052447509908184614,disco
0.4228515625,0.009765625,0.10366263847232972,0.05283107384774578,disco
0.43896484375,0.02734375,0.10330171850812693,0.04704912919051391,disco
0.3408203125,0.029296875,0.1240548054131192,0.044995280001122386,disco
0.65771484375,0.0224609375,0.17289993711300308,0.09129611456605723,disco
0.63134765625,0.0087890625,0.15100324412248453,0.08116006648234539,disco
0.3427734375,0.02294921875,0.12025853207236842,0.03886628306928901,disco
0.38671875,0.0224609375,0.0996603950996517,0.050123410109899146,disco
0.6142578125,0.00830078125,0.1315751681017802,0.0744159069546085,disco
0.4755859375,0.0078125,0.10124882086880804,0.07425717021928806,disco
0.72314453125,0.03271484375,0.1982474784732972,0.11595202962257423,disco
0.41943359375,0.03564453125,0.13853393176760836,0.049965613022775475,disco
0.646484375,0.03271484375,0.1508622774767802,0.07706370250611315,disco
0.51416015625,0.03662109375,0.17381451964009287,0.05277311399564429,disco
0.49169921875,0.01416015625,0.12327627648510062,0.052494197749285536,disco
0.32373046875,0.01611328125,0.12449924717008513,0.04079810968307279,disco
0.482421875,0.04833984375,0.18083450742550308,0.056617282516308994,disco
0.51904296875,0.01904296875,0.1764282604489164,0.0855581751534182,disco
0.36474609375,0.0390625,0.16205155222039475,0.04994181001944214,disco
0.63330078125,0.0322265625,0.19009560032894737,0.0716635016040507,disco
0.62109375,0.05712890625,0.16828847595781735,0.07504607238199056,disco
0.21337890625,0.0244140625,0.10118608504256967,0.028192376141641662,disco
0.39111328125,0.01416015625,0.12638850256385448,0.04925769241814541,disco
0.46044921875,0.01416015625,0.053842455979102165,0.036524757658491516,disco
0.25537109375,0.01953125,0.12167764669601393,0.040131270575254195,disco
0.5859375,0.0126953125,0.13478414340654024,0.07237925219544916,disco
0.326171875,0.02734375,0.1095964650251548,0.040398612847045066,disco
0.53125,0.02294921875,0.10974196679082818,0.06587269052827661,disco
0.40625,0.017578125,0.11426008005998452,0.04781064789061981,disco
0.4443359375,0.029296875,0.08702290537925697,0.05300927863510807,disco
0.4296875,0.01318359375,0.15437434996613777,0.05761921237132107,disco
0.5673828125,0.01171875,0.13532117719620743,0.07365593131210514,disco
0.31396484375,0.02587890625,0.12878191212751547,0.036077468264831714,disco
0.36767578125,0.0283203125,0.15772391398993807,0.042070515672330396,disco
0.48486328125,0.05810546875,0.16987803550696595,0.051592650994243386,disco
0.57568359375,0.01171875,0.15430745694659442,0.09950169977062846,disco
0.56640625,0.01708984375,0.11465010037732198,0.07463031234675307,disco
0.32177734375,0.0126953125,0.11041618795955882,0.041766071561369925,disco
0.3896484375,0.0146484375,0.07696816648123066,0.03752317729484583,disco
0.23681640625,0.02099609375,0.09247298580205109,0.023773244375785093,disco
0.55859375,0.02685546875,0.1109932819756192,0.06026967802700165,disco
0.61669921875,0.0146484375,0.1102181543875774,0.06897556685864786,disco
0.3203125,0.0146484375,0.09303307311822756,0.04116394431581023,disco
0.33056640625,0.01611328125,0.11589045568885449,0.0504051418442315,disco
0.47021484375,0.0078125,0.12770671076818885,0.06207232489706786,disco
0.3037109375,0.00537109375,0.09977263931888544,0.05808054176643849,disco
0.18310546875,0.0068359375,0.06485183763061146,0.036618643507843676,disco
0.419921875,0.01220703125,0.07365715097716719,0.044903810725006474,disco
0.5400390625,0.0234375,0.13862576794698142,0.06312919059501766,disco
0.41748046875,0.0400390625,0.14330827931501547,0.052966584289856684,disco
0.5458984375,0.03759765625,0.16269251584268576,0.07437022387883789,disco
0.22998046875,0.01318359375,0.08364121758900929,0.035755040348975434,disco
0.337890625,0.02001953125,0.1346148322610294,0.03890137354544263,disco
0.46630859375,0.02294921875,0.15595068208204335,0.06834677606064296,disco
0.60888671875,0.0390625,0.184138720249613,0.07711310353300642,disco
0.580078125,0.07763671875,0.17636703632933437,0.06721990785472465,disco
0.45751953125,0.03515625,0.15116461880804954,0.05429887531450014,disco
0.353515625,0.03125,0.12995726405282507,0.04323529130529884,disco
0.4208984375,0.0185546875,0.12191385086106811,0.040071683042191907,disco
0.35205078125,0.00927734375,0.11760246347716719,0.053534911215442064,disco
0.55078125,0.01611328125,0.09617402162345201,0.046439038774616,disco
0.3515625,0.00830078125,0.09981534503192724,0.0538490863271812,disco
0.486328125,0.01318359375,0.08475043234810371,0.04932205774309747,disco
0.54833984375,0.0107421875,0.11643089081849846,0.06784558275257073,disco
0.47998046875,0.01220703125,0.13824595164957432,0.07751722803035366,disco
0.36572265625,0.017578125,0.09003346918537151,0.05412156038592039,disco
0.5068359375,0.00927734375,0.1514639367260062,0.08198918731095182,disco
0.52734375,0.017578125,0.15866457345684984,0.09798764252916045,disco
0.30712890625,0.013671875,0.09448204394833591,0.04594367995953293,disco
0.5625,0.0263671875,0.10026696739551083,0.049968834840495475,disco
0.27392578125,0.03466796875,0.13146859278250775,0.037883359985738115,disco
0.3232421875,0.0166015625,0.1118704497629644,0.04070195939827017,disco
0.4306640625,0.0224609375,0.14616918416215172,0.06482923514345923,disco
0.36962890625,0.0068359375,0.09159921935468267,0.05523465504563372,disco
0.2744140625,0.01708984375,0.11753292497097523,0.04933509961605914,disco
0.64599609375,0.0234375,0.13708722849748453,0.06135603302080036,disco
0.1962890625,0.01318359375,0.09361054506095201,0.03475261045401621,disco
0.60498046875,0.01025390625,0.11808431997387771,0.06673320000596478,disco
0.384765625,0.025390625,0.13440697259578174,0.05812151085688778,disco
0.3388671875,0.01220703125,0.12049624794407894,0.04778232938281726,disco
0.5009765625,0.03125,0.11262743687113003,0.05184927464232827,disco
0.5009765625,0.03125,0.11262743687113003,0.05184927464232827,disco
0.3671875,0.015625,0.14734075682082043,0.053777235991616865,hiphop
0.38330078125,0.00732421875,0.09764869146671827,0.07165696918197695,hiphop
0.57275390625,0.01025390625,0.05873774005901703,0.04982144062839028,hiphop
0.2421875,0.01123046875,0.10351449122000773,0.04780037424971358,hiphop
0.4892578125,0.00244140625,0.09989130829140867,0.07827294488414882,hiphop
0.34814453125,0.009765625,0.1246141368759675,0.05112069674000779,hiphop
0.58837890625,0.0087890625,0.12823807565789475,0.09666151537551325,hiphop
0.43701171875,0.005859375,0.07867374951625387,0.05050207819426177,hiphop
0.55517578125,0.0048828125,0.17691578584558823,0.1007162714833205,hiphop
0.431640625,0.00732421875,0.09832480226876934,0.08606076695826416,hiphop
0.3369140625,0.02978515625,0.12547203040344426,0.04901151639581305,hiphop
0.62646484375,0.01123046875,0.0941872611503483,0.05850673531987969,hiphop
0.32080078125,0.01708984375,0.08725570820433437,0.0335220239161531,hiphop
0.24658203125,0.015625,0.0966369817869582,0.037553838137230594,hiphop
0.34228515625,0.03125,0.13386653746613777,0.04515318364729884,hiphop
0.37890625,0.025390625,0.11596868650832043,0.05024394828355757,hiphop
0.63427734375,0.0068359375,0.11047967963912539,0.07456631253571229,hiphop
0.25341796875,0.0078125,0.08034305159152477,0.042375158747532976,hiphop
0.63134765625,0.01416015625,0.1457859665247678,0.10309311668039683,hiphop
0.4072265625,0.013671875,0.10016379341621517,0.05667135463926171,hiphop
0.42626953125,0.00537109375,0.10805943728231424,0.07586115513924226,hiphop
0.5927734375,0.02490234375,0.11973245815595976,0.06390647200675532,hiphop
0.455078125,0.0126953125,0.0753997708252709,0.05047038128793575,hiphop
0.279296875,0.02978515625,0.10668265044504643,0.036043559450827836,hiphop
0.53271484375,0.02001953125,0.13887293198529413,0.05589528601575795,hiphop
0.4892578125,0.0048828125,0.10742111914667182,0.0677256291383987,hiphop
0.6103515625,0.00830078125,0.17347174015576625,0.10847894405451698,hiphop
0.6376953125,0.00537109375,0.1028002098248839,0.08614413146612777,hiphop
0.44482421875,0.0107421875,0.11459341137770898,0.06609017868168536,hiphop
0.45556640625,0.00732421875,0.11568637529024768,0.07801600889525717,hiphop
0.31591796875,0.056640625,0.1727574587606424,0.047966378113796934,hiphop
0.63720703125,0.01416015625,0.13644361938854488,0.0803616944853105,hiphop
0.68701171875,0.005859375,0.07872191436531008,0.06621472635301993,hiphop
0.626953125,0.01318359375,0.15224662284732973,0.08798248443422266,hiphop
0.39208984375,0.04150390625,0.16916602167182662,0.05688144857263324,hiphop
0.55078125,0.00634765625,0.10329945094814241,0.09464071940812725,hiphop
0.63525390625,0.0,0.12089987362132353,0.10113699469978117,hiphop
0.6259765625,0.0,0.21284149453366874,0.1213583212169293,hiphop
0.34033203125,0.0,0.09668724603328173,0.05123288030193029,hiphop
0.74169921875,0.0,0.1125715037248452,0.10571356898252686,hiphop
0.771484375,0.0,0.10152508526025542,0.11565550089439311,hiphop
0.474609375,0.0,0.12015460223974458,0.06731346206888379,hiphop
0.4951171875,0.0,0.10257420967976007,0.07562321148987147,hiphop
0.369140625,0.0,0.06156538735971362,0.039680252917284414,hiphop
0.6181640625,0.0,0.14338613220781735,0.09255537616275325,hiphop
0.74169921875,0.0,0.1125715037248452,0.10571356898252686,hiphop
0.37841796875,0.00830078125,0.09149226610874613,0.06355147160209093,hiphop
0.64306640625,0.00732421875,0.10935685952012383,0.09608074842083754,hiphop
0.25927734375,0.01025390625,0.07745040090460527,0.048858479858739,hiphop
0.416015625,0.01708984375,0.10872005309113777,0.05845284458069472,hiphop
0.24658203125,0.00732421875,0.04244418779024768,0.031010006967336638,hiphop
0.5654296875,0.0087890625,0.09951791674729102,0.08669220888120782,hiphop
0.5615234375,0.0087890625,0.08231280536474458,0.06507038333973547,hiphop
0.470703125,0.00732421875,0.10707796173568111,0.07020433641296625,hiphop
0.54345703125,0.0166015625,0.12631934198432662,0.07736549532802195,hiphop
0.41357421875,0.0068359375,0.07250031745839783,0.05482965274746658,hiphop
0.169921875,0.00927734375,0.07013033934791021,0.03323799871690147,hiphop
0.2138671875,0.00830078125,0.05145433738873839,0.03853808811820523,hiphop
0.6220703125,0.0126953125,0.13613863257062694,0.09681372924227465,hiphop
0.240234375,0.0078125,0.06300302038989938,0.04414998668624636,hiphop
0.24365234375,0.005859375,0.05390783729198916,0.0467870986579001,hiphop
0.2646484375,0.0087890625,0.06727699303405572,0.0384630085615179,hiphop
0.5751953125,0.00341796875,0.10955073589880031,0.0989761484429806,hiphop
0.5556640625,0.00439453125,0.12218709183920279,0.08564761922394243,hiphop
0.55615234375,0.0048828125,0.07981168670181889,0.06010688796406778,hiphop
0.68896484375,0.0078125,0.0886033946884675,0.09532570834495797,hiphop
0.4755859375,0.00537109375,0.0793853854247291,0.05929538458514303,hiphop
0.58349609375,0.0048828125,0.1268197168875774,0.0986723826081829,hiphop
0.3251953125,0.013671875,0.09572391096652477,0.05484551611564479,hiphop
0.61279296875,0.01708984375,0.1209660107875387,0.08406286091375782,hiphop
0.375,0.00634765625,0.06926450936048761,0.05538221686108912,hiphop
0.70703125,0.0126953125,0.10757606907894737,0.09980100434615782,hiphop
0.28662109375,0.00537109375,0.05136250120936533,0.0429036224468246,hiphop
0.7451171875,0.009765625,0.08562004160216719,0.09636948454785406,hiphop
0.34375,0.005859375,0.11079033535700464,0.0685627744887422,hiphop
0.6875,0.00537109375,0.146737207938274,0.12990981339934424,hiphop
0.798828125,0.00244140625,0.09669745005321208,0.09072237596777008,hiphop
0.6591796875,0.017578125,0.13766243288022445,0.07940125650442796,hiphop
0.798828125,0.00244140625,0.09669745005321208,0.09072237596777008,hiphop
0.65869140625,0.0234375,0.17240182976973684,0.0990537943228101,hiphop
0.70166015625,0.01513671875,0.15500095237519348,0.08521252116440894,hiphop
0.208984375,0.00390625,0.05177973224651703,0.0340655774958351,hiphop
0.326171875,0.0107421875,0.11322947404702012,0.06968862347025029,hiphop
0.41650390625,0.005859375,0.11085004776993033,0.05949677964130322,hiphop
0.3671875,0.00390625,0.10514864611551858,0.07075722774378784,hiphop
0.44189453125,0.01025390625,0.1272399713380418,0.06848580563477694,hiphop
0.3544921875,0.00927734375,0.0798679977747678,0.054212003302452946,hiphop
0.3095703125,0.0078125,0.08769334728134674,0.07454955775346428,hiphop
0.5751953125,0.0244140625,0.14991216984326625,0.05604475089565262,hiphop
0.31201171875,0.01806640625,0.11762400529702012,0.058755908846497555,hiphop
0.3671875,0.01318359375,0.10450163566660217,0.04792195262566319,hiphop
0.640625,0.0166015625,0.1385550956607972,0.06432433103985193,hiphop
0.228515625,0.005859375,0.07263901654411764,0.03913107712171369,hiphop
0.4091796875,0.01416015625,0.15219749238099844,0.07451131650185373,hiphop
0.2109375,0.00439453125,0.054190904363390094,0.031067624946908803,hiphop
0.326171875,0.02880859375,0.15760335538409442,0.053788006120084185,hiphop
0.19189453125,0.02197265625,0.08312648147252322,0.03025657754202929,hiphop
0.42236328125,0.0205078125,0.11598796076818886,0.06468443705546123,hiphop
0.3349609375,0.015625,0.10066983721942724,0.060083712715288694,hiphop
0.41552734375,0.0078125,0.1015708143866099,0.0660666895657862,hiphop
0.33837890625,0.005859375,0.07846437814434984,0.0494446034440216,jazz
0.19482421875,0.01123046875,0.0592777972619969,0.03278287404369276,jazz
0.16796875,0.0185546875,0.0578726659249226,0.030455296666549118,jazz
0.1181640625,0.01220703125,0.04467433303502322,0.014439982353072539,jazz
0.14013671875,0.00830078125,0.04776879656056501,0.022850390729666232,jazz
0.1630859375,0.0068359375,0.057861328125,0.03011651735651277,jazz
0.15478515625,0.00634765625,0.04806244557856037,0.026358784312991452,jazz
0.1396484375,0.009765625,0.06483445300406347,0.02659780258129316,jazz
0.1875,0.005859375,0.04627485245743034,0.025773536084823228,jazz
0.07177734375,0.005859375,0.03169028456366099,0.01169198518874115,jazz
0.10595703125,0.00634765625,0.033065559694272446,0.021363335641882263,jazz
0.18408203125,0.01171875,0.07692054772155572,0.026831269059045988,jazz
0.1708984375,0.01171875,0.06369991715847523,0.02166720355284784,jazz
0.12255859375,0.01904296875,0.061073326843072755,0.017872258389557135,jazz
0.189453125,0.021484375,0.06494254002999227,0.03403276585787961,jazz
0.1494140625,0.01513671875,0.07357060577109133,0.025324927976429722,jazz
0.1943359375,0.00927734375,0.06986427897639319,0.0350008076259884,jazz
0.22998046875,0.01416015625,0.08418656576528638,0.04044397175385996,jazz
0.2275390625,0.0234375,0.0877088422745743,0.02592100700553312,jazz
0.12744140625,0.00830078125,0.05548416940789474,0.01969036391144513,jazz
0.14404296875,0.00634765625,0.03297183388157895,0.022543183579161824,jazz
0.41748046875,0.02685546875,0.1813991298616486,0.0860108218836192,jazz
0.26318359375,0.005859375,0.05122229041698916,0.02508611207624593,jazz
0.2275390625,0.013671875,0.08007358988003097,0.030433425990363205,jazz
0.373046875,0.0126953125,0.0932473575367647,0.051010784801549636,jazz
0.224609375,0.0146484375,0.0636243318256579,0.027135422933206903,jazz
0.44287109375,0.0048828125,0.05863569985971362,0.05430676235996627,jazz
0.15673828125,0.0087890625,0.0626534382256192,0.02596363851920037,jazz
0.20849609375,0.0205078125,0.07490468689531733,0.02379235314116334,jazz
0.23046875,0.02294921875,0.09940416082140092,0.03194457158239107,jazz
0.23095703125,0.00732421875,0.0846627533620356,0.05328118393171564,jazz
0.1611328125,0.013671875,0.07241415017898607,0.030012671049944956,jazz
0.25390625,0.0078125,0.06140930364744582,0.03409256535295288,jazz
0.1455078125,0.00927734375,0.042349706124226005,0.0204392451891489,jazz
0.31982421875,0.01416015625,0.07934494727167182,0.04745797021033354,jazz
0.087890625,0.01416015625,0.03772993058243034,0.011496381304279784,jazz
0.30224609375,0.01904296875,0.09955948868034056,0.05652341898030394,jazz
0.1376953125,0.009765625,0.05151291602167183,0.02037662576597452,jazz
0.158203125,0.0146484375,0.0664005811000387,0.02376858270754691,jazz
0.21630859375,0.01171875,0.0765237247242647,0.03379613765057276,jazz
0.2568359375,0.01904296875,0.0548605904121517,0.0245357977301386,jazz
0.2216796875,0.005859375,0.10063091077302631,0.046353907167635246,jazz
0.224609375,0.02001953125,0.06121202592879257,0.02931408600564928,jazz
0.17822265625,0.01123046875,0.08566917206849846,0.02883563749806154,jazz
0.130859375,0.0078125,0.04966409878095975,0.02345245833390414,jazz
0.10302734375,0.01416015625,0.04262597051567337,0.014531025576167603,jazz
0.13916015625,0.01318359375,0.058650061072948914,0.020447560839816234,jazz
0.345703125,0.021484375,0.09357350824787151,0.04409688147515413,jazz
0.18408203125,0.0107421875,0.0792973285119969,0.025587165006959588,jazz
0.4150390625,0.02001953125,0.06479514863099846,0.04402998115700122,jazz
0.2041015625,0.021484375,0.08078258030185759,0.028326074518788227,jazz
0.1455078125,0.00927734375,0.0424521242501935,0.020346408450458972,jazz
0.31787109375,0.00927734375,0.0774182771381579,0.0445108259656936,jazz
0.33251953125,0.01416015625,0.07951917146381579,0.04778169133845097,jazz
0.30029296875,0.0224609375,0.1114218508126935,0.0386411264493366,jazz
0.087890625,0.01416015625,0.03778284031540248,0.011459652741058646,jazz
0.31591796875,0.02294921875,0.11482508042279412,0.04388729435354578,jazz
0.21435546875,0.01123046875,0.06180650457140093,0.03635613276363216,jazz
0.30224609375,0.01904296875,0.09965699375967492,0.0564153885211254,jazz
0.15869140625,0.00537109375,0.03827792424535604,0.027069492176961425,jazz
0.138671875,0.00927734375,0.052423719282120744,0.020810923822698415,jazz
0.20361328125,0.01416015625,0.09449413760158669,0.03362244966486635,jazz
0.1591796875,0.015625,0.06752226743904799,0.024040103248219986,jazz
0.2373046875,0.02197265625,0.09815057807662539,0.03078821560006177,jazz
0.099609375,0.0107421875,0.0558798586251935,0.014763534176940473,jazz
0.21728515625,0.01171875,0.076529393624226,0.0338244621854336,jazz
0.1923828125,0.01513671875,0.08824663191756967,0.03142804304019163,jazz
0.259765625,0.01904296875,0.054945623911571206,0.024877625231782788,jazz
0.2255859375,0.01904296875,0.061230544335332815,0.029297360379693944,jazz
0.18212890625,0.01123046875,0.08743219995646284,0.028978569800943755,jazz
0.130859375,0.0078125,0.05003635654508514,0.023468163480936752,jazz
0.10302734375,0.01416015625,0.04257495041602167,0.014509823477799439,jazz
0.14013671875,0.01318359375,0.05873471664570434,0.0203656481525029,jazz
0.33740234375,0.044921875,0.1297546953608746,0.043444804349418525,jazz
0.26708984375,0.015625,0.09557311822755418,0.042826117392090725,jazz
0.3095703125,0.05126953125,0.12654912139609134,0.04441345215185112,jazz
0.208984375,0.0166015625,0.06871462606424149,0.02770287215460793,jazz
0.3271484375,0.03271484375,0.13090245863970587,0.03793853689999331,jazz
0.31591796875,0.01318359375,0.09583048628579721,0.03754695804986568,jazz
0.2138671875,0.02685546875,0.1078761428502322,0.037143322475382066,jazz
0.259765625,0.03076171875,0.14035780584849072,0.03568399011356322,jazz
0.3974609375,0.01611328125,0.10014829842298761,0.06212766672337261,jazz
0.6279296875,0.01318359375,0.20684871142124614,0.10547509795840737,jazz
0.42626953125,0.025390625,0.14970204261803405,0.06094072032422024,jazz
0.35693359375,0.01953125,0.11833828669214397,0.05503498699285616,jazz
0.33349609375,0.0302734375,0.1475769609858746,0.04777080325198311,jazz
0.55224609375,0.0390625,0.2617017433001161,0.08808942624777892,jazz
0.20458984375,0.00537109375,0.04282929506095201,0.029168127310344284,jazz
0.42138671875,0.0126953125,0.06904795738196594,0.03236378008979239,jazz
0.302734375,0.005859375,0.06275774598490712,0.05818168689811737,jazz
0.1181640625,0.013671875,0.054154245476973686,0.01530488869640677,jazz
0.4892578125,0.01025390625,0.15142274271962075,0.13048194776690059,jazz
0.3447265625,0.005859375,0.0753657574255031,0.07906939669753421,jazz
0.21630859375,0.02783203125,0.08170320965557276,0.02654021706796633,jazz
0.13330078125,0.00830078125,0.04151184270994582,0.019605120903694165,jazz
0.2958984375,0.00732421875,0.06339606412054953,0.029068428017969397,jazz
0.27734375,0.00634765625,0.07777050478908669,0.04596203589860378,jazz
0.28662109375,0.005859375,0.03991094536087461,0.021790496590936133,jazz
0.2998046875,0.0068359375,0.05812512093653251,0.03524600299902501,jazz
0.13525390625,0.00732421875,0.04620040090460526,0.023186006070081006,jazz
0.3603515625,0.05859375,0.18307976973684212,0.046724106946035154,metal
0.43505859375,0.0419921875,0.15290156975619196,0.04146074190988895,metal
0.3125,0.056640625,0.12839302559017027,0.031248118070745866,metal
0.36669921875,0.0595703125,0.16671025420859134,0.04730162204261712,metal
0.392578125,0.0537109375,0.19242362857972137,0.04854561816308119,metal
0.2763671875,0.037109375,0.13437825016931115,0.036374302019338875,metal
0.494140625,0.06689453125,0.1981254081607972,0.057698210371022816,metal
0.41455078125,0.056640625,0.16837313153057276,0.043297733765302285,metal
0.45263671875,0.02587890625,0.14055924076044893,0.07110296064752432,metal
0.1669921875,0.03076171875,0.09467932166698917,0.023542089737412494,metal
0.32177734375,0.06298828125,0.19654038373161764,0.04309514959416734,metal
0.234375,0.064453125,0.17150160845588236,0.028455627341631567,metal
0.27197265625,0.09423828125,0.17691276243227555,0.02722314099287,metal
0.3515625,0.07275390625,0.20360421101006193,0.037004285797022474,metal
0.29150390625,0.05322265625,0.18530764742163314,0.03667116973941921,metal
0.31640625,0.0966796875,0.16926541638448142,0.03596182954813649,metal
0.37353515625,0.06591796875,0.17962174076044893,0.039744176785826056,metal
0.46728515625,0.06591796875,0.15877568389609134,0.04686163387934967,metal
0.34228515625,0.06005859375,0.1803178816756966,0.039823299326319596,metal
0.3779296875,0.06005859375,0.16150658197078174,0.047456000596404244,metal
0.35986328125,0.0458984375,0.152409131312887,0.04549509372384177,metal
0.38916015625,0.05078125,0.19161335381191952,0.050785613351194143,metal
0.2490234375,0.0390625,0.10698310214299536,0.03212733487949699,metal
0.2744140625,0.0341796875,0.13178756288699692,0.0415630192775949,metal
0.31640625,0.041015625,0.12833369110390866,0.04231652428962331,metal
0.2861328125,0.01904296875,0.12610316793246903,0.044944668338700276,metal
0.3251953125,0.087890625,0.19822933799342105,0.043130432705475535,metal
0.25439453125,0.03662109375,0.12830912587074303,0.028415863847339663,metal
0.38623046875,0.07080078125,0.17996187475812694,0.03624211325026643,metal
0.40087890625,0.0361328125,0.16334179385158668,0.05784401945485649,metal
0.111328125,0.0166015625,0.051203016157120744,0.017525483005144196,metal
0.35791015625,0.03857421875,0.12520937137190402,0.042488791984233026,metal
0.3291015625,0.0341796875,0.14816085768188855,0.03936755997272909,metal
0.275390625,0.01416015625,0.10000733177728328,0.047871586088114135,metal
0.5634765625,0.06005859375,0.16091248125483745,0.05765645595689141,metal
0.38818359375,0.0244140625,0.1628051379885836,0.05653775135487852,metal
0.35986328125,0.0576171875,0.16050318667763158,0.04887139682819978,metal
0.40966796875,0.03955078125,0.12365873826915634,0.04131511876307029,metal
0.3125,0.01025390625,0.14832790126741485,0.059041846333270094,metal
0.201171875,0.0068359375,0.08829727409055728,0.04019643136162426,metal
0.4052734375,0.05078125,0.16644079249709753,0.046304033099206235,metal
0.23583984375,0.03564453125,0.13738125544214397,0.032912748338111274,metal
0.29931640625,0.05419921875,0.15180860584365324,0.03138911017468492,metal
0.47998046875,0.02685546875,0.17731298676954335,0.06290043957582503,metal
0.33349609375,0.0546875,0.17124877551760836,0.04077768209285232,metal
0.49951171875,0.01611328125,0.1442818184017028,0.06215697131575126,metal
0.2451171875,0.080078125,0.16373219209558823,0.03061478256156244,metal
0.36279296875,0.09619140625,0.17811948227070434,0.0419342925437274,metal
0.31982421875,0.0791015625,0.17660928732101394,0.027827149127935137,metal
0.3125,0.103515625,0.19402490385545665,0.027590839471126585,metal
0.279296875,0.0810546875,0.17751366582817338,0.02933066742797598,metal
0.37890625,0.08740234375,0.2284702738003096,0.048721283233463204,metal
0.31103515625,0.01953125,0.16221897373258515,0.04552426642134411,metal
0.28955078125,0.03564453125,0.17261573626160992,0.03428760584440443,metal
0.34326171875,0.0791015625,0.19579171101006193,0.04071171129673747,metal
0.3125,0.10302734375,0.19692586892898606,0.033532613558509075,metal
0.29248046875,0.06591796875,0.17932884759578174,0.034958637192691384,metal
0.26416015625,0.01318359375,0.14377388496517027,0.04153456396144725,metal
0.353515625,0.04931640625,0.1428422957381966,0.034063371145174125,metal
0.37451171875,0.06689453125,0.14985396913699692,0.032892969553277515,metal
0.25146484375,0.0361328125,0.13954412974071206,0.04014624339534633,metal
0.4052734375,0.05078125,0.16644079249709753,0.046304033099206235,metal
0.23583984375,0.03564453125,0.13738125544214397,0.032912748338111274,metal
0.29931640625,0.05419921875,0.15180860584365324,0.03138911017468492,metal
0.47998046875,0.02685546875,0.17731298676954335,0.06290043957582503,metal
0.33349609375,0.0546875,0.17124877551760836,0.04077768209285232,metal
0.49951171875,0.01611328125,0.1442818184017028,0.06215697131575126,metal
0.2373046875,0.02978515625,0.12015875943304953,0.03841475963498382,metal
0.34619140625,0.041015625,0.13075015419407895,0.0418494982610602,metal
0.15625,0.00830078125,0.05379181380611455,0.02598138017131214,metal
0.4482421875,0.01904296875,0.14287668706462847,0.06221136365525387,metal
0.59130859375,0.04443359375,0.15380519241002322,0.05464209441438135,metal
0.27392578125,0.0341796875,0.11682733588912539,0.03924978151689941,metal
0.302734375,0.033203125,0.12134280367163312,0.04278340857391909,metal
0.3525390625,0.02392578125,0.13497272881191952,0.05791138186429692,metal
0.341796875,0.01416015625,0.08889326443982198,0.03932209341487458,metal
0.359375,0.0322265625,0.16254058932372292,0.053563896863959425,metal
0.3291015625,0.05126953125,0.15998467129450464,0.034730606650250746,metal
0.3173828125,0.025390625,0.13186541577979877,0.046354466994245974,metal
0.35693359375,0.0361328125,0.14390615929760062,0.04460432236376251,metal
0.52734375,0.03125,0.14412119956946595,0.053472713662802505,metal
0.21875,0.048828125,0.12199056997387771,0.02780910931415909,metal
0.263671875,0.05029296875,0.1413173616486068,0.03138005003061785,metal
0.30908203125,0.0244140625,0.1229134668875774,0.04477491393495899,metal
0.39013671875,0.0400390625,0.13858495186726005,0.0459573222247587,metal
0.36767578125,0.07177734375,0.15778135884287925,0.039394280650209876,metal
0.39599609375,0.03955078125,0.15904401182759287,0.04622086101012997,metal
0.37890625,0.072265625,0.18681330725135448,0.043127939458850975,metal
0.296875,0.00634765625,0.09242007606907894,0.046078544822066386,metal
0.14697265625,0.0078125,0.046570013182082044,0.026461036518032114,metal
0.240234375,0.0146484375,0.08467824835526316,0.04223389435433258,metal
0.28125,0.03173828125,0.12008733129353716,0.04621244200679884,metal
0.3154296875,0.03759765625,0.09332936762287151,0.03304677934461374,metal
0.29052734375,0.056640625,0.14164653577302633,0.039843251002779204,metal
0.5634765625,0.06005859375,0.16091248125483745,0.05765645595689141,metal
0.3115234375,0.03076171875,0.12103592722039473,0.04877973941713198,metal
0.39697265625,0.0146484375,0.12823996529121517,0.05962516606316832,metal
0.24951171875,0.01123046875,0.08620620585816563,0.04458004966640147,metal
0.26025390625,0.00537109375,0.11576498403637771,0.06058348059520881,metal
0.34228515625,0.01025390625,0.1080065275493421,0.05655816828667865,metal
0.6767578125,0.0068359375,0.12676680715460525,0.09723434236558502,pop
0.7939453125,0.00537109375,0.14947642039957432,0.0990904806192522,pop
0.4462890625,0.00927734375,0.11886851780185759,0.07595188838513403,pop
0.4736328125,0.01611328125,0.08535171367066563,0.04578306200615873,pop
0.52197265625,0.0224609375,0.12376304602844428,0.07141076175717492,pop
0.40185546875,0.021484375,0.10678053345104489,0.04953827779448168,pop
0.419921875,0.0078125,0.06769535785119969,0.052067686155297964,pop
0.51025390625,0.00830078125,0.08234492913119196,0.048819085661004534,pop
0.67626953125,0.01806640625,0.1213038772252322,0.08898516427038436,pop
0.59765625,0.04443359375,0.17281943873355263,0.06553407755010623,pop
0.384765625,0.0078125,0.06621728666795666,0.04725199819682986,pop
0.509765625,0.02099609375,0.08712532350522446,0.05341270035424552,pop
0.45166015625,0.03759765625,0.12593423471362228,0.057999375041057045,pop
0.36328125,0.00390625,0.05165917364067337,0.039822200395237636,pop
0.35302734375,0.01220703125,0.0880610699255031,0.03587671137964071,pop
0.77099609375,0.01708984375,0.14158379994678794,0.08348704875700591,pop
0.51904296875,0.01513671875,0.15341592794601394,0.08587397567031377,pop
0.3251953125,0.029296875,0.12622977336493807,0.05007069434081561,pop
0.74169921875,0.0185546875,0.12773467734133126,0.07461155724662408,pop
0.77685546875,0.01904296875,0.15605347813467493,0.10766473333368086,pop
0.6484375,0.0283203125,0.17974985789957432,0.08198335622865997,pop
0.521484375,0.013671875,0.1870177655766254,0.08869752106767362,pop
0.7802734375,0.0205078125,0.14153920460042568,0.08343343157514205,pop
0.6923828125,0.00830078125,0.17767428466041021,0.1002428898996104,pop
0.75244140625,0.009765625,0.14452671488003097,0.08253261216542591,pop
0.74951171875,0.01611328125,0.10574085719814241,0.08759545864588295,pop
0.61376953125,0.02001953125,0.10354207986648607,0.06235762847890135,pop
0.390625,0.0126953125,0.1019147276509288,0.05316040356220532,pop
0.38330078125,0.021484375,0.1212698638254644,0.05813059690475291,pop
0.3896484375,0.02001953125,0.11157037599167957,0.05516761840122668,pop
0.63037109375,0.03271484375,0.14873984133126936,0.06785776800372194,pop
0.6396484375,0.04150390625,0.15291026206946595,0.06874453079058775,pop
0.79638671875,0.017578125,0.22873671209849072,0.1366127977782069,pop
0.591796875,0.0302734375,0.13706266326431887,0.049297444635297116,pop
0.7236328125,0.017578125,0.131055518938661,0.08485049866428761,pop
0.55859375,0.0185546875,0.15937998863196595,0.06434464116516651,pop
0.849609375,0.0078125,0.1151153281008127,0.09077523071222171,pop
0.60107421875,0.04736328125,0.16482477808146284,0.06194899609210134,pop
0.6015625,0.01806640625,0.14652330144640094,0.07452642432824119,pop
0.70068359375,0.02978515625,0.18717800648219815,0.10335570101726092,pop
0.20556640625,0.009765625,0.0958112120259288,0.0384322173955777,pop
0.54638671875,0.0107421875,0.0753657574255031,0.055286892803981746,pop
0.5576171875,0.0244140625,0.14374780802534828,0.07551759320047853,pop
0.51904296875,0.009765625,0.1032971833881579,0.07288589019101249,pop
0.49267578125,0.01220703125,0.135637501814048,0.07431593239031764,pop
0.57470703125,0.0068359375,0.12498941805340558,0.08603753371603301,pop
0.59375,0.00634765625,0.12218028915924922,0.08498150318899325,pop
0.65966796875,0.013671875,0.12735523897058823,0.06973665898059997,pop
0.54150390625,0.0380859375,0.21071452326818885,0.09231647542984274,pop
0.7177734375,0.00634765625,0.06614018962848298,0.06136431114768753,pop
0.66259765625,0.01123046875,0.1186580126499613,0.08799772591675754,pop
0.716796875,0.037109375,0.23004509420955882,0.1115601856803759,pop
0.57421875,0.009765625,0.15600737108165635,0.10369340003104864,pop
0.7666015625,0.0185546875,0.10700086469620743,0.09702451420472964,pop
0.6650390625,0.00927734375,0.13602223115808823,0.09140449231594258,pop
0.79736328125,0.01318359375,0.16739883659055727,0.1340251424355649,pop
0.75390625,0.005859375,0.14562421391253869,0.13077850513533304,pop
0.5673828125,0.009765625,0.15406445010158668,0.10243915143345804,pop
0.68212890625,0.0166015625,0.14575422068498453,0.10831296937395703,pop
0.736328125,0.00439453125,0.14478748427825078,0.12835208210972282,pop
0.6650390625,0.00927734375,0.13602223115808823,0.09140449231594258,pop
0.78466796875,0.0068359375,0.11195132606907894,0.08741418361769308,pop
0.263671875,0.02734375,0.09820877878289473,0.03577884501724589,pop
0.22021484375,0.01904296875,0.07464656298374613,0.025637080539983016,pop
0.69482421875,0.048828125,0.205950001814048,0.11147007658987343,pop
0.5361328125,0.0048828125,0.10014338537635449,0.06023898969619625,pop
0.4189453125,0.017578125,0.09974656237906347,0.0544008387510597,pop
0.67041015625,0.0205078125,0.19104230662248453,0.11539418739104917,pop
0.7138671875,0.013671875,0.15505650759481424,0.10557602048645401,pop
0.3212890625,0.0166015625,0.09549942252805728,0.051514945594883295,pop
0.46337890625,0.00732421875,0.13644399731520898,0.08527817711769424,pop
0.67041015625,0.0205078125,0.19104230662248453,0.11539418739104917,pop
0.4140625,0.0390625,0.13165642233455882,0.0510417805484458,pop
0.59423828125,0.00634765625,0.16189735814144737,0.08461007200126341,pop
0.74609375,0.0205078125,0.1308480372000774,0.10671303271369453,pop
0.69287109375,0.03173828125,0.15924053369291796,0.09825617698213585,pop
0.58447265625,0.00634765625,0.14281924221168732,0.08201173828453147,pop
0.7060546875,0.02001953125,0.21392576613293343,0.11606557221244702,pop
0.67138671875,0.0078125,0.14272098127902477,0.09283304265737555,pop
0.67431640625,0.00390625,0.07255095963138544,0.07490883312033969,pop
0.62255859375,0.013671875,0.1275974899622678,0.06983669051193582,pop
0.3759765625,0.02294921875,0.08601724252612229,0.04229347117417399,pop
0.365234375,0.02197265625,0.1003391513883514,0.05975121796205029,pop
0.39453125,0.0244140625,0.08429578657120743,0.04035524591315496,pop
0.80126953125,0.005859375,0.13586614744582043,0.11821614924974304,pop
0.4287109375,0.00439453125,0.1220960115131579,0.07674440495887433,pop
0.5458984375,0.041015625,0.18523244001547987,0.07679396298969991,pop
0.6484375,0.0244140625,0.1464783281733746,0.08836463346109234,pop
0.7548828125,0.00927734375,0.17203410712558048,0.1055784682183664,pop
0.55810546875,0.01220703125,0.16573822682856038,0.09891643065449823,pop
0.6474609375,0.0234375,0.14755995428599072,0.08846918969243606,pop
0.74560546875,0.017578125,0.1668300569611068,0.09941433929321998,pop
0.595703125,0.01171875,0.14535890939434984,0.07793121615609189,pop
0.51953125,0.0322265625,0.1316624691611842,0.05899813120011993,pop
0.5322265625,0.02880859375,0.12854835344910992,0.059247529474173964,pop
0.5439453125,0.00732421875,0.10639353654702012,0.06583206529646518,pop
0.48388671875,0.005859375,0.10534554590750773,0.06440893787505508,pop
0.7978515625,0.00439453125,0.13724822525638544,0.14166575104819387,pop
0.671875,0.0244140625,0.18310584667666407,0.088114889256061,pop
0.40869140625,0.0126953125,0.09601491449787151,0.06038996347141779,pop
0.2197265625,0.02001953125,0.09781082200561146,0.03579468036068824,reggae
0.29248046875,0.01513671875,0.06396144241002322,0.036835097891346,reggae
0.31005859375,0.0107421875,0.07512652984713622,0.04207189472459372,reggae
0.38134765625,0.0068359375,0.08493448263351393,0.06347003014835992,reggae
0.39990234375,0.009765625,0.08446849905669504,0.04918898307252047,reggae
0.3095703125,0.0068359375,0.07305095660797213,0.04155342918074895,reggae
0.45849609375,0.00634765625,0.060822383538119196,0.05101173401405865,reggae
0.3828125,0.0048828125,0.07391149562209752,0.044730506407744765,reggae
0.49267578125,0.00732421875,0.06947274695239938,0.045968972309658976,reggae
0.29833984375,0.0048828125,0.06057597535313467,0.04951183818621845,reggae
0.52587890625,0.0166015625,0.10279038373161764,0.07014406672519193,reggae
0.376953125,0.0078125,0.07032270401993033,0.03830244686763856,reggae
0.5869140625,0.0078125,0.1137952302631579,0.08840022252356414,reggae
0.42919921875,0.00537109375,0.07054114563177244,0.05929702345633586,reggae
0.5380859375,0.0048828125,0.06411563648897059,0.05822072335346724,reggae
0.37255859375,0.00830078125,0.06821916420762383,0.04309297372704605,reggae
0.21484375,0.00537109375,0.07927087364551083,0.03588569373134594,reggae
0.462890625,0.00244140625,0.07796513702109133,0.05959570950443023,reggae
0.43505859375,0.005859375,0.07739862495162539,0.05845871678912975,reggae
0.55615234375,0.005859375,0.07129926651993033,0.06445115865730949,reggae
0.4931640625,0.00439453125,0.05678045786571207,0.04789884175603162,reggae
0.25439453125,0.015625,0.09286754123935759,0.039902825540715704,reggae
0.35595703125,0.00732421875,0.0723423441128096,0.03569558494854113,reggae
0.58203125,0.0048828125,0.1202902779121517,0.09112250223852493,reggae
0.3974609375,0.0068359375,0.0721775680872678,0.05171073026795023,reggae
0.4072265625,0.0048828125,0.07374974300986842,0.051299621555574666,reggae
0.22412109375,0.0048828125,0.07455850607101393,0.047762171574204,reggae
0.50537109375,0.0078125,0.08737815644349846,0.07514190382036555,reggae
0.3798828125,0.00732421875,0.06783783620356038,0.06378219731575013,reggae
0.1396484375,0.0087890625,0.04367887420181889,0.02332330172149772,reggae
0.45166015625,0.0068359375,0.07047840980553406,0.06953823215658099,reggae
0.20263671875,0.0068359375,0.05862247242647059,0.040125812220501475,reggae
0.21923828125,0.0107421875,0.0658639252370356,0.03831987556988722,reggae
0.54345703125,0.00830078125,0.059147790489551086,0.06101540799930658,reggae
0.25634765625,0.00439453125,0.04461386476876935,0.028460355880413568,reggae
0.314453125,0.00732421875,0.061317467468072755,0.04246129247250051,reggae
0.2578125,0.00634765625,0.05923924874226006,0.044961716386086814,reggae
0.26953125,0.00634765625,0.06328759916795666,0.05206298795170147,reggae
0.3603515625,0.00732421875,0.0655547812258127,0.05124306271332017,reggae
0.1298828125,0.0048828125,0.02594957853618421,0.018791419961418688,reggae
0.56494140625,0.01708984375,0.10104549632352941,0.08690607634035401,reggae
0.31787109375,0.0048828125,0.05904763992356811,0.03767263328559756,reggae
0.40283203125,0.00634765625,0.10571062306501548,0.057513855159720136,reggae
0.181640625,0.009765625,0.07602637323432662,0.033675190594016,reggae
0.373046875,0.0107421875,0.08757694586880804,0.050584796549271165,reggae
0.71630859375,0.01416015625,0.22392041469136997,0.09241312543894102,reggae
0.328125,0.0107421875,0.08097759046052631,0.051526130824463875,reggae
0.53515625,0.0068359375,0.1149788965750774,0.07017387461748197,reggae
0.5419921875,0.0078125,0.11121021188080496,0.07094721929625661,reggae
0.45849609375,0.01220703125,0.08073911873548761,0.04923545480842872,reggae
0.4990234375,0.00537109375,0.12710883078560373,0.09335015184822179,reggae
0.5302734375,0.00439453125,0.27482940390383126,0.16938005266985642,reggae
0.55517578125,0.01025390625,0.13413826673761609,0.09848473106054367,reggae
0.45654296875,0.0048828125,0.08977950246710527,0.08659562758269188,reggae
0.5361328125,0.00634765625,0.10153566720684984,0.08207393234680609,reggae
0.416015625,0.00732421875,0.0822270160119969,0.05415496678426754,reggae
0.41357421875,0.0068359375,0.08318468217879257,0.055350395491732526,reggae
0.54345703125,0.00537109375,0.07889861588138544,0.05717966768115937,reggae
0.65576171875,0.00634765625,0.11201028262867647,0.08852550926515093,reggae
0.59228515625,0.0107421875,0.11742559379837461,0.06140480231984907,reggae
0.5986328125,0.02099609375,0.11853254099748452,0.07775228450303662,reggae
0.6298828125,0.01318359375,0.1335615506482198,0.08103398711275576,reggae
0.35498046875,0.00439453125,0.06088285180437306,0.05410309808913386,reggae
0.44970703125,0.0048828125,0.0833796923374613,0.04718642927251708,reggae
0.5380859375,0.005859375,0.10088072029798761,0.08721834163536085,reggae
0.29638671875,0.0078125,0.08281998294794891,0.052548488565404936,reggae
0.2724609375,0.01123046875,0.06711183908184984,0.035780370271778335,reggae
0.20263671875,0.00537109375,0.06049774453366873,0.03252700210273019,reggae
0.44384765625,0.005859375,0.07786158511513158,0.055757234590360166,reggae
0.57373046875,0.00537109375,0.08041447973103716,0.05618300810164227,reggae
0.2177734375,0.00634765625,0.06099963114357585,0.03435669048469414,reggae
0.6142578125,0.00732421875,0.12166630889609133,0.10428591542679047,reggae
0.55615234375,0.0068359375,0.13607514089106038,0.08655133705950373,reggae
0.2763671875,0.00732421875,0.05106696255804954,0.029544396890259724,reggae
0.2763671875,0.0078125,0.051022745138351394,0.02961135106819544,reggae
0.47412109375,0.0126953125,0.13506002987132354,0.054856134932716225,reggae
0.46484375,0.00390625,0.08827233093072756,0.07635196516638545,reggae
0.23388671875,0.00732421875,0.06091951069078947,0.03629368485464639,reggae
0.31201171875,0.00439453125,0.09380782277960527,0.052912457238999254,reggae
0.5576171875,0.0087890625,0.18643386888061145,0.11089932004705305,reggae
0.48486328125,0.00634765625,0.09431537828947369,0.07066754984854563,reggae
0.5234375,0.005859375,0.0994389300744969,0.07508152885551328,reggae
0.5234375,0.005859375,0.0994389300744969,0.07508152885551328,reggae
0.27978515625,0.009765625,0.07119609254063468,0.052428499629134706,reggae
0.40087890625,0.01220703125,0.07602221604102168,0.03889219076157057,reggae
0.34228515625,0.0078125,0.09941020764802631,0.06202163933407184,reggae
0.3232421875,0.009765625,0.2602225383368808,0.11250027306805091,reggae
0.7138671875,0.0048828125,0.1218802153879644,0.10951695867506624,reggae
0.64208984375,0.03759765625,0.18931631554760062,0.08509864811734172,reggae
0.15576171875,0.00048828125,0.03803831874032508,0.026561536380940772,reggae
0.48486328125,0.00732421875,0.13065151533475233,0.09885469574750745,reggae
0.40869140625,0.01904296875,0.12388965146091331,0.04818122652856555,reggae
0.39306640625,0.01220703125,0.12004009046052631,0.046923070042571915,reggae
0.3349609375,0.009765625,0.08934072961010062,0.04462972391776663,reggae
0.38330078125,0.021484375,0.09566646611358359,0.05108440476826419,reggae
0.427734375,0.02294921875,0.10321517330205109,0.05123071935770796,reggae
0.29736328125,0.0068359375,0.07962990397639319,0.06443671932503761,reggae
0.3828125,0.021484375,0.09403079951141641,0.04153411097945919,reggae
0.20361328125,0.005859375,0.06482538276412539,0.04142857278995524,reggae
0.2998046875,0.0087890625,0.13958721338041796,0.06456079525441209,reggae
0.2724609375,0.01318359375,0.09019522179760062,0.04045990416296029,rock
0.306640625,0.009765625,0.054981526944659444,0.029165058446442287,rock
0.30615234375,0.00830078125,0.0767569054760062,0.047500401201067785,rock
0.27734375,0.00634765625,0.04309724506578947,0.03065007736724035,rock
0.2939453125,0.0087890625,0.04109914679276316,0.03642771763540523,rock
0.14306640625,0.0205078125,0.07701994243421052,0.01786228881351821,rock
0.275390625,0.0185546875,0.0872942567240712,0.03640515147997517,rock
0.32763671875,0.01318359375,0.04718867913119195,0.03225144107326819,rock
0.1357421875,0.0380859375,0.0849809676131966,0.01758438500609017,rock
0.12890625,0.0078125,0.04254093701625387,0.019729796434762095,rock
0.4072265625,0.01220703125,0.07170251427051083,0.04235086299071824,rock
0.3662109375,0.01611328125,0.05433413856907895,0.04011039565297944,rock
0.423828125,0.0068359375,0.06819006385448917,0.05652586771788083,rock
0.3251953125,0.0029296875,0.046099872411958204,0.03847871738150854,rock
0.56201171875,0.00732421875,0.08359435468266253,0.07475118088407692,rock
0.5380859375,0.005859375,0.11420150142705109,0.08064180492087063,rock
0.353515625,0.04931640625,0.1428422957381966,0.034063371145174125,rock
0.32080078125,0.05712890625,0.14058758526025542,0.034043832032853064,rock
0.4521484375,0.02978515625,0.11580542218943499,0.05007797507329598,rock
0.2529296875,0.025390625,0.12819952713815788,0.04338128100114103,rock
0.3916015625,0.029296875,0.11758961397058823,0.05075101006941557,rock
0.5380859375,0.04052734375,0.12160357306985294,0.05365369660669163,rock
0.3544921875,0.0458984375,0.13848895849458204,0.04709141984731301,rock
0.3310546875,0.03271484375,0.11561872641737617,0.04864604524131928,rock
0.28564453125,0.05908203125,0.1434492459607198,0.044826109725764195,rock
0.40185546875,0.0615234375,0.15789020172213622,0.04380584486949259,rock
0.365234375,0.04150390625,0.1229387879740712,0.0464061017224046,rock
0.572265625,0.017578125,0.13342209570917182,0.06750774555913243,rock
0.31005859375,0.0146484375,0.101985399937113,0.036763591749087346,rock
0.31982421875,0.02294921875,0.11148874383223684,0.04764056361159109,rock
0.48828125,0.017578125,0.11496000024187307,0.06064547022684396,rock
0.62646484375,0.0419921875,0.13247236600232198,0.05609912463772885,rock
0.31201171875,0.01220703125,0.1154928768382353,0.04084295370766221,rock
0.18701171875,0.01513671875,0.07488654641544118,0.026566325008142818,rock
0.3359375,0.01025390625,0.13500787599167957,0.039044679009002006,rock
0.13427734375,0.0087890625,0.05698831753095975,0.02508938524748551,rock
0.3349609375,0.03173828125,0.14617523098877708,0.048830456944891146,rock
0.42626953125,0.0419921875,0.14631922104779413,0.04932168046062832,rock
0.3583984375,0.0126953125,0.14055017052051083,0.059517006653526716,rock
0.328125,0.03369140625,0.12278761730843653,0.03719205817919847,rock
0.46826171875,0.0380859375,0.14474440063854488,0.05888352646119437,rock
0.68017578125,0.03515625,0.14837174076044893,0.057533435997820466,rock
0.4609375,0.0302734375,0.13764807166698917,0.06527708792629394,rock
0.48681640625,0.02294921875,0.1440289854634288,0.0515362582338461,rock
0.17529296875,0.017578125,0.06892966633610681,0.02259931937890501,rock
0.173828125,0.0126953125,0.0789651309742647,0.028514953953391715,rock
0.32763671875,0.02685546875,0.11816519627999227,0.04095600646531712,rock
0.72265625,0.04638671875,0.15630366558630032,0.07172893017666518,rock
0.1708984375,0.0166015625,0.0852647905379257,0.027931869075814148,rock
0.2841796875,0.013671875,0.09130519241002322,0.05402112858330844,rock
0.3994140625,0.0029296875,0.053289549269543345,0.038167198921508855,rock
0.546875,0.0234375,0.12080841536861456,0.07633106990792465,rock
0.6142578125,0.00439453125,0.08860566224845201,0.08180662200953713,rock
0.54052734375,0.06591796875,0.18757331777283281,0.0597269165876384,rock
0.6103515625,0.00927734375,0.13243306162925697,0.08545430203837505,rock
0.14794921875,0.015625,0.06657442736551858,0.01914904382641585,rock
0.49462890625,0.0361328125,0.17756393007449692,0.06830820018954872,rock
0.54248046875,0.03564453125,0.1751028716379644,0.06284308846736006,rock
0.44091796875,0.01806640625,0.09894309029121517,0.0652177098363773,rock
0.43408203125,0.02001953125,0.0865675037490325,0.051793201001277815,rock
0.39453125,0.0439453125,0.13467605638061145,0.05110739182683494,rock
0.41064453125,0.0166015625,0.06909104102167182,0.04856639905059231,rock
0.45556640625,0.01708984375,0.10857001620549536,0.06711174362166812,rock
0.384765625,0.005859375,0.0558345074255031,0.052965759619781186,rock
0.30712890625,0.02880859375,0.10637615192047213,0.03837688856796206,rock
0.2333984375,0.0263671875,0.12912129027186534,0.037642059507877836,rock
0.4072265625,0.01611328125,0.10714712231520898,0.05310745450036061,rock
0.4794921875,0.02783203125,0.11991915392801858,0.06038745968815309,rock
0.44775390625,0.03173828125,0.11828008598587461,0.05049723251551037,rock
0.41015625,0.0361328125,0.13768964360003869,0.0648752849021871,rock
0.45654296875,0.02294921875,0.13914088199013158,0.06009002255244837,rock
0.2705078125,0.0078125,0.09080821884674922,0.0352010142285623,rock
0.44140625,0.01123046875,0.08172853074206657,0.051569455537382264,rock
0.42529296875,0.0244140625,0.11005866933533281,0.04937794393398152,rock
0.2763671875,0.0302734375,0.09116309198432662,0.031947989727008116,rock
0.427734375,0.015625,0.11154543283184984,0.056584405102608856,rock
0.4365234375,0.01416015625,0.0712066744872291,0.05415043952152889,rock
0.3173828125,0.02099609375,0.10627675720781733,0.0416932912531623,rock
0.51904296875,0.0107421875,0.07173048084365326,0.057368822141134555,rock
0.267578125,0.02490234375,0.1091164981617647,0.039278684960719484,rock
0.3837890625,0.04931640625,0.1496808787248452,0.048271842059170685,rock
0.5361328125,0.0322265625,0.13617340182372292,0.059562194813484313,rock
0.5361328125,0.0458984375,0.1837358504256966,0.06421168811155313,rock
0.251953125,0.02880859375,0.09280102614647832,0.028483830875753166,rock
0.4443359375,0.03173828125,0.13921608939628483,0.06439714613769387,rock
0.51171875,0.02001953125,0.12098982016737617,0.061067716478845076,rock
0.56884765625,0.02294921875,0.14632451202109134,0.07490004633215779,rock
0.271484375,0.037109375,0.12858085514222137,0.028114556859898925,rock
0.53076171875,0.03369140625,0.16178095672890866,0.060391827901674064,rock
0.44482421875,0.0166015625,0.0732932075996517,0.04208430253745286,rock
0.42431640625,0.029296875,0.1206425055630805,0.042100724366107546,rock
0.3525390625,0.0380859375,0.15018352118808048,0.04258267610020258,rock
0.29931640625,0.0810546875,0.15094504341621517,0.031195736048494384,rock
0.21875,0.03076171875,0.09836637420181889,0.026133221737026716,rock
0.23779296875,0.04150390625,0.14670470624516255,0.03192306094204864,rock
0.31884765625,0.02197265625,0.08926665598393962,0.03610640992682045,rock
0.1953125,0.01171875,0.0976588954866486,0.029462377052617658,rock
0.314453125,0.0263671875,0.12182428224167957,0.04120224485352374,rock
0.19384765625,0.0087890625,0.04873137577399381,0.028427600986249267,rock
0.2373046875,0.00732421875,0.07628978811919504,0.0466082884383466,rock
